timestamp,symbol,mid_price,micro_price,spread,spread_bps,bid_p1,bid_v1,bid_n1,bid_p2,bid_v2,bid_n2,bid_p3,bid_v3,bid_n3,bid_p4,bid_v4,bid_n4,bid_p5,bid_v5,bid_n5,ask_p1,ask_v1,ask_n1,ask_p2,ask_v2,ask_n2,ask_p3,ask_v3,ask_n3,ask_p4,ask_v4,ask_n4,ask_p5,ask_v5,ask_n5,obi_l1,obi_l5,toxic_flow_flag
2026-09-29T15:42:14.722339+00:00,^NSEI,25904.95,25904.9474,0.2,0.08,25904.85,294,5,25904.8,928,37,25904.75,520,30,25904.7,848,20,25904.65,588,39,25905.05,310,14,25905.1,949,33,25905.15,1081,25,25905.2,1598,27,25905.25,672,17,-0.0265,-0.1839,False
2026-09-29T15:42:14.872339+00:00,^NSEBANK,54128.2,54128.2108,0.1,0.02,54128.15,797,17,54128.1,819,43,54128.05,492,27,54128.0,1085,54,54127.95,965,50,54128.25,513,24,54128.3,600,22,54128.35,1379,43,54128.4,1790,35,54128.45,901,53,0.2168,-0.1097,False
2026-09-29T15:42:15.022339+00:00,RELIANCE.NS,3023.63,3023.5874,0.2,0.66,3023.53,202,7,3023.48,764,13,3023.43,497,20,3023.38,1487,87,3023.33,1386,51,3023.73,502,9,3023.78,842,31,3023.83,1290,24,3023.88,982,16,3023.93,2158,113,-0.4261,-0.1422,False
2026-09-29T15:42:15.172339+00:00,HDFCBANK.NS,1676.83,1676.8075,0.1,0.6,1676.78,299,8,1676.73,758,44,1676.68,1482,34,1676.63,371,7,1676.58,2214,110,1676.88,789,15,1676.93,524,13,1676.98,1254,24,1677.03,1428,30,1677.08,1103,38,-0.4504,0.0025,False
2026-09-29T15:42:15.322339+00:00,^NSEI,25886.43,25886.4371,0.1,0.04,25886.38,379,9,25886.33,646,11,25886.28,427,8,25886.23,850,16,25886.18,1789,39,25886.48,285,12,25886.53,943,17,25886.58,385,7,25886.63,1677,98,25886.68,1470,32,0.1416,-0.0756,False
2026-09-29T15:42:15.472339+00:00,^NSEBANK,54133.83,54133.8251,0.2,0.04,54133.73,447,27,54133.68,820,39,54133.63,1119,74,54133.58,603,10,54133.53,1411,39,54133.93,493,23,54133.98,832,22,54134.03,547,18,54134.08,935,18,54134.13,968,27,-0.0489,0.0765,False
2026-09-29T15:42:15.622339+00:00,RELIANCE.NS,3023.34,3023.3429,0.2,0.66,3023.24,598,15,3023.19,672,18,3023.14,938,31,3023.09,1229,21,3023.04,532,12,3023.44,564,18,3023.49,849,30,3023.54,1022,26,3023.59,1717,66,3023.64,1954,51,0.0293,-0.2121,False
2026-09-29T15:42:15.772339+00:00,HDFCBANK.NS,1679.3,1679.3773,0.2,1.19,1679.2,1047,17,1679.15,1030,18,1679.1,2527,87,1679.05,2060,45,1679.0,2308,51,1679.4,134,2,1679.45,108,2,1679.5,287,4,1679.55,174,7,1679.6,393,14,0.7731,0.7823,True
2026-09-29T15:42:15.922339+00:00,^NSEI,25851.45,25851.4343,0.2,0.08,25851.35,204,4,25851.3,482,21,25851.25,600,21,25851.2,1861,33,25851.15,1808,51,25851.55,280,6,25851.6,607,12,25851.65,925,16,25851.7,1109,19,25851.75,602,30,-0.157,0.1689,False
2026-09-29T15:42:16.072339+00:00,^NSEBANK,54118.49,54118.4853,0.2,0.04,54118.39,409,10,54118.34,498,13,54118.29,598,33,54118.24,834,55,54118.19,1262,36,54118.59,449,13,54118.64,259,4,54118.69,511,11,54118.74,1872,74,54118.79,1917,32,-0.0466,-0.1634,False
2026-09-29T15:42:16.222339+00:00,RELIANCE.NS,3020.84,3020.8305,0.1,0.33,3020.79,416,9,3020.74,456,8,3020.69,1383,24,3020.64,1729,38,3020.59,658,16,3020.89,612,29,3020.94,1081,32,3020.99,687,14,3021.04,625,25,3021.09,890,19,-0.1907,0.0875,False
2026-09-29T15:42:16.372339+00:00,HDFCBANK.NS,1676.59,1676.6677,0.2,1.19,1676.49,637,13,1676.44,610,20,1676.39,1429,23,1676.34,2508,52,1676.29,1396,43,1676.69,80,2,1676.74,56,1,1676.79,254,4,1676.84,347,14,1676.89,428,14,0.7768,0.6992,True
2026-09-29T15:42:16.522339+00:00,^NSEI,25835.91,25835.8931,0.3,0.12,25835.76,606,13,25835.71,917,16,25835.66,541,9,25835.61,533,10,25835.56,1164,24,25836.06,760,18,25836.11,964,26,25836.16,1117,65,25836.21,397,12,25836.26,1341,89,-0.1127,-0.0981,False
2026-09-29T15:42:16.672339+00:00,^NSEBANK,54216.82,54216.8118,0.2,0.04,54216.72,455,15,54216.67,632,37,54216.62,697,33,54216.57,368,8,54216.52,1965,46,54216.92,536,19,54216.97,967,43,54217.02,1160,41,54217.07,1504,28,54217.12,1218,33,-0.0817,-0.1334,False
2026-09-29T15:42:16.822339+00:00,RELIANCE.NS,3025.23,3025.2203,0.2,0.66,3025.13,589,19,3025.08,262,17,3025.03,554,15,3024.98,1339,49,3024.93,1478,36,3025.33,716,15,3025.38,659,27,3025.43,292,5,3025.48,1015,20,3025.53,700,41,-0.0973,0.1105,False
2026-09-29T15:42:16.972339+00:00,HDFCBANK.NS,1675.24,1675.2348,0.1,0.6,1675.19,508,11,1675.14,632,22,1675.09,326,6,1675.04,564,13,1674.99,1733,36,1675.29,627,21,1675.34,400,12,1675.39,752,13,1675.44,1696,77,1675.49,879,32,-0.1048,-0.0728,False
2026-09-29T15:42:17.122339+00:00,^NSEI,25868.36,25868.3511,0.1,0.04,25868.31,492,25,25868.26,845,40,25868.21,469,10,25868.16,1240,29,25868.11,666,19,25868.41,706,23,25868.46,1041,69,25868.51,615,10,25868.56,1626,37,25868.61,1722,31,-0.1786,-0.2121,False
2026-09-29T15:42:17.272339+00:00,^NSEBANK,54202.01,54201.9926,0.3,0.06,54201.86,454,9,54201.81,549,9,54201.76,619,24,54201.71,1269,66,54201.66,1598,59,54202.16,573,11,54202.21,401,11,54202.26,399,10,54202.31,486,30,54202.36,557,15,-0.1159,0.3002,False
2026-09-29T15:42:17.422339+00:00,RELIANCE.NS,3015.87,3015.8429,0.1,0.33,3015.82,221,7,3015.77,333,18,3015.72,343,6,3015.67,660,13,3015.62,842,25,3015.92,744,37,3015.97,571,38,3016.02,1371,37,3016.07,1858,33,3016.12,1083,19,-0.542,-0.4022,False
2026-09-29T15:42:17.572339+00:00,HDFCBANK.NS,1676.07,1676.0915,0.2,1.19,1675.97,722,28,1675.92,1057,19,1675.87,1130,40,1675.82,1337,55,1675.77,428,10,1676.17,466,9,1676.22,819,29,1676.27,657,19,1676.32,808,38,1676.37,2108,91,0.2155,-0.0193,False
2026-09-29T15:42:17.722339+00:00,^NSEI,25867.54,25867.5511,0.2,0.08,25867.44,329,12,25867.39,814,40,25867.34,672,16,25867.29,1113,46,25867.24,1257,41,25867.64,263,6,25867.69,371,10,25867.74,885,20,25867.79,1207,44,25867.84,1260,84,0.1115,0.0244,False
2026-09-29T15:42:17.872339+00:00,^NSEBANK,54337.45,54337.3936,0.3,0.06,54337.3,181,5,54337.25,246,4,54337.2,1267,79,54337.15,1602,28,54337.1,1436,24,54337.6,399,8,54337.65,914,30,54337.7,1132,27,54337.75,1475,25,54337.8,1780,30,-0.3759,-0.0928,False
2026-09-29T15:42:18.022339+00:00,RELIANCE.NS,3023.25,3023.2589,0.1,0.33,3023.2,419,19,3023.15,587,13,3023.1,805,23,3023.05,1085,22,3023.0,596,19,3023.3,292,11,3023.35,794,16,3023.4,1442,68,3023.45,1854,77,3023.5,1330,34,0.1786,-0.2412,False
2026-09-29T15:42:18.172339+00:00,HDFCBANK.NS,1681.21,1681.2189,0.2,1.19,1681.11,577,20,1681.06,581,11,1681.01,1240,21,1680.96,1790,74,1680.91,1761,97,1681.31,483,14,1681.36,897,21,1681.41,435,9,1681.46,763,47,1681.51,809,17,0.0887,0.2744,False
2026-09-29T15:42:18.322339+00:00,^NSEI,25846.62,25846.6215,0.1,0.04,25846.57,302,20,25846.52,804,14,25846.47,910,16,25846.42,585,10,25846.37,848,21,25846.67,284,5,25846.72,303,8,25846.77,1442,46,25846.82,1052,18,25846.87,1464,34,0.0307,-0.1371,False
2026-09-29T15:42:18.472339+00:00,^NSEBANK,54098.45,54098.4668,0.1,0.02,54098.4,653,29,54098.35,801,26,54098.3,1472,77,54098.25,1104,25,54098.2,1551,73,54098.5,325,7,54098.55,342,11,54098.6,389,9,54098.65,1363,27,54098.7,1489,42,0.3354,0.1763,False
2026-09-29T15:42:18.622339+00:00,RELIANCE.NS,3015.91,3015.9984,0.2,0.66,3015.81,1382,92,3015.76,1795,105,3015.71,1822,43,3015.66,3117,155,3015.61,1688,41,3016.01,85,2,3016.06,176,4,3016.11,159,3,3016.16,152,3,3016.21,94,2,0.8841,0.8728,True
2026-09-29T15:42:18.772339+00:00,HDFCBANK.NS,1683.07,1683.0333,0.3,1.78,1682.92,286,4,1682.87,774,43,1682.82,465,22,1682.77,1311,72,1682.72,837,44,1683.22,471,19,1683.27,465,15,1683.32,1520,41,1683.37,1217,23,1683.42,993,21,-0.2444,-0.1191,False
2026-09-29T15:42:18.922339+00:00,^NSEI,25863.06,25863.0856,0.1,0.04,25863.01,718,23,25862.96,885,16,25862.91,716,16,25862.86,1269,21,25862.81,1792,85,25863.11,232,15,25863.16,240,6,25863.21,1455,32,25863.26,1250,52,25863.31,1021,36,0.5116,0.1234,False
2026-09-29T15:42:19.072339+00:00,^NSEBANK,54072.45,54072.4189,0.1,0.02,54072.4,86,1,54072.35,218,12,54072.3,95,5,54072.25,188,6,54072.2,354,7,54072.5,370,6,54072.55,1709,40,54072.6,837,29,54072.65,1717,37,54072.7,3780,130,-0.6228,-0.7988,True
2026-09-29T15:42:19.222339+00:00,RELIANCE.NS,3019.7,3019.6417,0.2,0.66,3019.6,194,6,3019.55,503,12,3019.5,1255,43,3019.45,587,34,3019.4,2226,51,3019.8,737,38,3019.85,603,10,3019.9,1096,30,3019.95,1461,30,3020.0,1330,29,-0.5832,-0.0462,False
2026-09-29T15:42:19.372339+00:00,HDFCBANK.NS,1684.45,1684.4606,0.2,1.19,1684.35,647,12,1684.3,363,6,1684.25,1333,83,1684.2,491,14,1684.15,663,31,1684.55,523,17,1684.6,400,13,1684.65,461,11,1684.7,1687,52,1684.75,887,19,0.106,-0.0618,False
2026-09-29T15:42:19.522339+00:00,^NSEI,25856.71,25856.7157,0.1,0.04,25856.66,533,12,25856.61,1132,25,25856.56,311,17,25856.51,747,24,25856.46,898,34,25856.76,424,7,25856.81,540,14,25856.86,1134,22,25856.91,1757,83,25856.96,904,16,0.1139,-0.1358,False
2026-09-29T15:42:19.672339+00:00,^NSEBANK,54311.3,54311.265,0.1,0.02,54311.25,153,3,54311.2,162,8,54311.15,70,1,54311.1,246,4,54311.05,350,6,54311.35,865,22,54311.4,897,17,54311.45,2233,43,54311.5,2131,106,54311.55,3260,75,-0.6994,-0.8107,True
2026-09-29T15:42:19.822339+00:00,RELIANCE.NS,3022.28,3022.337,0.3,0.99,3022.13,754,25,3022.08,1132,26,3022.03,617,38,3021.98,1854,33,3021.93,1702,38,3022.43,339,8,3022.48,390,9,3022.53,575,11,3022.58,998,41,3022.63,1940,64,0.3797,0.1764,False
2026-09-29T15:42:19.972339+00:00,HDFCBANK.NS,1683.28,1683.2811,0.1,0.59,1683.23,646,28,1683.18,574,9,1683.13,1502,50,1683.08,944,20,1683.03,1805,72,1683.33,617,10,1683.38,899,15,1683.43,1387,24,1683.48,989,35,1683.53,680,23,0.023,0.0895,False
2026-09-29T15:42:20.122339+00:00,^NSEI,25798.11,25798.1702,0.3,0.12,25797.96,728,12,25797.91,294,5,25797.86,813,28,25797.81,1365,91,25797.76,1903,41,25798.26,311,7,25798.31,614,10,25798.36,706,11,25798.41,853,50,25798.46,840,38,0.4013,0.2111,False
2026-09-29T15:42:20.272339+00:00,^NSEBANK,54305.58,54305.623,0.2,0.04,54305.48,782,14,54305.43,245,5,54305.38,948,19,54305.33,1073,19,54305.28,434,13,54305.68,312,15,54305.73,237,13,54305.78,1311,43,54305.83,1024,40,54305.88,1442,41,0.4296,-0.1081,False
2026-09-29T15:42:20.422339+00:00,RELIANCE.NS,3021.29,3021.3106,0.1,0.33,3021.24,696,43,3021.19,948,26,3021.14,1371,26,3021.09,1292,61,3021.04,1408,52,3021.34,290,16,3021.39,984,17,3021.44,887,15,3021.49,733,15,3021.54,1344,23,0.4118,0.1484,False
2026-09-29T15:42:20.572339+00:00,HDFCBANK.NS,1675.01,1675.0156,0.1,0.6,1674.96,744,16,1674.91,843,24,1674.86,520,13,1674.81,641,37,1674.76,1531,31,1675.06,593,10,1675.11,494,17,1675.16,1252,21,1675.21,874,19,1675.26,1117,41,0.1129,-0.0059,False
2026-09-29T15:42:20.722339+00:00,^NSEI,25844.31,25844.2752,0.3,0.12,25844.16,493,12,25844.11,320,17,25844.06,556,15,25844.01,1325,53,25843.96,1959,52,25844.46,791,13,25844.51,495,30,25844.56,1461,26,25844.61,782,52,25844.66,666,15,-0.2321,0.0518,False
2026-09-29T15:42:20.872339+00:00,^NSEBANK,54202.91,54202.9074,0.1,0.02,54202.86,716,37,54202.81,965,16,54202.76,946,15,54202.71,674,15,54202.66,1940,58,54202.96,794,16,54203.01,865,28,54203.06,989,20,54203.11,441,11,54203.16,1943,33,-0.0517,0.0203,False
2026-09-29T15:42:21.022339+00:00,RELIANCE.NS,3017.83,3017.8254,0.1,0.33,3017.78,630,10,3017.73,516,24,3017.68,646,21,3017.63,1513,40,3017.58,1470,63,3017.88,759,25,3017.93,610,12,3017.98,881,55,3018.03,1440,36,3018.08,1643,49,-0.0929,-0.0552,False
2026-09-29T15:42:21.172339+00:00,HDFCBANK.NS,1679.47,1679.5039,0.2,1.19,1679.37,663,15,1679.32,455,21,1679.27,463,11,1679.22,1412,54,1679.17,1573,47,1679.57,327,10,1679.62,1120,35,1679.67,526,9,1679.72,1649,31,1679.77,1881,52,0.3394,-0.0931,False
2026-09-29T15:42:21.322339+00:00,^NSEI,25842.12,25842.1534,0.1,0.04,25842.07,693,11,25842.02,1576,28,25841.97,865,43,25841.92,1992,56,25841.87,801,16,25842.17,138,4,25842.22,55,1,25842.27,166,4,25842.32,173,7,25842.37,389,12,0.6679,0.731,True
2026-09-29T15:42:21.472339+00:00,^NSEBANK,54252.43,54252.4701,0.3,0.06,54252.28,768,18,54252.23,736,12,54252.18,875,16,54252.13,761,23,54252.08,1733,50,54252.58,444,15,54252.63,745,20,54252.68,801,40,54252.73,1647,49,54252.78,2184,46,0.2673,-0.0886,False
2026-09-29T15:42:21.622339+00:00,RELIANCE.NS,3015.65,3015.6411,0.1,0.33,3015.6,444,8,3015.55,870,33,3015.5,507,13,3015.45,1595,27,3015.4,1831,114,3015.7,637,31,3015.75,658,11,3015.8,594,12,3015.85,1816,30,3015.9,1713,42,-0.1785,-0.016,False
2026-09-29T15:42:21.772339+00:00,HDFCBANK.NS,1680.15,1680.1353,0.1,0.6,1680.1,408,7,1680.05,797,15,1680.0,1406,50,1679.95,1783,89,1679.9,1954,114,1680.2,748,18,1680.25,490,15,1680.3,1261,28,1680.35,836,14,1680.4,1873,98,-0.2941,0.0987,False
2026-09-29T15:42:21.922339+00:00,^NSEI,25873.27,25873.2827,0.1,0.04,25873.22,714,32,25873.17,848,17,25873.12,589,12,25873.07,1247,33,25873.02,1318,29,25873.32,425,11,25873.37,1038,61,25873.42,1483,30,25873.47,622,11,25873.52,1819,60,0.2537,-0.0664,False
2026-09-29T15:42:22.072339+00:00,^NSEBANK,54271.48,54271.4516,0.2,0.04,54271.38,382,6,54271.33,845,20,54271.28,697,14,54271.23,803,26,54271.18,1229,45,54271.58,685,14,54271.63,955,21,54271.68,720,37,54271.73,1024,37,54271.78,2150,82,-0.284,-0.1663,False
2026-09-29T15:42:22.222339+00:00,RELIANCE.NS,3023.49,3023.4874,0.3,0.99,3023.34,772,16,3023.29,884,21,3023.24,638,11,3023.19,907,16,3023.14,2032,58,3023.64,799,14,3023.69,1083,30,3023.74,1084,28,3023.79,1863,34,3023.84,1780,63,-0.0172,-0.1162,False
2026-09-29T15:42:22.372339+00:00,HDFCBANK.NS,1681.44,1681.3991,0.2,1.19,1681.34,226,5,1681.29,838,19,1681.24,750,25,1681.19,1825,38,1681.14,1990,34,1681.54,539,31,1681.59,332,6,1681.64,932,25,1681.69,1435,59,1681.74,1428,34,-0.4092,0.0935,False
2026-09-29T15:42:22.522339+00:00,^NSEI,25834.9,25834.8775,0.3,0.12,25834.75,277,8,25834.7,516,9,25834.65,328,6,25834.6,1038,37,25834.55,2052,102,25835.05,375,6,25835.1,630,14,25835.15,663,11,25835.2,1360,31,25835.25,1223,53,-0.1503,-0.0047,False
2026-09-29T15:42:22.672339+00:00,^NSEBANK,54173.31,54173.2882,0.1,0.02,54173.26,301,10,54173.21,780,16,54173.16,883,25,54173.11,759,19,54173.06,616,41,54173.36,768,20,54173.41,416,7,54173.46,298,14,54173.51,876,15,54173.56,473,11,-0.4369,0.0823,False
2026-09-29T15:42:22.822339+00:00,RELIANCE.NS,3021.41,3021.3561,0.2,0.66,3021.31,161,9,3021.26,269,5,3021.21,959,59,3021.16,1844,34,3021.11,1038,29,3021.51,537,10,3021.56,498,12,3021.61,503,15,3021.66,1454,28,3021.71,1596,93,-0.5387,-0.0358,False
2026-09-29T15:42:22.972339+00:00,HDFCBANK.NS,1678.61,1678.617,0.3,1.79,1678.46,507,8,1678.41,498,9,1678.36,374,10,1678.31,1647,35,1678.26,2203,75,1678.76,462,19,1678.81,970,35,1678.86,566,24,1678.91,430,12,1678.96,1663,46,0.0464,0.1221,False
2026-09-29T15:42:23.122339+00:00,^NSEI,25882.37,25882.4246,0.2,0.08,25882.27,791,22,25882.22,303,9,25882.17,480,14,25882.12,1757,46,25882.07,2192,46,25882.47,232,4,25882.52,1117,21,25882.57,1421,54,25882.62,820,17,25882.67,663,12,0.5464,0.1299,False
2026-09-29T15:42:23.272339+00:00,^NSEBANK,54288.57,54288.5936,0.1,0.02,54288.52,493,30,54288.47,919,22,54288.42,1242,31,54288.37,853,16,54288.32,658,43,54288.62,177,3,54288.67,945,27,54288.72,1273,60,54288.77,582,17,54288.82,1878,34,0.4716,-0.0765,False
2026-09-29T15:42:23.422339+00:00,RELIANCE.NS,3027.16,3027.1315,0.1,0.33,3027.11,193,9,3027.06,332,6,3027.01,1132,75,3026.96,1196,23,3026.91,1853,37,3027.21,706,16,3027.26,229,6,3027.31,492,25,3027.36,1172,46,3027.41,2200,44,-0.5706,-0.0098,False
2026-09-29T15:42:23.572339+00:00,HDFCBANK.NS,1683.76,1683.7608,0.1,0.59,1683.71,386,6,1683.66,942,15,1683.61,606,40,1683.56,535,22,1683.51,1324,22,1683.81,374,14,1683.86,511,9,1683.91,524,10,1683.96,380,8,1684.01,1450,26,0.0158,0.0788,False
2026-09-29T15:42:23.722339+00:00,^NSEI,25860.64,25860.624,0.3,0.12,25860.49,478,8,25860.44,221,3,25860.39,302,10,25860.34,1372,47,25860.29,1573,54,25860.79,592,34,25860.84,269,5,25860.89,773,22,25860.94,944,19,25860.99,1164,24,-0.1065,0.0265,False
2026-09-29T15:42:23.872339+00:00,^NSEBANK,54283.88,54283.8807,0.1,0.02,54283.83,681,14,54283.78,790,14,54283.73,1254,69,54283.68,1064,39,54283.63,1019,59,54283.93,663,16,54283.98,221,8,54284.03,913,32,54284.08,1708,55,54284.13,1254,30,0.0134,0.0051,False
2026-09-29T15:42:24.022339+00:00,RELIANCE.NS,3023.53,3023.5436,0.1,0.33,3023.48,431,16,3023.43,392,13,3023.38,615,16,3023.33,1567,30,3023.28,2088,94,3023.58,247,4,3023.63,522,30,3023.68,340,20,3023.73,491,12,3023.78,1064,46,0.2714,0.3131,False
2026-09-29T15:42:24.172339+00:00,HDFCBANK.NS,1684.39,1684.4174,0.2,1.19,1684.29,541,10,1684.24,1141,60,1684.19,1499,51,1684.14,744,24,1684.09,1990,124,1684.49,308,11,1684.54,507,10,1684.59,851,34,1684.64,371,8,1684.69,2175,77,0.2744,0.1682,False
2026-09-29T15:42:24.322339+00:00,^NSEI,25841.66,25841.6638,0.1,0.04,25841.61,675,29,25841.56,738,20,25841.51,596,10,25841.46,1073,27,25841.41,1066,33,25841.71,579,10,25841.76,411,18,25841.81,1179,53,25841.86,1694,40,25841.91,1128,30,0.0766,-0.0922,False
2026-09-29T15:42:24.472339+00:00,^NSEBANK,54095.04,54095.0368,0.1,0.02,54094.99,488,18,54094.94,912,19,54094.89,1358,28,54094.84,451,12,54094.79,1923,62,54095.09,554,27,54095.14,761,12,54095.19,1394,29,54095.24,1010,50,54095.29,1386,69,-0.0633,0.0026,False
2026-09-29T15:42:24.622339+00:00,RELIANCE.NS,3018.56,3018.5165,0.2,0.66,3018.46,211,11,3018.41,1016,28,3018.36,1054,58,3018.31,1790,33,3018.26,2136,73,3018.66,536,10,3018.71,923,17,3018.76,1269,40,3018.81,1499,36,3018.86,1610,43,-0.4351,0.0307,False
2026-09-29T15:42:24.772339+00:00,HDFCBANK.NS,1680.12,1680.1012,0.1,0.6,1680.07,245,9,1680.02,877,20,1679.97,1014,19,1679.92,1659,63,1679.87,921,17,1680.17,541,23,1680.22,764,13,1680.27,1174,61,1680.32,1703,65,1680.37,744,27,-0.3766,-0.0218,False
2026-09-29T15:42:24.922339+00:00,^NSEI,25868.75,25868.7159,0.2,0.08,25868.65,373,10,25868.6,965,28,25868.55,1482,33,25868.5,1804,58,25868.45,826,25,25868.85,759,33,25868.9,379,13,25868.95,372,7,25869.0,662,15,25869.05,1836,33,-0.341,0.1525,False
2026-09-29T15:42:25.072339+00:00,^NSEBANK,54023.52,54023.5196,0.3,0.06,54023.37,795,24,54023.32,1070,39,54023.27,1252,26,54023.22,470,10,54023.17,770,19,54023.67,799,42,54023.72,984,35,54023.77,1381,25,54023.82,1186,23,54023.87,1573,71,-0.0025,-0.1523,False
2026-09-29T15:42:25.222339+00:00,RELIANCE.NS,3026.65,3026.6902,0.2,0.66,3026.55,396,7,3026.5,442,13,3026.45,682,20,3026.4,406,20,3026.35,503,12,3026.75,169,4,3026.8,324,12,3026.85,615,34,3026.9,552,13,3026.95,1453,85,0.4018,-0.1234,False
2026-09-29T15:42:25.372339+00:00,HDFCBANK.NS,1684.67,1684.6835,0.2,1.19,1684.57,687,20,1684.52,961,56,1684.47,1073,28,1684.42,1576,52,1684.37,1206,63,1684.77,524,11,1684.82,316,5,1684.87,786,30,1684.92,1128,40,1684.97,1766,84,0.1346,0.0981,False
2026-09-29T15:42:25.522339+00:00,^NSEI,25905.9,25905.9038,0.1,0.04,25905.85,199,3,25905.8,698,23,25905.75,1155,28,25905.7,538,10,25905.65,1517,44,25905.95,171,3,25906.0,830,15,25906.05,1219,45,25906.1,650,11,25906.15,1086,47,0.0757,0.0187,False
2026-09-29T15:42:25.672339+00:00,^NSEBANK,54175.47,54175.4721,0.1,0.02,54175.42,401,14,54175.37,574,19,54175.32,634,30,54175.27,893,37,54175.22,2001,36,54175.52,368,6,54175.57,1096,54,54175.62,699,24,54175.67,571,16,54175.72,1887,38,0.0429,-0.0129,False
2026-09-29T15:42:25.822339+00:00,RELIANCE.NS,3018.8,3018.8258,0.3,0.99,3018.65,368,7,3018.6,1010,56,3018.55,856,21,3018.5,1670,29,3018.45,2015,69,3018.95,260,10,3019.0,751,13,3019.05,319,6,3019.1,618,36,3019.15,2223,74,0.172,0.1732,False
2026-09-29T15:42:25.972339+00:00,HDFCBANK.NS,1685.64,1685.6683,0.1,0.59,1685.59,621,10,1685.54,245,5,1685.49,376,10,1685.44,498,9,1685.39,1856,58,1685.69,172,8,1685.74,559,10,1685.79,1339,43,1685.84,1522,43,1685.89,1708,31,0.5662,-0.1915,False
2026-09-29T15:42:26.122339+00:00,^NSEI,25886.31,25886.3118,0.1,0.04,25886.26,744,26,25886.21,440,15,25886.16,1157,46,25886.11,1193,22,25886.06,1069,53,25886.36,691,18,25886.41,304,5,25886.46,720,27,25886.51,1125,22,25886.56,1839,83,0.0369,-0.0082,False
2026-09-29T15:42:26.272339+00:00,^NSEBANK,54099.41,54099.401,0.3,0.06,54099.26,645,40,54099.21,777,35,54099.16,708,41,54099.11,1492,45,54099.06,1601,32,54099.56,727,22,54099.61,885,16,54099.66,893,15,54099.71,1440,60,54099.76,795,33,-0.0598,0.0485,False
2026-09-29T15:42:26.422339+00:00,RELIANCE.NS,3019.38,3019.3547,0.2,0.66,3019.28,193,5,3019.23,964,53,3019.18,1145,21,3019.13,385,8,3019.08,1111,19,3019.48,324,8,3019.53,310,7,3019.58,1423,36,3019.63,660,13,3019.68,2119,75,-0.2534,-0.1202,False
2026-09-29T15:42:26.572339+00:00,HDFCBANK.NS,1677.75,1677.7525,0.2,1.19,1677.65,289,7,1677.6,326,6,1677.55,380,13,1677.5,1720,35,1677.45,1638,86,1677.85,275,11,1677.9,797,14,1677.95,408,6,1678.0,1306,42,1678.05,1044,52,0.0248,0.0639,False
2026-09-29T15:42:26.722339+00:00,^NSEI,25839.51,25839.4546,0.2,0.08,25839.41,229,11,25839.36,1052,70,25839.31,942,31,25839.26,1870,71,25839.21,1923,33,25839.61,797,31,25839.66,1144,26,25839.71,1128,59,25839.76,470,13,25839.81,2052,43,-0.5536,0.0366,False
2026-09-29T15:42:26.872339+00:00,^NSEBANK,54077.63,54077.591,0.2,0.04,54077.53,247,7,54077.48,577,25,54077.43,1208,25,54077.38,1355,26,54077.33,1738,44,54077.73,563,15,54077.78,739,14,54077.83,1358,52,54077.88,620,12,54077.93,1377,23,-0.3901,0.0478,False
2026-09-29T15:42:27.022339+00:00,RELIANCE.NS,3018.2,3018.1551,0.1,0.33,3018.15,59,1,3018.1,158,5,3018.05,200,7,3018.0,111,6,3017.95,204,4,3018.25,1090,18,3018.3,1237,37,3018.35,2701,52,3018.4,1357,34,3018.45,2499,45,-0.8973,-0.8478,True
2026-09-29T15:42:27.172339+00:00,HDFCBANK.NS,1676.39,1676.4134,0.3,1.79,1676.24,519,13,1676.19,1010,37,1676.14,1396,53,1676.09,385,8,1676.04,775,18,1676.54,379,11,1676.59,481,10,1676.64,450,19,1676.69,1149,49,1676.74,1685,64,0.1559,-0.0072,False
2026-09-29T15:42:27.322339+00:00,^NSEI,25841.62,25841.5272,0.3,0.12,25841.47,173,4,25841.42,1052,17,25841.37,1191,29,25841.32,1579,38,25841.27,1061,36,25841.77,734,38,25841.82,498,27,25841.87,1048,30,25841.92,1222,27,25841.97,641,25,-0.6185,0.0992,False
2026-09-29T15:42:27.472339+00:00,^NSEBANK,54261.26,54261.2693,0.2,0.04,54261.16,448,8,54261.11,709,22,54261.06,742,13,54261.01,1327,23,54260.96,683,18,54261.36,372,6,54261.41,906,25,54261.46,1512,43,54261.51,1015,50,54261.56,2158,36,0.0927,-0.2081,False
2026-09-29T15:42:27.622339+00:00,RELIANCE.NS,3023.5,3023.5236,0.1,0.33,3023.45,485,8,3023.4,749,14,3023.35,1303,29,3023.3,549,9,3023.25,1596,32,3023.55,174,3,3023.6,305,5,3023.65,1398,38,3023.7,1160,20,3023.75,1391,53,0.4719,0.0279,False
2026-09-29T15:42:27.772339+00:00,HDFCBANK.NS,1675.76,1675.7438,0.2,1.19,1675.66,406,8,1675.61,401,16,1675.56,524,16,1675.51,1677,57,1675.46,1268,24,1675.86,563,22,1675.91,719,18,1675.96,1457,47,1676.01,1699,84,1676.06,1685,93,-0.162,-0.1776,False
2026-09-29T15:42:27.922339+00:00,^NSEI,25884.17,25884.1916,0.2,0.08,25884.07,775,43,25884.02,1042,34,25883.97,769,45,25883.92,1536,29,25883.87,688,22,25884.27,500,14,25884.32,623,32,25884.37,1445,51,25884.42,1003,24,25884.47,2184,40,0.2157,-0.0894,False
2026-09-29T15:42:28.072339+00:00,^NSEBANK,54239.05,54239.0425,0.2,0.04,54238.95,589,15,54238.9,903,39,54238.85,1031,29,54238.8,1741,45,54238.75,1444,41,54239.15,685,27,54239.2,580,12,54239.25,1149,39,54239.3,1558,45,54239.35,2217,43,-0.0754,-0.0404,False
2026-09-29T15:42:28.222339+00:00,RELIANCE.NS,3021.66,3021.6478,0.1,0.33,3021.61,362,11,3021.56,1117,22,3021.51,509,11,3021.46,1257,33,3021.41,512,26,3021.71,595,19,3021.76,535,11,3021.81,589,25,3021.86,1266,21,3021.91,1260,48,-0.2435,-0.061,False
2026-09-29T15:42:28.372339+00:00,HDFCBANK.NS,1678.97,1678.985,0.2,1.19,1678.87,371,10,1678.82,913,23,1678.77,349,6,1678.72,996,31,1678.67,1590,66,1679.07,274,5,1679.12,1103,27,1679.17,902,21,1679.22,575,10,1679.27,1635,29,0.1504,-0.031,False
2026-09-29T15:42:28.522339+00:00,^NSEI,25839.95,25839.8677,0.2,0.08,25839.85,109,2,25839.8,195,5,25839.75,227,15,25839.7,123,2,25839.65,411,24,25840.05,1125,66,25840.1,1250,24,25840.15,704,13,25840.2,3125,80,25840.25,2711,90,-0.8233,-0.7866,True
2026-09-29T15:42:28.672339+00:00,^NSEBANK,54290.29,54290.2364,0.2,0.04,54290.19,215,6,54290.14,716,27,54290.09,435,11,54290.04,1572,40,54289.99,2206,49,54290.39,711,16,54290.44,290,6,54290.49,1349,44,54290.54,608,25,54290.59,733,12,-0.5356,0.1645,False
2026-09-29T15:42:28.822339+00:00,RELIANCE.NS,3022.55,3022.5992,0.2,0.66,3022.45,484,13,3022.4,529,11,3022.35,801,32,3022.3,587,24,3022.25,1654,30,3022.65,165,2,3022.7,385,8,3022.75,332,7,3022.8,547,15,3022.85,974,23,0.4915,0.2558,False
2026-09-29T15:42:28.972339+00:00,HDFCBANK.NS,1687.46,1687.4352,0.2,1.19,1687.36,288,16,1687.31,292,8,1687.26,997,35,1687.21,1640,43,1687.16,876,20,1687.56,478,28,1687.61,1119,19,1687.66,469,18,1687.71,1092,54,1687.76,1593,66,-0.248,-0.0744,False
2026-09-29T15:42:29.122339+00:00,^NSEI,25834.26,25834.2345,0.2,0.08,25834.16,186,6,25834.11,336,8,25834.06,837,19,25834.01,524,18,25833.96,1699,53,25834.36,313,5,25834.41,649,38,25834.46,1026,27,25834.51,1346,51,25834.56,1526,32,-0.2545,-0.1514,False
2026-09-29T15:42:29.272339+00:00,^NSEBANK,54147.8,54147.8105,0.1,0.02,54147.75,391,6,54147.7,664,33,54147.65,1474,61,54147.6,660,34,54147.55,627,14,54147.85,255,5,54147.9,916,24,54147.95,520,13,54148.0,1238,24,54148.05,784,21,0.2105,0.0137,False
2026-09-29T15:42:29.422339+00:00,RELIANCE.NS,3019.01,3018.9989,0.1,0.33,3018.96,373,8,3018.91,838,16,3018.86,1155,41,3018.81,1377,30,3018.76,742,17,3019.06,585,10,3019.11,904,18,3019.16,902,18,3019.21,900,20,3019.26,1752,50,-0.2213,-0.0586,False
2026-09-29T15:42:29.572339+00:00,HDFCBANK.NS,1678.37,1678.4132,0.3,1.79,1678.22,635,39,1678.17,352,7,1678.12,1354,39,1678.07,1198,70,1678.02,1738,32,1678.52,351,8,1678.57,939,52,1678.62,676,13,1678.67,519,23,1678.72,2172,83,0.288,0.0624,False
2026-09-29T15:42:29.722339+00:00,^NSEI,25868.8,25868.8027,0.1,0.04,25868.75,798,15,25868.7,485,9,25868.65,887,36,25868.6,1576,37,25868.55,831,17,25868.85,717,29,25868.9,597,17,25868.95,1191,74,25869.0,1708,37,25869.05,1021,51,0.0535,-0.067,False
2026-09-29T15:42:29.872339+00:00,^NSEBANK,54146.43,54146.4377,0.1,0.02,54146.38,707,20,54146.33,642,30,54146.28,1033,17,54146.23,1475,47,54146.18,744,24,54146.48,518,14,54146.53,946,47,54146.58,541,9,54146.63,1562,26,54146.68,1190,79,0.1543,-0.0167,False
2026-09-29T15:42:30.022339+00:00,RELIANCE.NS,3025.47,3025.4725,0.2,0.66,3025.37,365,9,3025.32,353,13,3025.27,604,11,3025.22,1073,34,3025.17,2027,96,3025.57,347,17,3025.62,1045,18,3025.67,1508,100,3025.72,1210,67,3025.77,534,31,0.0253,-0.0245,False
2026-09-29T15:42:30.172339+00:00,HDFCBANK.NS,1682.33,1682.3309,0.1,0.59,1682.28,585,20,1682.23,439,11,1682.18,524,15,1682.13,991,16,1682.08,1803,51,1682.38,564,20,1682.43,1158,50,1682.48,1117,23,1682.53,1142,51,1682.58,879,27,0.0183,-0.0563,False
2026-09-29T15:42:30.322339+00:00,^NSEI,25827.29,25827.3474,0.2,0.08,25827.19,584,15,25827.14,233,4,25827.09,1455,24,25827.04,625,24,25826.99,1153,52,25827.39,158,8,25827.44,493,12,25827.49,680,25,25827.54,1687,29,25827.59,1878,49,0.5741,-0.0946,False
2026-09-29T15:42:30.472339+00:00,^NSEBANK,54068.52,54068.5236,0.1,0.02,54068.47,501,10,54068.42,582,16,54068.37,725,13,54068.32,824,14,54068.27,1819,121,54068.57,433,10,54068.62,217,10,54068.67,509,9,54068.72,897,19,54068.77,554,22,0.0728,0.2607,False
2026-09-29T15:42:30.622339+00:00,RELIANCE.NS,3012.53,3012.4826,0.3,1.0,3012.38,386,7,3012.33,556,9,3012.28,402,7,3012.23,1522,28,3012.18,963,56,3012.68,743,37,3012.73,730,27,3012.78,758,31,3012.83,1118,30,3012.88,1618,53,-0.3162,-0.1294,False
2026-09-29T15:42:30.772339+00:00,HDFCBANK.NS,1685.89,1685.8852,0.3,1.78,1685.74,714,15,1685.69,788,18,1685.64,875,17,1685.59,1628,31,1685.54,1170,19,1686.04,761,17,1686.09,652,10,1686.14,486,8,1686.19,1414,52,1686.24,2038,63,-0.0319,-0.0167,False
2026-09-29T15:42:30.922339+00:00,^NSEI,25908.25,25908.3104,0.3,0.12,25908.1,686,31,25908.05,524,10,25908.0,444,13,25907.95,1024,17,25907.9,1190,22,25908.4,292,10,25908.45,484,14,25908.5,1145,33,25908.55,1713,77,25908.6,1007,50,0.4029,-0.0908,False
2026-09-29T15:42:31.072339+00:00,^NSEBANK,54251.13,54251.1338,0.1,0.02,54251.08,508,14,54251.03,269,9,54250.98,589,11,54250.93,968,19,54250.88,2161,77,54251.18,436,27,54251.23,1022,30,54251.28,913,25,54251.33,1292,39,54251.38,1173,43,0.0763,-0.0365,False
2026-09-29T15:42:31.222339+00:00,RELIANCE.NS,3014.24,3014.289,0.2,0.66,3014.14,526,10,3014.09,577,18,3014.04,594,31,3013.99,956,19,3013.94,1007,25,3014.34,180,3,3014.39,983,35,3014.44,862,26,3014.49,620,12,3014.54,518,8,0.4901,0.0728,False
2026-09-29T15:42:31.372339+00:00,HDFCBANK.NS,1676.18,1676.1492,0.1,0.6,1676.13,176,2,1676.08,919,19,1676.03,471,18,1675.98,730,14,1675.93,977,30,1676.23,740,14,1676.28,820,28,1676.33,653,13,1676.38,1078,56,1676.43,691,12,-0.6157,-0.0977,False
2026-09-29T15:42:31.522339+00:00,^NSEI,25861.95,25861.9495,0.2,0.08,25861.85,593,17,25861.8,755,13,25861.75,355,8,25861.7,596,10,25861.65,909,20,25862.05,599,18,25862.1,542,10,25862.15,678,14,25862.2,1367,24,25862.25,635,27,-0.005,-0.0872,False
2026-09-29T15:42:31.672339+00:00,^NSEBANK,54091.07,54091.1579,0.3,0.06,54090.92,731,20,54090.87,443,9,54090.82,457,26,54090.77,1640,27,54090.72,951,38,54091.22,191,5,54091.27,566,16,54091.32,946,18,54091.37,1334,34,54091.42,1906,37,0.5857,-0.0787,False
2026-09-29T15:42:31.822339+00:00,RELIANCE.NS,3017.49,3017.4754,0.2,0.66,3017.39,423,22,3017.34,825,51,3017.29,1385,51,3017.24,1374,52,3017.19,470,18,3017.59,568,22,3017.64,252,5,3017.69,442,27,3017.74,1833,33,3017.79,652,18,-0.1463,0.0888,False
2026-09-29T15:42:31.972339+00:00,HDFCBANK.NS,1683.13,1683.1084,0.2,1.19,1683.03,228,4,1682.98,533,9,1682.93,1434,42,1682.88,855,15,1682.83,1316,38,1683.23,354,8,1683.28,796,13,1683.33,1160,72,1683.38,1304,44,1683.43,2223,85,-0.2165,-0.1442,False
2026-09-29T15:42:32.122339+00:00,^NSEI,25891.68,25891.6914,0.2,0.08,25891.58,539,26,25891.53,938,22,25891.48,1368,54,25891.43,1111,25,25891.38,887,19,25891.78,429,7,25891.83,651,22,25891.88,1212,46,25891.93,639,12,25891.98,1948,67,0.1136,-0.0037,False
2026-09-29T15:42:32.272339+00:00,^NSEBANK,54280.66,54280.6775,0.1,0.02,54280.61,338,8,54280.56,897,32,54280.51,1088,28,54280.46,1797,61,54280.41,2063,51,54280.71,163,3,54280.76,1036,28,54280.81,1096,68,54280.86,1203,30,54280.91,1338,60,0.3493,0.1222,False
2026-09-29T15:42:32.422339+00:00,RELIANCE.NS,3017.58,3017.5748,0.2,0.66,3017.48,534,33,3017.43,1012,17,3017.38,1512,26,3017.33,1381,38,3017.28,1646,35,3017.68,593,14,3017.73,901,21,3017.78,984,65,3017.83,1257,20,3017.88,1531,90,-0.0524,0.0722,False
2026-09-29T15:42:32.572339+00:00,HDFCBANK.NS,1684.77,1684.7787,0.2,1.19,1684.67,554,16,1684.62,482,12,1684.57,1373,42,1684.52,1699,65,1684.47,1607,55,1684.87,465,11,1684.92,1112,42,1684.97,1447,32,1685.02,648,18,1685.07,1934,41,0.0873,0.0096,False
2026-09-29T15:42:32.722339+00:00,^NSEI,25817.47,25817.5101,0.1,0.04,25817.42,282,14,25817.37,1226,22,25817.32,1952,39,25817.27,854,15,25817.22,1496,27,25817.52,31,1,25817.57,62,1,25817.62,129,2,25817.67,140,4,25817.72,254,11,0.8019,0.8083,True
2026-09-29T15:42:32.872339+00:00,^NSEBANK,54173.22,54173.2361,0.1,0.02,54173.17,546,14,54173.12,661,19,54173.07,1164,68,54173.02,1668,35,54172.97,2128,50,54173.27,280,5,54173.32,710,17,54173.37,1314,23,54173.42,1135,21,54173.47,501,20,0.322,0.2203,False
2026-09-29T15:42:33.022339+00:00,RELIANCE.NS,3021.65,3021.6492,0.1,0.33,3021.6,551,16,3021.55,488,10,3021.5,503,20,3021.45,1529,27,3021.4,1778,31,3021.7,570,12,3021.75,972,22,3021.8,817,24,3021.85,1471,36,3021.9,865,54,-0.0169,0.0161,False
2026-09-29T15:42:33.172339+00:00,HDFCBANK.NS,1679.3,1679.3011,0.3,1.79,1679.15,667,30,1679.1,872,14,1679.05,1411,32,1679.0,1102,39,1678.95,646,12,1679.45,657,17,1679.5,858,15,1679.55,1202,50,1679.6,1177,22,1679.65,708,39,0.0076,0.0103,False
2026-09-29T15:42:33.322339+00:00,^NSEI,25807.87,25807.8848,0.2,0.08,25807.77,551,19,25807.72,759,17,25807.67,1402,23,25807.62,538,14,25807.57,1814,40,25807.97,409,9,25808.02,769,13,25808.07,533,18,25808.12,1224,20,25808.17,2043,37,0.1479,0.0086,False
2026-09-29T15:42:33.472339+00:00,^NSEBANK,54199.32,54199.313,0.1,0.02,54199.27,427,7,54199.22,606,21,54199.17,955,16,54199.12,1341,31,54199.07,1819,86,54199.37,566,12,54199.42,450,28,54199.47,670,44,54199.52,1019,28,54199.57,753,13,-0.14,0.1964,False
2026-09-29T15:42:33.622339+00:00,RELIANCE.NS,3019.94,3019.8781,0.2,0.66,3019.84,174,6,3019.79,759,36,3019.74,583,11,3019.69,1363,90,3019.64,1615,31,3020.04,740,37,3020.09,711,13,3020.14,1022,39,3020.19,1095,19,3020.24,546,30,-0.6193,0.0441,False
2026-09-29T15:42:33.772339+00:00,HDFCBANK.NS,1682.56,1682.5326,0.1,0.59,1682.51,166,4,1682.46,764,47,1682.41,1407,34,1682.36,1410,27,1682.31,1369,34,1682.61,568,14,1682.66,855,20,1682.71,982,36,1682.76,1743,75,1682.81,1246,22,-0.5477,-0.0265,False
2026-09-29T15:42:33.922339+00:00,^NSEI,25784.55,25784.5086,0.2,0.08,25784.45,282,15,25784.4,614,25,25784.35,456,8,25784.3,1609,40,25784.25,1593,46,25784.65,680,14,25784.7,456,9,25784.75,691,20,25784.8,914,16,25784.85,1472,34,-0.4137,0.0389,False
2026-09-29T15:42:34.072339+00:00,^NSEBANK,54179.12,54179.1285,0.2,0.04,54179.02,432,9,54178.97,394,9,54178.92,1176,21,54178.87,1062,19,54178.82,1682,30,54179.22,364,16,54179.27,774,40,54179.32,589,23,54179.37,780,13,54179.42,425,14,0.0854,0.2363,False
2026-09-29T15:42:34.222339+00:00,RELIANCE.NS,3024.6,3024.5192,0.2,0.66,3024.5,139,2,3024.45,198,4,3024.4,172,4,3024.35,309,7,3024.3,421,8,3024.7,1308,65,3024.75,430,11,3024.8,1255,28,3024.85,943,17,3024.9,801,33,-0.8079,-0.5853,True
2026-09-29T15:42:34.372339+00:00,HDFCBANK.NS,1678.24,1678.201,0.2,1.19,1678.14,209,12,1678.09,1083,19,1678.04,1195,23,1677.99,509,12,1677.94,1377,86,1678.34,476,9,1678.39,788,15,1678.44,1046,21,1678.49,1781,37,1678.54,926,22,-0.3898,-0.0686,False
2026-09-29T15:42:34.522339+00:00,^NSEI,25893.19,25893.1823,0.1,0.04,25893.14,380,6,25893.09,926,15,25893.04,454,20,25892.99,1031,42,25892.94,1013,30,25893.24,519,32,25893.29,1025,26,25893.34,722,21,25893.39,615,26,25893.44,666,13,-0.1546,0.035,False
2026-09-29T15:42:34.672339+00:00,^NSEBANK,54344.78,54344.7846,0.1,0.02,54344.73,613,26,54344.68,907,20,54344.63,699,43,54344.58,975,39,54344.53,1391,57,54344.83,510,11,54344.88,407,19,54344.93,1122,62,54344.98,1019,28,54345.03,1542,27,0.0917,-0.0016,False
2026-09-29T15:42:34.822339+00:00,RELIANCE.NS,3012.52,3012.5322,0.1,0.33,3012.47,661,22,3012.42,1064,40,3012.37,1014,19,3012.32,843,21,3012.27,1999,51,3012.57,402,14,3012.62,603,16,3012.67,1240,30,3012.72,1316,31,3012.77,1808,40,0.2437,0.0194,False
2026-09-29T15:42:34.972339+00:00,HDFCBANK.NS,1681.63,1681.6396,0.3,1.78,1681.48,466,20,1681.43,632,15,1681.38,991,34,1681.33,1475,28,1681.28,1853,68,1681.78,410,15,1681.83,1068,42,1681.88,1134,23,1681.93,707,25,1681.98,923,19,0.0639,0.1216,False
2026-09-29T15:42:35.122339+00:00,^NSEI,25824.64,25824.7621,0.3,0.12,25824.49,1054,22,25824.44,1080,22,25824.39,2322,54,25824.34,1751,50,25824.29,2031,46,25824.79,108,1,25824.84,91,2,25824.89,298,5,25824.94,291,7,25824.99,373,7,0.8141,0.753,True
2026-09-29T15:42:35.272339+00:00,^NSEBANK,54163.98,54163.9603,0.1,0.02,54163.93,151,6,54163.88,435,11,54163.83,1010,30,54163.78,813,22,54163.73,1764,63,54164.03,347,7,54164.08,368,13,54164.13,456,20,54164.18,789,14,54164.23,770,14,-0.3936,0.209,False
2026-09-29T15:42:35.422339+00:00,RELIANCE.NS,3007.94,3007.9408,0.1,0.33,3007.89,315,5,3007.84,427,14,3007.79,1347,79,3007.74,994,19,3007.69,1257,29,3007.99,305,5,3008.04,548,13,3008.09,495,22,3008.14,1833,41,3008.19,1540,27,0.0161,-0.042,False
2026-09-29T15:42:35.572339+00:00,HDFCBANK.NS,1680.04,1680.0858,0.2,1.19,1679.94,473,11,1679.89,1131,39,1679.84,1111,21,1679.79,451,10,1679.74,2223,39,1680.14,176,3,1680.19,954,56,1680.24,1508,47,1680.29,1363,24,1680.34,529,9,0.4576,0.0866,False
2026-09-29T15:42:35.722339+00:00,^NSEI,25899.81,25899.8184,0.2,0.08,25899.71,356,10,25899.66,245,4,25899.61,1257,43,25899.56,1085,24,25899.51,1873,124,25899.91,301,8,25899.96,778,14,25900.01,1183,53,25900.06,1647,27,25900.11,431,10,0.0837,0.052,False
2026-09-29T15:42:35.872339+00:00,^NSEBANK,54184.75,54184.7301,0.1,0.02,54184.7,335,5,54184.65,561,13,54184.6,885,35,54184.55,1172,22,54184.5,1831,38,54184.8,779,14,54184.85,237,12,54184.9,712,47,54184.95,378,16,54185.0,1786,44,-0.3986,0.1028,False
2026-09-29T15:42:36.022339+00:00,RELIANCE.NS,3021.26,3021.3187,0.2,0.66,3021.16,683,12,3021.11,556,19,3021.06,1124,23,3021.01,714,13,3020.96,1965,72,3021.36,178,11,3021.41,1078,51,3021.46,1293,51,3021.51,1673,98,3021.56,1237,24,0.5865,-0.0397,False
2026-09-29T15:42:36.172339+00:00,HDFCBANK.NS,1678.79,1678.7942,0.2,1.19,1678.69,750,25,1678.64,941,20,1678.59,1054,19,1678.54,773,21,1678.49,1691,65,1678.89,690,17,1678.94,406,19,1678.99,621,12,1679.04,1424,44,1679.09,1486,35,0.0417,0.0592,False
2026-09-29T15:42:36.322339+00:00,^NSEI,25833.42,25833.4221,0.1,0.04,25833.37,579,25,25833.32,362,6,25833.27,820,13,25833.22,1372,33,25833.17,756,28,25833.47,532,9,25833.52,449,29,25833.57,691,24,25833.62,1137,40,25833.67,1512,26,0.0423,-0.0526,False
2026-09-29T15:42:36.472339+00:00,^NSEBANK,54144.1,54144.12,0.1,0.02,54144.05,662,11,54144.0,588,14,54143.95,511,12,54143.9,1626,43,54143.85,1173,22,54144.15,284,6,54144.2,1139,27,54144.25,1254,24,54144.3,1795,66,54144.35,2226,55,0.3996,-0.1899,False
2026-09-29T15:42:36.622339+00:00,RELIANCE.NS,3013.15,3013.129,0.1,0.33,3013.1,246,7,3013.05,729,15,3013.0,1016,18,3012.95,1240,28,3012.9,1755,56,3013.2,601,10,3013.25,391,9,3013.3,351,13,3013.35,855,57,3013.4,901,18,-0.4191,0.2334,False
2026-09-29T15:42:36.772339+00:00,HDFCBANK.NS,1679.93,1679.9241,0.2,1.19,1679.83,502,16,1679.78,269,14,1679.73,1046,23,1679.68,895,15,1679.63,1632,49,1680.03,565,16,1680.08,1075,23,1680.13,1065,38,1680.18,1694,62,1680.23,2086,36,-0.059,-0.1977,False
2026-09-29T15:42:36.922339+00:00,^NSEI,25879.83,25879.8292,0.3,0.12,25879.68,735,33,25879.63,598,13,25879.58,1178,21,25879.53,1240,30,25879.48,996,20,25879.98,743,21,25880.03,337,9,25880.08,1174,37,25880.13,1311,23,25880.18,865,33,-0.0054,0.0345,False
2026-09-29T15:42:37.072339+00:00,^NSEBANK,54256.05,54256.0317,0.2,0.04,54255.95,212,3,54255.9,988,36,54255.85,1046,19,54255.8,1327,37,54255.75,733,26,54256.15,307,20,54256.2,361,10,54256.25,1219,20,54256.3,1026,17,54256.35,1145,20,-0.183,0.0297,False
2026-09-29T15:42:37.222339+00:00,RELIANCE.NS,3013.24,3013.3044,0.2,0.66,3013.14,655,22,3013.09,1665,28,3013.04,1884,125,3012.99,3168,57,3012.94,3578,111,3013.34,142,3,3013.39,173,5,3013.44,255,6,3013.49,236,9,3013.54,325,9,0.6437,0.8128,True
2026-09-29T15:42:37.372339+00:00,HDFCBANK.NS,1678.01,1678.0362,0.2,1.19,1677.91,330,6,1677.86,230,8,1677.81,879,16,1677.76,1487,35,1677.71,2184,75,1678.11,193,5,1678.16,395,12,1678.21,1411,34,1678.26,1316,30,1678.31,1987,60,0.262,-0.0184,False
2026-09-29T15:42:37.522339+00:00,^NSEI,25833.44,25833.4695,0.2,0.08,25833.34,498,17,25833.29,276,15,25833.24,632,18,25833.19,770,17,25833.14,1959,130,25833.54,271,4,25833.59,424,8,25833.64,323,12,25833.69,1391,40,25833.74,574,18,0.2952,0.1618,False
2026-09-29T15:42:37.672339+00:00,^NSEBANK,54076.92,54076.9142,0.2,0.04,54076.82,171,4,54076.77,614,36,54076.72,676,16,54076.67,878,48,54076.62,828,18,54077.02,192,7,54077.07,384,6,54077.12,1022,17,54077.17,1081,37,54077.22,543,20,-0.0579,-0.0086,False
2026-09-29T15:42:37.822339+00:00,RELIANCE.NS,3017.63,3017.6731,0.2,0.66,3017.53,782,21,3017.48,301,7,3017.43,1377,23,3017.38,1090,25,3017.33,868,54,3017.73,311,15,3017.78,878,24,3017.83,1102,20,3017.88,1635,28,3017.93,1738,30,0.4309,-0.1236,False
2026-09-29T15:42:37.972339+00:00,HDFCBANK.NS,1681.41,1681.3744,0.3,1.78,1681.26,481,32,1681.21,755,15,1681.16,1022,36,1681.11,1518,28,1681.06,1212,22,1681.56,780,17,1681.61,471,13,1681.66,710,27,1681.71,1128,19,1681.76,1002,47,-0.2371,0.0988,False
2026-09-29T15:42:38.122339+00:00,^NSEI,25886.98,25886.9776,0.1,0.04,25886.93,564,13,25886.88,249,9,25886.83,750,41,25886.78,498,13,25886.73,1610,67,25887.03,622,32,25887.08,769,16,25887.13,467,11,25887.18,1229,53,25887.23,1764,50,-0.0489,-0.1385,False
2026-09-29T15:42:38.272339+00:00,^NSEBANK,54081.6,54081.556,0.2,0.04,54081.5,262,5,54081.45,595,10,54081.4,1360,90,54081.35,712,18,54081.3,1892,59,54081.7,674,44,54081.75,614,36,54081.8,1157,21,54081.85,932,21,54081.9,848,14,-0.4402,0.0659,False
2026-09-29T15:42:38.422339+00:00,RELIANCE.NS,3022.72,3022.7042,0.1,0.33,3022.67,371,19,3022.62,903,20,3022.57,1459,27,3022.52,916,16,3022.47,2209,147,3022.77,715,23,3022.82,725,13,3022.87,528,11,3022.92,754,13,3022.97,747,15,-0.3168,0.2561,False
2026-09-29T15:42:38.572339+00:00,HDFCBANK.NS,1680.79,1680.7928,0.1,0.59,1680.74,335,5,1680.69,511,8,1680.64,478,17,1680.59,472,12,1680.54,1038,18,1680.84,300,6,1680.89,974,48,1680.94,1016,30,1680.99,505,9,1681.04,1906,127,0.0551,-0.2478,False
2026-09-29T15:42:38.722339+00:00,^NSEI,25837.65,25837.6422,0.2,0.08,25837.55,248,5,25837.5,585,12,25837.45,1083,26,25837.4,1374,42,25837.35,1598,28,25837.75,290,5,25837.8,350,8,25837.85,589,10,25837.9,1837,51,25837.95,1422,27,-0.0781,0.0427,False
2026-09-29T15:42:38.872339+00:00,^NSEBANK,54097.65,54097.7374,0.2,0.04,54097.55,1328,49,54097.5,1827,65,54097.45,1956,65,54097.4,2140,112,54097.35,2303,51,54097.75,89,2,54097.8,151,3,54097.85,66,1,54097.9,293,7,54097.95,171,3,0.8744,0.8508,True
2026-09-29T15:42:39.022339+00:00,RELIANCE.NS,3015.81,3015.8297,0.2,0.66,3015.71,584,14,3015.66,1078,26,3015.61,476,11,3015.56,1471,49,3015.51,1959,51,3015.91,392,9,3015.96,1126,34,3016.01,1489,34,3016.06,505,20,3016.11,1162,21,0.1967,0.0873,False
2026-09-29T15:42:39.172339+00:00,HDFCBANK.NS,1680.17,1680.1953,0.1,0.6,1680.12,580,12,1680.07,977,20,1680.02,1468,31,1679.97,1445,53,1679.92,1360,38,1680.22,190,11,1680.27,237,4,1680.32,319,6,1680.37,947,18,1680.42,1761,34,0.5065,0.2559,False
2026-09-29T15:42:39.322339+00:00,^NSEI,25905.56,25905.5758,0.1,0.04,25905.51,514,10,25905.46,1074,29,25905.41,1018,48,25905.36,989,38,25905.31,481,8,25905.61,267,5,25905.66,377,12,25905.71,1229,20,25905.76,831,21,25905.81,1131,19,0.3163,0.0305,False
2026-09-29T15:42:39.472339+00:00,^NSEBANK,54258.17,54258.1448,0.2,0.04,54258.07,477,8,54258.02,865,30,54257.97,809,14,54257.92,387,12,54257.87,2142,82,54258.27,799,53,54258.32,452,15,54258.37,294,6,54258.42,1360,40,54258.47,2021,72,-0.2524,-0.0256,False
2026-09-29T15:42:39.622339+00:00,RELIANCE.NS,3010.53,3010.5522,0.1,0.33,3010.48,626,16,3010.43,942,16,3010.38,634,16,3010.33,1506,47,3010.28,1836,41,3010.58,241,9,3010.63,794,17,3010.68,1425,67,3010.73,881,25,3010.78,750,16,0.4441,0.1508,False
2026-09-29T15:42:39.772339+00:00,HDFCBANK.NS,1682.0,1682.0882,0.3,1.78,1681.85,624,27,1681.8,785,14,1681.75,703,14,1681.7,1689,32,1681.65,2203,40,1682.15,162,3,1682.2,462,15,1682.25,1141,21,1682.3,418,13,1682.35,1332,32,0.5878,0.2615,False
2026-09-29T15:42:39.922339+00:00,^NSEI,25838.99,25838.926,0.2,0.08,25838.89,98,1,25838.84,178,4,25838.79,123,5,25838.74,351,6,25838.69,176,8,25839.09,446,13,25839.14,459,8,25839.19,793,15,25839.24,2787,47,25839.29,3190,59,-0.6397,-0.7847,True
2026-09-29T15:42:40.072339+00:00,^NSEBANK,54120.56,54120.5574,0.1,0.02,54120.51,238,4,54120.46,868,20,54120.41,1305,35,54120.36,434,7,54120.31,1534,61,54120.61,264,11,54120.66,522,12,54120.71,697,22,54120.76,836,15,54120.81,2038,33,-0.0518,0.0025,False
2026-09-29T15:42:40.222339+00:00,RELIANCE.NS,3035.27,3035.2671,0.2,0.66,3035.17,670,12,3035.12,229,7,3035.07,1459,37,3035.02,1294,71,3034.97,1005,41,3035.37,710,18,3035.42,510,19,3035.47,376,11,3035.52,1828,63,3035.57,1453,30,-0.029,-0.0231,False
2026-09-29T15:42:40.372339+00:00,HDFCBANK.NS,1679.25,1679.2601,0.3,1.79,1679.1,668,37,1679.05,522,18,1679.0,587,19,1678.95,1379,29,1678.9,506,14,1679.4,584,16,1679.45,785,39,1679.5,1286,29,1679.55,618,19,1679.6,1621,108,0.0671,-0.144,False
2026-09-29T15:42:40.522339+00:00,^NSEI,25832.7,25832.6734,0.3,0.12,25832.55,423,23,25832.5,1017,23,25832.45,815,35,25832.4,352,8,25832.35,770,38,25832.85,605,13,25832.9,1038,57,25832.95,1035,30,25833.0,1816,106,25833.05,1747,109,-0.177,-0.2978,False
2026-09-29T15:42:40.672339+00:00,^NSEBANK,54176.36,54176.3355,0.2,0.04,54176.26,448,9,54176.21,785,17,54176.16,383,19,54176.11,719,18,54176.06,1517,52,54176.46,739,24,54176.51,569,9,54176.56,378,22,54176.61,1316,24,54176.66,1296,21,-0.2452,-0.0547,False
2026-09-29T15:42:40.822339+00:00,RELIANCE.NS,3017.39,3017.4392,0.3,0.99,3017.24,340,9,3017.19,1045,19,3017.14,1472,47,3017.09,944,52,3017.04,2223,111,3017.54,172,5,3017.59,664,11,3017.64,1379,33,3017.69,1703,70,3017.74,576,21,0.3281,0.1455,False
2026-09-29T15:42:40.972339+00:00,HDFCBANK.NS,1681.28,1681.253,0.3,1.78,1681.13,460,9,1681.08,704,37,1681.03,963,53,1680.98,719,15,1680.93,484,8,1681.43,662,11,1681.48,868,17,1681.53,1394,43,1681.58,907,21,1681.63,1730,108,-0.18,-0.2509,False
2026-09-29T15:42:41.122339+00:00,^NSEI,25861.78,25861.7526,0.2,0.08,25861.68,183,6,25861.63,901,37,25861.58,1064,33,25861.53,1553,91,25861.48,1201,66,25861.88,321,15,25861.93,941,44,25861.98,792,13,25862.03,1783,71,25862.08,1912,38,-0.2738,-0.0795,False
2026-09-29T15:42:41.272339+00:00,^NSEBANK,54281.13,54281.1648,0.2,0.04,54281.03,800,13,54280.98,1006,41,54280.93,967,16,54280.88,1868,42,54280.83,798,24,54281.23,387,10,54281.28,374,11,54281.33,970,23,54281.38,890,16,54281.43,618,22,0.3479,0.2535,False
2026-09-29T15:42:41.422339+00:00,RELIANCE.NS,3022.29,3022.3045,0.1,0.33,3022.24,657,21,3022.19,535,26,3022.14,473,23,3022.09,902,16,3022.04,1800,41,3022.34,362,13,3022.39,984,18,3022.44,866,27,3022.49,1135,21,3022.54,1041,23,0.2895,-0.0024,False
2026-09-29T15:42:41.572339+00:00,HDFCBANK.NS,1681.31,1681.3166,0.3,1.78,1681.16,547,11,1681.11,854,16,1681.06,1411,30,1681.01,1593,51,1680.96,1279,23,1681.46,501,13,1681.51,1004,30,1681.56,528,12,1681.61,538,17,1681.66,1528,56,0.0439,0.162,False
2026-09-29T15:42:41.722339+00:00,^NSEI,25835.68,25835.7082,0.1,0.04,25835.63,608,15,25835.58,738,13,25835.53,566,25,25835.48,690,26,25835.43,1327,32,25835.73,169,7,25835.78,584,20,25835.83,625,34,25835.88,1210,28,25835.93,991,61,0.565,0.0466,False
2026-09-29T15:42:41.872339+00:00,^NSEBANK,54210.4,54210.34,0.3,0.06,54210.25,323,13,54210.2,271,7,54210.15,503,10,54210.1,1109,26,54210.05,890,26,54210.55,754,30,54210.6,292,18,54210.65,1276,55,54210.7,679,11,54210.75,1038,21,-0.4002,-0.1322,False
2026-09-29T15:42:42.022339+00:00,RELIANCE.NS,3019.67,3019.6657,0.1,0.33,3019.62,259,7,3019.57,1064,59,3019.52,450,10,3019.47,1701,106,3019.42,2200,51,3019.72,308,10,3019.77,565,14,3019.82,1160,34,3019.87,681,20,3019.92,2102,36,-0.0864,0.0818,False
2026-09-29T15:42:42.172339+00:00,HDFCBANK.NS,1680.59,1680.4774,0.3,1.79,1680.44,51,1,1680.39,73,1,1680.34,76,2,1680.29,79,2,1680.24,421,10,1680.74,358,9,1680.79,1673,36,1680.84,940,29,1680.89,3371,177,1680.94,1305,23,-0.7506,-0.8323,True
2026-09-29T15:42:42.322339+00:00,^NSEI,25901.86,25901.994,0.3,0.12,25901.71,1366,85,25901.66,1811,32,25901.61,577,11,25901.56,2580,46,25901.51,2096,83,25902.01,77,4,25902.06,96,2,25902.11,58,3,25902.16,303,13,25902.21,323,12,0.8933,0.8154,True
2026-09-29T15:42:42.472339+00:00,^NSEBANK,54168.09,54168.1207,0.1,0.02,54168.04,785,46,54167.99,890,20,54167.94,1069,23,54167.89,1038,57,54167.84,428,12,54168.14,188,9,54168.19,371,18,54168.24,1282,47,54168.29,1736,64,54168.34,2223,57,0.6136,-0.1588,False
2026-09-29T15:42:42.622339+00:00,RELIANCE.NS,3022.5,3022.5251,0.3,0.99,3022.35,520,11,3022.3,1100,28,3022.25,799,20,3022.2,1386,35,3022.15,873,51,3022.65,371,6,3022.7,707,19,3022.75,571,35,3022.8,1786,61,3022.85,845,16,0.1672,0.0444,False
2026-09-29T15:42:42.772339+00:00,HDFCBANK.NS,1678.27,1678.2654,0.1,0.6,1678.22,439,13,1678.17,372,7,1678.12,1223,58,1678.07,585,11,1678.02,1318,34,1678.32,527,8,1678.37,304,7,1678.42,1451,39,1678.47,399,7,1678.52,2136,85,-0.0911,-0.1005,False
2026-09-29T15:42:42.922339+00:00,^NSEI,25811.13,25811.2149,0.2,0.08,25811.03,930,17,25810.98,790,19,25810.93,2017,42,25810.88,3113,72,25810.83,1718,47,25811.23,76,2,25811.28,167,9,25811.33,154,2,25811.38,78,2,25811.43,255,4,0.8489,0.843,True
2026-09-29T15:42:43.072339+00:00,^NSEBANK,54194.75,54194.7523,0.2,0.04,54194.65,583,10,54194.6,565,11,54194.55,345,13,54194.5,773,29,54194.45,2175,83,54194.85,557,9,54194.9,388,8,54194.95,919,51,54195.0,1847,36,54195.05,1447,24,0.0228,-0.0747,False
2026-09-29T15:42:43.222339+00:00,RELIANCE.NS,3021.14,3021.0625,0.3,0.99,3020.99,201,4,3020.94,752,17,3020.89,336,5,3020.84,719,16,3020.79,1828,31,3021.29,631,11,3021.34,582,36,3021.39,520,8,3021.44,1842,42,3021.49,1052,18,-0.5168,-0.0935,False
2026-09-29T15:42:43.372339+00:00,HDFCBANK.NS,1677.66,1677.6733,0.1,0.6,1677.61,725,21,1677.56,249,4,1677.51,476,15,1677.46,1351,40,1677.41,2074,37,1677.71,421,9,1677.76,561,9,1677.81,1027,27,1677.86,1623,27,1677.91,1794,42,0.2653,-0.0535,False
2026-09-29T15:42:43.522339+00:00,^NSEI,25773.73,25773.7194,0.2,0.08,25773.63,646,29,25773.58,885,21,25773.53,655,13,25773.48,853,16,25773.43,991,39,25773.83,799,15,25773.88,275,10,25773.93,596,13,25773.98,411,7,25774.03,842,38,-0.1059,0.1592,False
2026-09-29T15:42:43.672339+00:00,^NSEBANK,54138.43,54138.5231,0.2,0.04,54138.33,1177,24,54138.28,1417,44,54138.23,2024,39,54138.18,2812,62,54138.13,3845,167,54138.53,42,2,54138.58,54,1,54138.63,229,4,54138.68,177,8,54138.73,213,4,0.9311,0.8807,True
2026-09-29T15:42:43.822339+00:00,RELIANCE.NS,3014.28,3014.196,0.3,1.0,3014.13,202,4,3014.08,1017,25,3014.03,1046,49,3013.98,437,7,3013.93,1388,49,3014.43,716,14,3014.48,366,9,3014.53,900,16,3014.58,1795,43,3014.63,2038,65,-0.5599,-0.1742,False
2026-09-29T15:42:43.972339+00:00,HDFCBANK.NS,1682.9,1682.9788,0.3,1.78,1682.75,797,29,1682.7,1041,28,1682.65,1254,39,1682.6,1410,30,1682.55,1489,37,1683.05,248,8,1683.1,751,16,1683.15,649,16,1683.2,1172,31,1683.25,1542,53,0.5254,0.1573,False
2026-09-29T15:42:44.122339+00:00,^NSEI,25860.01,25860.018,0.1,0.04,25859.96,355,8,25859.91,909,15,25859.86,583,38,25859.81,1868,42,25859.76,1139,19,25860.06,257,6,25860.11,1057,44,25860.16,372,10,25860.21,1692,33,25860.26,1355,61,0.1601,0.0126,False
2026-09-29T15:42:44.272339+00:00,^NSEBANK,54241.82,54241.7567,0.2,0.04,54241.72,173,5,54241.67,439,9,54241.62,807,22,54241.57,1872,66,54241.52,1400,48,54241.92,770,45,54241.97,1051,18,54242.02,459,11,54242.07,770,25,54242.12,1859,45,-0.6331,-0.0227,False
2026-09-29T15:42:44.422339+00:00,RELIANCE.NS,3017.02,3017.0986,0.2,0.66,3016.92,995,22,3016.87,1325,29,3016.82,2701,67,3016.77,998,66,3016.72,3850,202,3017.12,119,2,3017.17,83,2,3017.22,74,1,3017.27,171,3,3017.32,157,4,0.7864,0.8847,True
2026-09-29T15:42:44.572339+00:00,HDFCBANK.NS,1686.21,1686.2039,0.1,0.59,1686.16,483,32,1686.11,716,21,1686.06,393,7,1686.01,646,43,1685.96,2206,122,1686.26,618,15,1686.31,675,28,1686.36,579,38,1686.41,932,33,1686.46,554,9,-0.1226,0.1392,False
2026-09-29T15:42:44.722339+00:00,^NSEI,25911.77,25911.7264,0.2,0.08,25911.67,162,5,25911.62,379,7,25911.57,1320,57,25911.52,914,21,25911.47,828,15,25911.87,412,17,25911.92,1068,23,25911.97,433,16,25912.02,1026,29,25912.07,1145,22,-0.4355,-0.0626,False
2026-09-29T15:42:44.872339+00:00,^NSEBANK,54222.39,54222.3423,0.2,0.04,54222.29,119,2,54222.24,142,2,54222.19,260,11,54222.14,333,5,54222.09,220,4,54222.49,336,5,54222.54,1328,41,54222.59,1607,44,54222.64,1425,50,54222.69,3099,83,-0.4769,-0.7578,True
2026-09-29T15:42:45.022339+00:00,RELIANCE.NS,3021.45,3021.37,0.3,0.99,3021.3,212,3,3021.25,735,13,3021.2,497,13,3021.15,1513,45,3021.1,2058,51,3021.6,697,26,3021.65,1020,21,3021.7,1126,28,3021.75,430,26,3021.8,733,22,-0.5336,0.1119,False
2026-09-29T15:42:45.172339+00:00,HDFCBANK.NS,1682.82,1682.8168,0.1,0.59,1682.77,273,6,1682.72,648,17,1682.67,625,29,1682.62,415,16,1682.57,1847,54,1682.87,310,8,1682.92,993,25,1682.97,1221,24,1683.02,1724,38,1683.07,1635,34,-0.0635,-0.2141,False
2026-09-29T15:42:45.322339+00:00,^NSEI,25856.73,25856.7716,0.2,0.08,25856.63,405,8,25856.58,577,28,25856.53,1064,62,25856.48,1764,51,25856.43,652,28,25856.83,167,4,25856.88,262,5,25856.93,1174,23,25856.98,556,14,25857.03,1148,22,0.4161,0.1487,False
2026-09-29T15:42:45.472339+00:00,^NSEBANK,54129.35,54129.3626,0.3,0.06,54129.2,665,16,54129.15,237,11,54129.1,587,9,54129.05,1247,30,54129.0,1842,43,54129.5,562,13,54129.55,569,24,54129.6,853,32,54129.65,1590,26,54129.7,909,15,0.0839,0.0105,False
2026-09-29T15:42:45.622339+00:00,RELIANCE.NS,3018.45,3018.4993,0.2,0.66,3018.35,542,15,3018.3,503,11,3018.25,412,11,3018.2,1823,30,3018.15,540,15,3018.55,184,8,3018.6,1132,22,3018.65,723,45,3018.7,383,9,3018.75,1066,25,0.4931,0.0454,False
2026-09-29T15:42:45.772339+00:00,HDFCBANK.NS,1681.26,1681.2495,0.2,1.19,1681.16,557,12,1681.11,1133,22,1681.06,647,38,1681.01,766,34,1680.96,1752,35,1681.36,688,14,1681.41,682,12,1681.46,1445,31,1681.51,1222,61,1681.56,935,19,-0.1052,-0.0119,False
2026-09-29T15:42:45.922339+00:00,^NSEI,25894.41,25894.4512,0.1,0.04,25894.36,1103,19,25894.31,584,24,25894.26,1521,36,25894.21,706,14,25894.16,3401,73,25894.46,107,1,25894.51,97,1,25894.56,253,4,25894.61,176,4,25894.66,95,3,0.8231,0.819,True
2026-09-29T15:42:46.072339+00:00,^NSEBANK,54155.67,54155.6448,0.2,0.04,54155.57,430,9,54155.52,929,19,54155.47,851,22,54155.42,740,14,54155.37,1875,35,54155.77,720,15,54155.82,600,10,54155.87,355,8,54155.92,1654,31,54155.97,2083,61,-0.2522,-0.0573,False
2026-09-29T15:42:46.222339+00:00,RELIANCE.NS,3019.21,3019.2324,0.2,0.66,3019.11,781,21,3019.06,543,15,3019.01,611,13,3018.96,1654,63,3018.91,1663,57,3019.31,495,9,3019.36,472,29,3019.41,948,15,3019.46,408,10,3019.51,1184,24,0.2241,0.1992,False
2026-09-29T15:42:46.372339+00:00,HDFCBANK.NS,1679.67,1679.601,0.2,1.19,1679.57,91,2,1679.52,108,2,1679.47,61,2,1679.42,158,3,1679.37,141,3,1679.77,496,15,1679.82,1552,67,1679.87,2154,36,1679.92,2199,64,1679.97,1456,72,-0.6899,-0.8672,True
2026-09-29T15:42:46.522339+00:00,^NSEI,25825.1,25825.1276,0.1,0.04,25825.05,593,13,25825.0,580,13,25824.95,858,15,25824.9,1355,56,25824.85,610,22,25825.15,171,6,25825.2,1102,22,25825.25,913,18,25825.3,491,15,25825.35,1808,60,0.5524,-0.0577,False
2026-09-29T15:42:46.672339+00:00,^NSEBANK,54148.72,54148.7263,0.1,0.02,54148.67,775,40,54148.62,768,13,54148.57,1434,68,54148.52,1833,41,54148.47,1568,31,54148.77,601,12,54148.82,327,6,54148.87,575,31,54148.92,493,9,54148.97,1705,41,0.1265,0.2656,False
2026-09-29T15:42:46.822339+00:00,RELIANCE.NS,3024.31,3024.3061,0.1,0.33,3024.26,649,11,3024.21,1028,27,3024.16,596,29,3024.11,1849,49,3024.06,1582,65,3024.36,758,39,3024.41,968,34,3024.46,541,11,3024.51,1299,46,3024.56,1845,63,-0.0775,0.0264,False
2026-09-29T15:42:46.972339+00:00,HDFCBANK.NS,1679.1,1679.0235,0.2,1.19,1679.0,136,3,1678.95,112,2,1678.9,290,6,1678.85,130,7,1678.8,385,18,1679.2,1020,63,1679.25,1905,39,1679.3,2435,45,1679.35,731,12,1679.4,1023,31,-0.7647,-0.7421,True
2026-09-29T15:42:47.122339+00:00,^NSEI,25800.95,25800.9969,0.2,0.08,25800.85,506,22,25800.8,609,16,25800.75,950,25,25800.7,808,18,25800.65,2195,37,25801.05,183,4,25801.1,1020,17,25801.15,1005,24,25801.2,1753,67,25801.25,571,28,0.4688,0.0558,False
2026-09-29T15:42:47.272339+00:00,^NSEBANK,54090.8,54090.7927,0.1,0.02,54090.75,187,12,54090.7,398,16,54090.65,989,47,54090.6,1308,45,54090.55,1640,48,54090.85,251,6,54090.9,836,15,54090.95,809,17,54091.0,383,10,54091.05,1828,63,-0.1461,0.0481,False
2026-09-29T15:42:47.422339+00:00,RELIANCE.NS,3018.82,3018.7969,0.2,0.66,3018.72,312,5,3018.67,640,22,3018.62,355,23,3018.57,1492,87,3018.52,725,18,3018.92,499,29,3018.97,314,6,3019.02,1185,22,3019.07,1370,47,3019.12,484,26,-0.2306,-0.0445,False
2026-09-29T15:42:47.572339+00:00,HDFCBANK.NS,1673.18,1673.2216,0.3,1.79,1673.03,755,14,1672.98,253,4,1672.93,376,17,1672.88,1391,39,1672.83,2116,124,1673.33,427,9,1673.38,1062,25,1673.43,708,21,1673.48,357,9,1673.53,1338,23,0.2775,0.1137,False
2026-09-29T15:42:47.722339+00:00,^NSEI,25881.77,25881.6647,0.3,0.12,25881.62,112,4,25881.57,151,4,25881.52,152,6,25881.47,352,8,25881.42,293,5,25881.92,639,14,25881.97,584,12,25882.02,1255,41,25882.07,1273,27,25882.12,2620,56,-0.7017,-0.7147,True
2026-09-29T15:42:47.872339+00:00,^NSEBANK,54210.44,54210.4318,0.2,0.04,54210.34,365,13,54210.29,627,16,54210.24,1318,29,54210.19,1057,22,54210.14,1299,41,54210.54,430,11,54210.59,638,23,54210.64,1341,32,54210.69,1600,47,54210.74,515,16,-0.0818,0.0155,False
2026-09-29T15:42:48.022339+00:00,RELIANCE.NS,3026.4,3026.4022,0.2,0.66,3026.3,525,26,3026.25,311,11,3026.2,970,31,3026.15,1158,50,3026.1,694,21,3026.5,502,10,3026.55,906,25,3026.6,1474,27,3026.65,923,21,3026.7,1926,68,0.0224,-0.2208,False
2026-09-29T15:42:48.172339+00:00,HDFCBANK.NS,1677.97,1677.9579,0.1,0.6,1677.92,282,7,1677.87,761,12,1677.82,1090,64,1677.77,1522,63,1677.72,1041,19,1678.02,463,18,1678.07,375,19,1678.12,537,12,1678.17,737,17,1678.22,2195,104,-0.243,0.0432,False
2026-09-29T15:42:48.322339+00:00,^NSEI,25912.18,25912.1933,0.1,0.04,25912.13,732,18,25912.08,564,12,25912.03,545,10,25911.98,1595,36,25911.93,770,42,25912.23,425,9,25912.28,374,8,25912.33,1214,21,25912.38,784,24,25912.43,1671,34,0.2653,-0.0302,False
2026-09-29T15:42:48.472339+00:00,^NSEBANK,54256.59,54256.6301,0.3,0.06,54256.44,386,7,54256.39,256,14,54256.34,881,48,54256.29,1057,23,54256.24,1114,23,54256.74,223,7,54256.79,1151,76,54256.84,830,15,54256.89,1085,45,54256.94,893,16,0.2677,-0.062,False
2026-09-29T15:42:48.622339+00:00,RELIANCE.NS,3016.88,3016.8645,0.1,0.33,3016.83,297,5,3016.78,465,11,3016.73,1107,30,3016.68,841,32,3016.63,719,24,3016.93,564,18,3016.98,881,40,3017.03,864,27,3017.08,1454,26,3017.13,1822,91,-0.3101,-0.2392,False
2026-09-29T15:42:48.772339+00:00,HDFCBANK.NS,1681.16,1681.2359,0.3,1.78,1681.01,311,10,1680.96,1151,25,1680.91,2267,43,1680.86,2085,37,1680.81,1391,25,1681.31,102,2,1681.36,220,3,1681.41,189,7,1681.46,79,2,1681.51,315,8,0.5061,0.7768,True
2026-09-29T15:42:48.922339+00:00,^NSEI,25898.54,25898.5474,0.1,0.04,25898.49,768,20,25898.44,504,8,25898.39,887,17,25898.34,1400,23,25898.29,820,21,25898.59,570,15,25898.64,914,24,25898.69,482,10,25898.74,1774,35,25898.79,602,15,0.148,0.0042,False
2026-09-29T15:42:49.072339+00:00,^NSEBANK,54143.73,54143.7724,0.1,0.02,54143.68,1087,40,54143.63,785,41,54143.58,1881,34,54143.53,659,12,54143.48,1224,22,54143.78,90,1,54143.83,116,2,54143.88,154,2,54143.93,269,15,54143.98,227,6,0.8471,0.7363,True
2026-09-29T15:42:49.222339+00:00,RELIANCE.NS,3022.46,3022.4166,0.3,0.99,3022.31,349,23,3022.26,411,25,3022.21,932,17,3022.16,1339,38,3022.11,1341,38,3022.61,633,42,3022.66,825,15,3022.71,1155,19,3022.76,535,29,3022.81,560,14,-0.2892,0.0822,False
2026-09-29T15:42:49.372339+00:00,HDFCBANK.NS,1679.51,1679.5211,0.2,1.19,1679.41,486,8,1679.36,449,8,1679.31,1335,66,1679.26,1729,29,1679.21,1825,41,1679.61,389,8,1679.66,929,18,1679.71,1031,41,1679.76,970,16,1679.81,1861,80,0.1109,0.0585,False
2026-09-29T15:42:49.522339+00:00,^NSEI,25861.05,25861.0792,0.1,0.04,25861.0,591,31,25860.95,762,23,25860.9,615,20,25860.85,883,55,25860.8,554,15,25861.1,155,5,25861.15,935,18,25861.2,826,21,25861.25,1468,28,25861.3,638,21,0.5845,-0.0831,False
2026-09-29T15:42:49.672339+00:00,^NSEBANK,54311.02,54310.9634,0.2,0.04,54310.92,195,6,54310.87,1065,28,54310.82,737,17,54310.77,824,25,54310.72,529,12,54311.12,704,25,54311.17,458,9,54311.22,898,40,54311.27,411,14,54311.32,826,39,-0.5662,0.008,False
2026-09-29T15:42:49.822339+00:00,RELIANCE.NS,3026.24,3026.2485,0.2,0.66,3026.14,662,13,3026.09,864,15,3026.04,416,11,3025.99,1536,33,3025.94,1374,27,3026.34,558,29,3026.39,522,9,3026.44,807,40,3026.49,1764,63,3026.54,1990,40,0.0852,-0.0752,False
2026-09-29T15:42:49.972339+00:00,HDFCBANK.NS,1685.46,1685.3969,0.2,1.19,1685.36,173,3,1685.31,310,8,1685.26,600,10,1685.21,1010,67,1685.16,1691,93,1685.56,764,34,1685.61,465,15,1685.66,936,29,1685.71,968,19,1685.76,1436,31,-0.6307,-0.094,False
2026-09-29T15:42:50.122339+00:00,^NSEI,25899.15,25899.1104,0.1,0.04,25899.1,118,2,25899.05,173,5,25899.0,134,3,25898.95,174,3,25898.9,267,5,25899.2,1020,48,25899.25,1359,24,25899.3,1778,46,25899.35,1662,50,25899.4,1396,27,-0.7926,-0.7857,True
2026-09-29T15:42:50.272339+00:00,^NSEBANK,54184.03,54184.0458,0.1,0.02,54183.98,718,13,54183.93,939,25,54183.88,1398,36,54183.83,1050,19,54183.78,1302,27,54184.08,373,11,54184.13,271,7,54184.18,710,22,54184.23,1626,37,54184.28,1766,29,0.3162,0.0651,False
2026-09-29T15:42:50.422339+00:00,RELIANCE.NS,3016.47,3016.4626,0.1,0.33,3016.42,529,25,3016.37,268,14,3016.32,790,16,3016.27,1344,32,3016.22,1819,46,3016.52,714,39,3016.57,359,13,3016.62,1468,77,3016.67,639,22,3016.72,473,18,-0.1488,0.1305,False
2026-09-29T15:42:50.572339+00:00,HDFCBANK.NS,1687.56,1687.5561,0.1,0.59,1687.51,262,12,1687.46,1091,40,1687.41,847,38,1687.36,1024,21,1687.31,1307,48,1687.61,306,12,1687.66,754,18,1687.71,771,16,1687.76,1219,22,1687.81,1260,31,-0.0775,0.025,False
2026-09-29T15:42:50.722339+00:00,^NSEI,25815.24,25815.2533,0.2,0.08,25815.14,374,8,25815.09,735,20,25815.04,492,12,25814.99,954,27,25814.94,1456,30,25815.34,286,8,25815.39,952,35,25815.44,1086,36,25815.49,1776,52,25815.54,1864,51,0.1333,-0.1958,False
2026-09-29T15:42:50.872339+00:00,^NSEBANK,54395.23,54395.2267,0.2,0.04,54395.13,410,10,54395.08,319,11,54395.03,621,24,54394.98,1532,34,54394.93,991,22,54395.33,438,9,54395.38,959,33,54395.43,682,23,54395.48,1320,26,54395.53,960,16,-0.033,-0.059,False
2026-09-29T15:42:51.022339+00:00,RELIANCE.NS,3021.8,3021.7796,0.2,0.66,3021.7,284,9,3021.65,375,6,3021.6,1255,43,3021.55,1609,32,3021.5,1103,55,3021.9,430,13,3021.95,758,19,3022.0,324,16,3022.05,1236,29,3022.1,840,46,-0.2045,0.1264,False
2026-09-29T15:42:51.172339+00:00,HDFCBANK.NS,1680.7,1680.7191,0.1,0.59,1680.65,663,20,1680.6,1006,50,1680.55,1048,55,1680.5,808,13,1680.45,2091,36,1680.75,296,7,1680.8,234,8,1680.85,585,14,1680.9,817,18,1680.95,907,39,0.3827,0.3284,False
2026-09-29T15:42:51.322339+00:00,^NSEI,25911.92,25911.9126,0.1,0.04,25911.87,581,27,25911.82,330,17,25911.77,685,18,25911.72,1283,64,25911.67,509,13,25911.97,784,14,25912.02,765,24,25912.07,1012,31,25912.12,1762,53,25912.17,697,19,-0.1487,-0.1941,False
2026-09-29T15:42:51.472339+00:00,^NSEBANK,54174.11,54174.0935,0.2,0.04,54174.01,452,18,54173.96,224,6,54173.91,1094,31,54173.86,1414,50,54173.81,2198,52,54174.21,630,33,54174.26,774,22,54174.31,670,27,54174.36,1348,25,54174.41,588,12,-0.1645,0.1461,False
2026-09-29T15:42:51.622339+00:00,RELIANCE.NS,3016.76,3016.7867,0.1,0.33,3016.71,660,11,3016.66,342,7,3016.61,729,17,3016.56,517,12,3016.51,638,17,3016.81,200,8,3016.86,1000,18,3016.91,1377,25,3016.96,392,8,3017.01,450,8,0.5349,-0.0845,False
2026-09-29T15:42:51.772339+00:00,HDFCBANK.NS,1681.32,1681.3437,0.1,0.59,1681.27,691,46,1681.22,717,12,1681.17,495,8,1681.12,1172,22,1681.07,448,28,1681.37,246,7,1681.42,491,17,1681.47,469,9,1681.52,1358,37,1681.57,912,31,0.4749,0.0067,False
2026-09-29T15:42:51.922339+00:00,^NSEI,25880.59,25880.59,0.1,0.04,25880.54,419,7,25880.49,1084,30,25880.44,1248,25,25880.39,1809,34,25880.34,607,24,25880.64,419,7,25880.69,258,5,25880.74,1314,23,25880.79,636,19,25880.84,1624,73,0.0,0.0973,False
2026-09-29T15:42:52.072339+00:00,^NSEBANK,54027.49,54027.4825,0.2,0.04,54027.39,468,18,54027.34,962,37,54027.29,756,36,54027.24,1743,79,54027.19,534,9,54027.59,544,11,54027.64,321,6,54027.69,1506,29,54027.74,709,18,54027.79,475,26,-0.0751,0.1132,False
2026-09-29T15:42:52.222339+00:00,RELIANCE.NS,3019.04,3019.0362,0.1,0.33,3018.99,486,8,3018.94,595,10,3018.89,858,22,3018.84,404,7,3018.79,1680,98,3019.09,567,14,3019.14,321,5,3019.19,1200,44,3019.24,596,25,3019.29,1691,42,-0.0769,-0.0419,False
2026-09-29T15:42:52.372339+00:00,HDFCBANK.NS,1683.86,1683.8845,0.2,1.19,1683.76,753,39,1683.71,717,42,1683.66,750,14,1683.61,789,15,1683.56,817,14,1683.96,457,30,1684.01,1074,17,1684.06,579,18,1684.11,972,17,1684.16,1503,71,0.2446,-0.0902,False
2026-09-29T15:42:52.522339+00:00,^NSEI,25842.21,25842.2432,0.1,0.04,25842.16,752,35,25842.11,1268,42,25842.06,2698,77,25842.01,1192,29,25841.96,1960,75,25842.26,152,3,25842.31,110,6,25842.36,168,4,25842.41,226,4,25842.46,292,8,0.6637,0.785,True
2026-09-29T15:42:52.672339+00:00,^NSEBANK,54333.0,54333.0922,0.2,0.04,54332.9,1306,87,54332.85,1062,27,54332.8,943,23,54332.75,3274,55,54332.7,1436,24,54333.1,53,1,54333.15,44,1,54333.2,243,10,54333.25,311,5,54333.3,139,9,0.922,0.8207,True
2026-09-29T15:42:52.822339+00:00,RELIANCE.NS,3017.92,3017.8809,0.2,0.66,3017.82,260,10,3017.77,797,13,3017.72,345,6,3017.67,1062,27,3017.62,963,48,3018.02,594,18,3018.07,1041,38,3018.12,545,36,3018.17,549,28,3018.22,557,22,-0.3911,0.021,False
2026-09-29T15:42:52.972339+00:00,HDFCBANK.NS,1682.51,1682.4889,0.2,1.19,1682.41,390,10,1682.36,1094,26,1682.31,573,23,1682.26,665,11,1682.21,1514,44,1682.61,598,17,1682.66,520,17,1682.71,837,18,1682.76,728,18,1682.81,2186,57,-0.2105,-0.0695,False
2026-09-29T15:42:53.122339+00:00,^NSEI,25822.13,25822.1755,0.2,0.08,25822.03,598,13,25821.98,287,4,25821.93,1128,32,25821.88,723,13,25821.83,2024,80,25822.23,224,4,25822.28,996,39,25822.33,934,27,25822.38,1062,30,25822.43,965,34,0.455,0.0648,False
2026-09-29T15:42:53.272339+00:00,^NSEBANK,54250.84,54250.8535,0.2,0.04,54250.74,442,10,54250.69,719,12,54250.64,887,22,54250.59,1551,38,54250.54,2024,106,54250.94,337,7,54250.99,552,9,54251.04,1183,19,54251.09,1783,37,54251.14,2181,145,0.1348,-0.0354,False
2026-09-29T15:42:53.422339+00:00,RELIANCE.NS,3020.5,3020.4626,0.3,0.99,3020.35,188,3,3020.3,348,9,3020.25,988,29,3020.2,1266,70,3020.15,2189,39,3020.65,313,6,3020.7,329,21,3020.75,1502,30,3020.8,1104,26,3020.85,784,30,-0.2495,0.1051,False
2026-09-29T15:42:53.572339+00:00,HDFCBANK.NS,1681.06,1680.9978,0.2,1.19,1680.96,162,2,1680.91,951,63,1680.86,433,15,1680.81,1142,21,1680.76,1833,48,1681.16,696,38,1681.21,324,5,1681.26,1147,33,1681.31,1424,28,1681.36,554,12,-0.6224,0.0434,False
2026-09-29T15:42:53.722339+00:00,^NSEI,25825.52,25825.4937,0.3,0.12,25825.37,242,7,25825.32,474,20,25825.27,581,10,25825.22,1565,42,25825.17,1380,39,25825.67,345,5,25825.72,735,13,25825.77,708,12,25825.82,979,44,25825.87,1307,81,-0.1755,0.0202,False
2026-09-29T15:42:53.872339+00:00,^NSEBANK,54243.49,54243.4368,0.2,0.04,54243.39,236,4,54243.34,442,8,54243.29,1187,53,54243.24,911,22,54243.19,1321,82,54243.59,772,16,54243.64,810,15,54243.69,1140,28,54243.74,1170,26,54243.79,1920,56,-0.5317,-0.1731,False
2026-09-29T15:42:54.022339+00:00,RELIANCE.NS,3018.92,3018.9723,0.2,0.66,3018.82,716,24,3018.77,1099,33,3018.72,1449,45,3018.67,1386,57,3018.62,2100,43,3019.02,224,6,3019.07,1006,30,3019.12,533,25,3019.17,979,27,3019.22,526,15,0.5234,0.3476,False
2026-09-29T15:42:54.172339+00:00,HDFCBANK.NS,1682.12,1682.0836,0.2,1.19,1682.02,232,13,1681.97,759,47,1681.92,368,8,1681.87,1743,29,1681.82,2128,66,1682.22,497,12,1682.27,816,16,1682.32,1026,41,1682.37,589,21,1682.42,686,22,-0.3635,0.1827,False
2026-09-29T15:42:54.322339+00:00,^NSEI,25862.25,25862.3658,0.3,0.12,25862.1,1189,41,25862.05,2012,49,25862.0,2154,71,25861.95,1569,31,25861.9,801,15,25862.4,153,6,25862.45,104,2,25862.5,292,8,25862.55,330,8,25862.6,358,6,0.772,0.7239,True
2026-09-29T15:42:54.472339+00:00,^NSEBANK,54140.49,54140.5578,0.3,0.06,54140.34,525,10,54140.29,1112,19,54140.24,621,18,54140.19,665,12,54140.14,2063,73,54140.64,198,3,54140.69,1133,24,54140.74,1493,35,54140.79,1872,38,54140.84,498,11,0.4523,-0.0204,False
2026-09-29T15:42:54.622339+00:00,RELIANCE.NS,3023.45,3023.4393,0.2,0.66,3023.35,372,12,3023.3,233,4,3023.25,1181,43,3023.2,754,20,3023.15,868,51,3023.55,461,18,3023.6,442,8,3023.65,577,12,3023.7,977,25,3023.75,1612,94,-0.1068,-0.0884,False
2026-09-29T15:42:54.772339+00:00,HDFCBANK.NS,1681.99,1681.995,0.3,1.78,1681.84,514,16,1681.79,706,41,1681.74,1288,58,1681.69,1177,65,1681.64,1237,36,1682.14,481,15,1682.19,565,11,1682.24,1010,28,1682.29,1663,28,1682.34,711,13,0.0332,0.0526,False
2026-09-29T15:42:54.922339+00:00,^NSEI,25791.44,25791.4541,0.1,0.04,25791.39,375,23,25791.34,974,23,25791.29,450,7,25791.24,1029,18,25791.19,2060,54,25791.49,210,4,25791.54,314,7,25791.59,385,8,25791.64,1781,35,25791.69,1324,47,0.2821,0.0982,False
2026-09-29T15:42:55.072339+00:00,^NSEBANK,54135.88,54135.8758,0.3,0.06,54135.73,701,16,54135.68,514,25,54135.63,938,25,54135.58,406,11,54135.53,1212,21,54136.03,741,27,54136.08,524,21,54136.13,1113,35,54136.18,925,18,54136.23,1288,58,-0.0277,-0.0981,False
2026-09-29T15:42:55.222339+00:00,RELIANCE.NS,3013.48,3013.4004,0.3,1.0,3013.33,211,5,3013.28,667,27,3013.23,1371,50,3013.18,1459,24,3013.13,565,9,3013.63,688,12,3013.68,307,19,3013.73,558,9,3013.78,667,14,3013.83,464,27,-0.5306,0.2284,False
2026-09-29T15:42:55.372339+00:00,HDFCBANK.NS,1677.99,1677.9707,0.1,0.6,1677.94,280,7,1677.89,867,25,1677.84,338,11,1677.79,665,22,1677.74,1038,21,1678.04,631,37,1678.09,968,35,1678.14,290,8,1678.19,517,15,1678.24,1153,28,-0.3853,-0.055,False
2026-09-29T15:42:55.522339+00:00,^NSEI,25877.0,25877.0111,0.1,0.04,25876.95,408,8,25876.9,276,5,25876.85,919,61,25876.8,1259,25,25876.75,1624,95,25877.05,260,9,25877.1,1028,18,25877.15,1174,20,25877.2,914,27,25877.25,436,8,0.2216,0.0812,False
2026-09-29T15:42:55.672339+00:00,^NSEBANK,54084.09,54084.0758,0.1,0.02,54084.04,268,4,54083.99,1149,19,54083.94,1128,43,54083.89,944,21,54083.84,1607,80,54084.14,480,8,54084.19,350,23,54084.24,822,48,54084.29,601,15,54084.34,1965,46,-0.2834,0.0943,False
2026-09-29T15:42:55.822339+00:00,RELIANCE.NS,3013.55,3013.5225,0.1,0.33,3013.5,187,4,3013.45,475,10,3013.4,1282,28,3013.35,768,24,3013.3,579,22,3013.6,645,15,3013.65,1013,56,3013.7,855,24,3013.75,806,13,3013.8,2217,92,-0.5505,-0.2543,False
2026-09-29T15:42:55.972339+00:00,HDFCBANK.NS,1679.87,1679.8619,0.1,0.6,1679.82,263,16,1679.77,234,6,1679.72,739,13,1679.67,954,38,1679.62,548,18,1679.92,364,12,1679.97,419,14,1680.02,775,15,1680.07,705,17,1680.12,828,34,-0.1611,-0.0606,False
2026-09-29T15:42:56.122339+00:00,^NSEI,25779.41,25779.4092,0.2,0.08,25779.31,389,8,25779.26,732,28,25779.21,1103,64,25779.16,820,35,25779.11,1349,29,25779.51,395,7,25779.56,239,5,25779.61,997,26,25779.66,564,18,25779.71,1786,51,-0.0077,0.0492,False
2026-09-29T15:42:56.272339+00:00,^NSEBANK,54050.83,54050.775,0.3,0.06,54050.68,304,10,54050.63,298,8,54050.58,1164,77,54050.53,1621,30,54050.48,1041,32,54050.98,656,14,54051.03,400,7,54051.08,1088,19,54051.13,897,18,54051.18,742,28,-0.3667,0.0786,False
2026-09-29T15:42:56.422339+00:00,RELIANCE.NS,3012.22,3012.2257,0.2,0.66,3012.12,722,32,3012.07,1125,31,3012.02,1516,101,3011.97,1680,30,3011.92,1573,78,3012.32,644,17,3012.37,475,15,3012.42,304,16,3012.47,1786,47,3012.52,1136,29,0.0571,0.2072,False
2026-09-29T15:42:56.572339+00:00,HDFCBANK.NS,1678.59,1678.5237,0.3,1.79,1678.44,303,9,1678.39,435,7,1678.34,1008,48,1678.29,493,10,1678.24,515,32,1678.74,783,27,1678.79,726,19,1678.84,877,32,1678.89,1207,21,1678.94,1803,94,-0.442,-0.3242,False
2026-09-29T15:42:56.722339+00:00,^NSEI,25881.54,25881.5129,0.1,0.04,25881.49,235,5,25881.44,958,63,25881.39,446,9,25881.34,972,16,25881.29,761,16,25881.59,792,33,25881.64,854,16,25881.69,988,28,25881.74,1670,46,25881.79,1982,37,-0.5424,-0.3017,False
2026-09-29T15:42:56.872339+00:00,^NSEBANK,54251.37,54251.3397,0.2,0.04,54251.27,409,11,54251.22,777,14,54251.17,600,40,54251.12,1647,42,54251.07,2125,66,54251.47,765,34,54251.52,713,23,54251.57,494,8,54251.62,932,62,54251.67,758,27,-0.3032,0.2056,False
2026-09-29T15:42:57.022339+00:00,RELIANCE.NS,3015.59,3015.6094,0.1,0.33,3015.54,678,14,3015.49,664,25,3015.44,828,48,3015.39,425,8,3015.34,448,26,3015.64,299,5,3015.69,437,9,3015.74,1331,22,3015.79,1814,53,3015.84,1439,28,0.3879,-0.2723,False
2026-09-29T15:42:57.172339+00:00,HDFCBANK.NS,1680.99,1680.995,0.1,0.59,1680.94,253,14,1680.89,710,22,1680.84,742,22,1680.79,848,25,1680.74,840,31,1681.04,207,6,1681.09,725,23,1681.14,665,17,1681.19,1527,69,1681.24,943,18,0.1,-0.0903,False
2026-09-29T15:42:57.322339+00:00,^NSEI,25882.4,25882.3887,0.3,0.12,25882.25,584,10,25882.2,653,10,25882.15,659,20,25882.1,441,7,25882.05,882,23,25882.55,679,18,25882.6,329,6,25882.65,1132,32,25882.7,1637,34,25882.75,1738,108,-0.0752,-0.2629,False
2026-09-29T15:42:57.472339+00:00,^NSEBANK,54189.62,54189.6779,0.3,0.06,54189.47,481,9,54189.42,698,14,54189.37,1242,24,54189.32,928,21,54189.27,585,29,54189.77,213,5,54189.82,304,7,54189.87,1067,19,54189.92,942,30,54189.97,2184,42,0.3862,-0.0898,False
2026-09-29T15:42:57.622339+00:00,RELIANCE.NS,3025.31,3025.2929,0.2,0.66,3025.21,203,3,3025.16,603,19,3025.11,1413,64,3025.06,1856,44,3025.01,1520,26,3025.41,287,7,3025.46,894,24,3025.51,1113,21,3025.56,714,11,3025.61,1318,65,-0.1714,0.1279,False
2026-09-29T15:42:57.772339+00:00,HDFCBANK.NS,1684.47,1684.4743,0.1,0.59,1684.42,777,15,1684.37,588,14,1684.32,302,7,1684.27,1135,19,1684.22,806,42,1684.52,654,14,1684.57,1055,19,1684.62,598,13,1684.67,1715,41,1684.72,2060,39,0.086,-0.2553,False
2026-09-29T15:42:57.922339+00:00,^NSEI,25846.88,25846.9167,0.3,0.12,25846.73,404,6,25846.68,991,20,25846.63,1330,60,25846.58,1600,80,25846.53,1094,40,25847.03,245,6,25847.08,888,22,25847.13,706,17,25847.18,629,11,25847.23,1887,117,0.245,0.1089,False
2026-09-29T15:42:58.072339+00:00,^NSEBANK,54153.84,54153.7624,0.2,0.04,54153.74,106,2,54153.69,206,7,54153.64,300,6,54153.59,139,2,54153.54,195,4,54153.94,842,16,54153.99,1156,34,54154.04,1532,26,54154.09,1146,44,54154.14,3810,73,-0.7764,-0.7994,True
2026-09-29T15:42:58.222339+00:00,RELIANCE.NS,3020.63,3020.6073,0.2,0.66,3020.53,398,16,3020.48,1086,22,3020.43,482,10,3020.38,1405,52,3020.33,2052,55,3020.73,632,13,3020.78,594,10,3020.83,1271,42,3020.88,448,23,3020.93,2102,105,-0.2272,0.0359,False
2026-09-29T15:42:58.372339+00:00,HDFCBANK.NS,1676.91,1676.918,0.1,0.6,1676.86,242,6,1676.81,848,19,1676.76,450,22,1676.71,1149,39,1676.66,1937,43,1676.96,175,5,1677.01,379,8,1677.06,801,24,1677.11,921,26,1677.16,630,31,0.1607,0.2284,False
2026-09-29T15:42:58.522339+00:00,^NSEI,25848.62,25848.6281,0.2,0.08,25848.52,800,47,25848.47,477,9,25848.42,837,13,25848.37,1261,42,25848.32,2234,42,25848.72,680,34,25848.77,1086,27,25848.82,1434,95,25848.87,564,24,25848.92,915,26,0.0811,0.0904,False
2026-09-29T15:42:58.672339+00:00,^NSEBANK,54201.36,54201.42,0.3,0.06,54201.21,525,8,54201.16,233,8,54201.11,1246,77,54201.06,1092,22,54201.01,431,28,54201.51,225,5,54201.56,1084,32,54201.61,425,8,54201.66,996,19,54201.71,1187,29,0.4,-0.0524,False
2026-09-29T15:42:58.822339+00:00,RELIANCE.NS,3018.6,3018.5988,0.1,0.33,3018.55,721,12,3018.5,775,26,3018.45,883,19,3018.4,888,19,3018.35,2105,65,3018.65,755,41,3018.7,1113,33,3018.75,1267,28,3018.8,524,17,3018.85,758,31,-0.023,0.0976,False
2026-09-29T15:42:58.972339+00:00,HDFCBANK.NS,1676.21,1676.1764,0.2,1.19,1676.11,210,13,1676.06,475,31,1676.01,1016,24,1675.96,556,16,1675.91,714,25,1676.31,423,10,1676.36,1012,28,1676.41,822,22,1676.46,937,16,1676.51,512,23,-0.3365,-0.1101,False
2026-09-29T15:42:59.122339+00:00,^NSEI,25790.23,25790.2333,0.3,0.12,25790.08,727,14,25790.03,1110,20,25789.98,655,19,25789.93,1245,21,25789.88,1976,35,25790.38,696,21,25790.43,1044,18,25790.48,826,21,25790.53,690,16,25790.58,1764,32,0.0218,0.0646,False
2026-09-29T15:42:59.272339+00:00,^NSEBANK,54112.85,54112.8729,0.2,0.04,54112.75,737,17,54112.7,1113,74,54112.65,285,7,54112.6,1036,22,54112.55,1887,37,54112.95,462,13,54113.0,627,18,54113.05,461,9,54113.1,1348,40,54113.15,940,15,0.2294,0.1371,False
2026-09-29T15:42:59.422339+00:00,RELIANCE.NS,3025.64,3025.6403,0.2,0.66,3025.54,711,22,3025.49,555,11,3025.44,361,6,3025.39,1412,36,3025.34,876,48,3025.74,707,16,3025.79,466,20,3025.84,461,8,3025.89,1198,24,3025.94,882,23,0.0028,0.0263,False
2026-09-29T15:42:59.572339+00:00,HDFCBANK.NS,1679.05,1679.0245,0.2,1.19,1678.95,452,18,1678.9,603,33,1678.85,478,19,1678.8,1142,63,1678.75,1604,27,1679.15,762,40,1679.2,568,21,1679.25,879,14,1679.3,1339,51,1679.35,1374,62,-0.2554,-0.0699,False
2026-09-29T15:42:59.722339+00:00,^NSEI,25841.26,25841.2896,0.2,0.08,25841.16,328,7,25841.11,981,65,25841.06,495,10,25841.01,937,26,25840.96,1307,25,25841.36,178,3,25841.41,1087,60,25841.46,756,18,25841.51,439,8,25841.56,2167,65,0.2964,-0.0667,False
2026-09-29T15:42:59.872339+00:00,^NSEBANK,54325.23,54325.1905,0.3,0.06,54325.08,372,17,54325.03,643,20,54324.98,1364,71,54324.93,1583,79,54324.88,593,12,54325.38,638,11,54325.43,727,16,54325.48,678,13,54325.53,702,12,54325.58,1968,89,-0.2634,-0.017,False
2026-09-29T15:43:00.022339+00:00,RELIANCE.NS,3022.12,3022.1214,0.2,0.66,3022.02,706,30,3021.97,1125,23,3021.92,1485,46,3021.87,1410,36,3021.82,1097,34,3022.22,687,17,3022.27,1058,18,3022.32,1425,36,3022.37,1471,56,3022.42,2234,47,0.0136,-0.0828,False
2026-09-29T15:43:00.172339+00:00,HDFCBANK.NS,1680.77,1680.7609,0.1,0.59,1680.72,214,4,1680.67,1074,29,1680.62,1119,24,1680.57,505,9,1680.52,529,13,1680.82,309,5,1680.87,287,10,1680.92,1455,63,1680.97,1746,37,1681.02,1517,84,-0.1816,-0.2139,False
2026-09-29T15:43:00.322339+00:00,^NSEI,25847.43,25847.4097,0.2,0.08,25847.33,509,29,25847.28,739,19,25847.23,790,39,25847.18,1165,41,25847.13,1103,19,25847.53,769,19,25847.58,242,6,25847.63,387,11,25847.68,1551,25,25847.73,461,9,-0.2034,0.1161,False
2026-09-29T15:43:00.472339+00:00,^NSEBANK,54159.46,54159.4822,0.1,0.02,54159.41,736,13,54159.36,588,11,54159.31,438,7,54159.26,1854,43,54159.21,1632,34,54159.51,284,9,54159.56,1013,29,54159.61,514,15,54159.66,1778,41,54159.71,1814,67,0.4431,-0.0146,False
2026-09-29T15:43:00.622339+00:00,RELIANCE.NS,3018.45,3018.4702,0.2,0.66,3018.35,386,8,3018.3,1051,58,3018.25,503,21,3018.2,951,33,3018.15,744,21,3018.55,256,6,3018.6,707,21,3018.65,490,9,3018.7,1506,25,3018.75,425,8,0.2025,0.0358,False
2026-09-29T15:43:00.772339+00:00,HDFCBANK.NS,1681.77,1681.7797,0.2,1.19,1681.67,334,5,1681.62,1126,19,1681.57,1261,24,1681.52,1518,37,1681.47,1240,24,1681.87,275,7,1681.92,675,14,1681.97,598,13,1682.02,843,15,1682.07,957,25,0.0969,0.2414,False
2026-09-29T15:43:00.922339+00:00,^NSEI,25865.92,25866.0094,0.2,0.08,25865.82,1094,29,25865.77,1325,69,25865.72,2445,46,25865.67,1015,35,25865.62,3578,155,25866.02,61,2,25866.07,186,8,25866.12,117,3,25866.17,341,12,25866.22,207,6,0.8944,0.8241,True
2026-09-29T15:43:01.072339+00:00,^NSEBANK,54125.97,54125.9709,0.3,0.06,54125.82,642,17,54125.77,609,12,54125.72,769,30,54125.67,1534,29,54125.62,487,19,54126.12,634,12,54126.17,1001,18,54126.22,554,17,54126.27,723,16,54126.32,915,19,0.0063,0.0272,False
2026-09-29T15:43:01.222339+00:00,RELIANCE.NS,3017.47,3017.5015,0.3,0.99,3017.32,709,14,3017.27,566,16,3017.22,900,23,3017.17,883,19,3017.12,2184,121,3017.62,463,9,3017.67,466,8,3017.72,1189,56,3017.77,1562,33,3017.82,1710,58,0.2099,-0.0139,False
2026-09-29T15:43:01.372339+00:00,HDFCBANK.NS,1681.58,1681.5365,0.2,1.19,1681.48,310,5,1681.43,236,13,1681.38,868,14,1681.33,594,28,1681.28,1710,42,1681.68,788,14,1681.73,459,15,1681.78,463,27,1681.83,857,38,1681.88,800,17,-0.4353,0.0495,False
2026-09-29T15:43:01.522339+00:00,^NSEI,25814.86,25814.819,0.1,0.04,25814.81,121,2,25814.76,209,3,25814.71,75,2,25814.66,74,1,25814.61,162,3,25814.91,1225,27,25814.96,1090,35,25815.01,2472,47,25815.06,1180,39,25815.11,3442,58,-0.8202,-0.8724,True
2026-09-29T15:43:01.672339+00:00,^NSEBANK,54183.88,54183.8595,0.3,0.06,54183.73,375,6,54183.68,725,42,54183.63,446,29,54183.58,371,13,54183.53,1078,17,54184.03,494,29,54184.08,1104,24,54184.13,1223,42,54184.18,632,12,54184.23,1159,21,-0.1369,-0.2126,False
2026-09-29T15:43:01.822339+00:00,RELIANCE.NS,3023.29,3023.2687,0.1,0.33,3023.24,203,4,3023.19,1004,25,3023.14,984,35,3023.09,944,18,3023.04,901,18,3023.34,504,12,3023.39,345,10,3023.44,1254,20,3023.49,970,19,3023.54,2116,37,-0.4257,-0.125,False
2026-09-29T15:43:01.972339+00:00,HDFCBANK.NS,1677.01,1676.9939,0.1,0.6,1676.96,320,11,1676.91,452,12,1676.86,870,22,1676.81,566,9,1676.76,1503,83,1677.06,625,12,1677.11,729,17,1677.16,1206,75,1677.21,1558,32,1677.26,1442,31,-0.3228,-0.1994,False
2026-09-29T15:43:02.122339+00:00,^NSEI,25856.62,25856.5601,0.2,0.08,25856.52,175,7,25856.47,694,18,25856.42,1119,26,25856.37,1130,49,25856.32,1875,98,25856.72,698,19,25856.77,1015,48,25856.82,794,39,25856.87,956,18,25856.92,635,33,-0.5991,0.0984,False
2026-09-29T15:43:02.272339+00:00,^NSEBANK,54254.2,54254.2449,0.2,0.04,54254.1,489,10,54254.05,421,7,54254.0,412,8,54253.95,1814,39,54253.9,1850,37,54254.3,186,5,54254.35,604,20,54254.4,680,26,54254.45,1442,27,54254.5,915,26,0.4489,0.1315,False
2026-09-29T15:43:02.422339+00:00,RELIANCE.NS,3023.35,3023.3245,0.1,0.33,3023.3,200,4,3023.25,796,16,3023.2,494,13,3023.15,817,26,3023.1,644,17,3023.4,616,26,3023.45,262,8,3023.5,590,34,3023.55,380,11,3023.6,453,9,-0.5098,0.1238,False
2026-09-29T15:43:02.572339+00:00,HDFCBANK.NS,1680.49,1680.4357,0.3,1.79,1680.34,328,8,1680.29,703,14,1680.24,1499,99,1680.19,448,8,1680.14,1736,30,1680.64,700,43,1680.69,933,27,1680.74,541,19,1680.79,418,9,1680.84,1713,31,-0.3619,0.0453,False
2026-09-29T15:43:02.722339+00:00,^NSEI,25853.97,25854.0365,0.2,0.08,25853.87,298,9,25853.82,1746,42,25853.77,1135,45,25853.72,2487,80,25853.67,3855,98,25854.07,60,1,25854.12,138,3,25854.17,288,8,25854.22,204,4,25854.27,328,12,0.6648,0.8068,True
2026-09-29T15:43:02.872339+00:00,^NSEBANK,54174.08,54174.1251,0.3,0.06,54173.93,722,16,54173.88,290,6,54173.83,938,20,54173.78,1348,51,54173.73,461,21,54174.23,388,6,54174.28,333,14,54174.33,518,9,54174.38,573,11,54174.43,1873,36,0.3009,0.0099,False
2026-09-29T15:43:03.022339+00:00,RELIANCE.NS,3020.75,3020.7062,0.2,0.66,3020.65,132,5,3020.6,111,2,3020.55,240,12,3020.5,259,5,3020.45,157,7,3020.85,338,11,3020.9,1566,47,3020.95,1993,35,3021.0,3341,87,3021.05,3538,107,-0.4383,-0.846,True
2026-09-29T15:43:03.172339+00:00,HDFCBANK.NS,1677.17,1677.1371,0.2,1.19,1677.07,332,13,1677.02,1057,22,1676.97,748,26,1676.92,460,12,1676.87,1579,43,1677.27,657,21,1677.32,959,18,1677.37,1081,29,1677.42,1041,23,1677.47,1705,50,-0.3286,-0.1317,False
2026-09-29T15:43:03.322339+00:00,^NSEI,25786.09,25786.0825,0.1,0.04,25786.04,246,4,25785.99,1078,17,25785.94,1337,63,25785.89,1008,20,25785.84,963,25,25786.14,333,11,25786.19,653,12,25786.24,1178,56,25786.29,636,19,25786.34,940,26,-0.1503,0.1065,False
2026-09-29T15:43:03.472339+00:00,^NSEBANK,54126.23,54126.1822,0.2,0.04,54126.13,266,12,54126.08,350,7,54126.03,788,14,54125.98,676,28,54125.93,1722,41,54126.33,753,17,54126.38,445,29,54126.43,1476,43,54126.48,1205,35,54126.53,1374,91,-0.4779,-0.1602,False
2026-09-29T15:43:03.622339+00:00,RELIANCE.NS,3015.92,3016.0204,0.3,0.99,3015.77,313,13,3015.72,2004,62,3015.67,2305,44,3015.62,2944,94,3015.57,776,18,3016.07,62,1,3016.12,151,3,3016.17,193,3,3016.22,353,8,3016.27,365,16,0.6693,0.7625,True
2026-09-29T15:43:03.772339+00:00,HDFCBANK.NS,1680.82,1680.8317,0.1,0.59,1680.77,783,48,1680.72,1106,36,1680.67,579,13,1680.62,1231,72,1680.57,1467,52,1680.87,486,9,1680.92,282,5,1680.97,1126,28,1681.02,1186,28,1681.07,728,23,0.234,0.1513,False
2026-09-29T15:43:03.922339+00:00,^NSEI,25812.92,25812.9436,0.3,0.12,25812.77,372,7,25812.72,551,14,25812.67,361,11,25812.62,1348,84,25812.57,744,37,25813.07,271,5,25813.12,571,27,25813.17,442,11,25813.22,1821,45,25813.27,515,19,0.1571,-0.0349,False
2026-09-29T15:43:04.072339+00:00,^NSEBANK,54425.04,54425.0585,0.2,0.04,54424.94,582,14,54424.89,619,17,54424.84,697,27,54424.79,662,11,54424.74,1047,65,54425.14,400,13,54425.19,247,15,54425.24,1444,27,54425.29,1854,48,54425.34,1274,35,0.1853,-0.1826,False
2026-09-29T15:43:04.222339+00:00,RELIANCE.NS,3016.76,3016.7512,0.2,0.66,3016.66,458,12,3016.61,691,19,3016.56,1204,21,3016.51,970,46,3016.46,1307,76,3016.86,546,9,3016.91,387,12,3016.96,1497,55,3017.01,1710,41,3017.06,977,20,-0.0876,-0.05,False
2026-09-29T15:43:04.372339+00:00,HDFCBANK.NS,1677.21,1677.1913,0.1,0.6,1677.16,182,3,1677.11,843,33,1677.06,1459,27,1677.01,1045,49,1676.96,1551,41,1677.26,399,8,1677.31,957,35,1677.36,1071,19,1677.41,1858,38,1677.46,1030,18,-0.3735,-0.0226,False
2026-09-29T15:43:04.522339+00:00,^NSEI,25890.19,25890.2097,0.1,0.04,25890.14,570,19,25890.09,390,9,25890.04,1286,31,25889.99,1048,36,25889.94,1565,78,25890.24,248,4,25890.29,899,21,25890.34,362,7,25890.39,815,18,25890.44,1288,67,0.3936,0.1472,False
2026-09-29T15:43:04.672339+00:00,^NSEBANK,54295.18,54295.15,0.1,0.02,54295.13,161,5,54295.08,446,16,54295.03,877,19,54294.98,1196,37,54294.93,1142,35,54295.23,644,40,54295.28,320,6,54295.33,1297,49,54295.38,531,10,54295.43,674,20,-0.6,0.0488,False
2026-09-29T15:43:04.822339+00:00,RELIANCE.NS,3023.84,3023.8345,0.2,0.66,3023.74,686,13,3023.69,1074,30,3023.64,1259,46,3023.59,1471,31,3023.54,1568,49,3023.94,766,14,3023.99,432,7,3024.04,484,10,3024.09,1156,22,3024.14,1968,131,-0.0551,0.1152,False
2026-09-29T15:43:04.972339+00:00,HDFCBANK.NS,1674.41,1674.4647,0.2,1.19,1674.31,621,10,1674.26,787,23,1674.21,492,12,1674.16,439,8,1674.11,434,13,1674.51,182,11,1674.56,1020,26,1674.61,435,11,1674.66,799,15,1674.71,907,50,0.5467,-0.0932,False
2026-09-29T15:43:05.122339+00:00,^NSEI,25804.73,25804.7353,0.1,0.04,25804.68,261,5,25804.63,865,24,25804.58,513,12,25804.53,521,11,25804.48,1612,89,25804.78,211,5,25804.83,698,27,25804.88,602,26,25804.93,655,21,25804.98,1568,52,0.1059,0.0051,False
2026-09-29T15:43:05.272339+00:00,^NSEBANK,54168.62,54168.6018,0.1,0.02,54168.57,285,11,54168.52,540,10,54168.47,986,61,54168.42,777,27,54168.37,1618,29,54168.67,611,35,54168.72,1078,18,54168.77,716,18,54168.82,512,22,54168.87,1996,39,-0.3638,-0.0775,False
2026-09-29T15:43:05.422339+00:00,RELIANCE.NS,3030.0,3030.0313,0.2,0.66,3029.9,331,5,3029.85,1015,22,3029.8,974,54,3029.75,902,16,3029.7,1875,34,3030.1,173,3,3030.15,577,18,3030.2,1102,39,3030.25,1311,40,3030.3,772,17,0.3135,0.1287,False
2026-09-29T15:43:05.572339+00:00,HDFCBANK.NS,1679.61,1679.6188,0.1,0.6,1679.56,480,10,1679.51,867,28,1679.46,813,15,1679.41,538,16,1679.36,2111,87,1679.66,337,10,1679.71,1017,18,1679.76,361,12,1679.81,918,32,1679.86,1498,74,0.175,0.0758,False
2026-09-29T15:43:05.722339+00:00,^NSEI,25821.13,25821.1125,0.3,0.12,25820.98,314,6,25820.93,690,12,25820.88,1107,18,25820.83,1384,44,25820.78,2105,51,25821.28,397,24,25821.33,933,17,25821.38,982,23,25821.43,752,41,25821.48,1391,44,-0.1167,0.1139,False
2026-09-29T15:43:05.872339+00:00,^NSEBANK,54187.84,54187.8252,0.2,0.04,54187.74,398,6,54187.69,449,9,54187.64,1001,55,54187.59,552,13,54187.54,1789,39,54187.94,536,35,54187.99,363,7,54188.04,1136,25,54188.09,728,30,54188.14,1699,32,-0.1478,-0.0316,False
2026-09-29T15:43:06.022339+00:00,RELIANCE.NS,3025.95,3025.9601,0.2,0.66,3025.85,710,15,3025.8,391,13,3025.75,1377,23,3025.7,824,14,3025.65,845,31,3026.05,580,11,3026.1,901,56,3026.15,1105,65,3026.2,512,9,3026.25,912,17,0.1008,0.0168,False
2026-09-29T15:43:06.172339+00:00,HDFCBANK.NS,1682.93,1683.0208,0.2,1.19,1682.83,792,13,1682.78,1631,35,1682.73,2671,66,1682.68,2093,116,1682.63,1703,42,1683.03,38,1,1683.08,167,7,1683.13,71,1,1683.18,345,19,1683.23,408,9,0.9084,0.7925,True
2026-09-29T15:43:06.322339+00:00,^NSEI,25875.31,25875.2645,0.2,0.08,25875.21,276,9,25875.16,1138,24,25875.11,875,20,25875.06,1518,50,25875.01,1786,38,25875.41,736,12,25875.46,955,22,25875.51,1096,32,25875.56,528,26,25875.61,655,11,-0.4545,0.1697,False
2026-09-29T15:43:06.472339+00:00,^NSEBANK,54324.96,54324.9461,0.1,0.02,54324.91,180,5,54324.86,394,26,54324.81,1444,60,54324.76,1109,35,54324.71,1985,55,54325.01,319,11,54325.06,598,13,54325.11,803,36,54325.16,737,20,54325.21,1850,33,-0.2786,0.0855,False
2026-09-29T15:43:06.622339+00:00,RELIANCE.NS,3022.68,3022.6512,0.3,0.99,3022.53,229,5,3022.48,516,34,3022.43,292,10,3022.38,1459,69,3022.33,2010,67,3022.83,338,7,3022.88,1052,17,3022.93,456,10,3022.98,737,35,3023.03,954,43,-0.1922,0.1205,False
2026-09-29T15:43:06.772339+00:00,HDFCBANK.NS,1679.98,1679.983,0.1,0.6,1679.93,694,11,1679.88,514,17,1679.83,836,19,1679.78,641,18,1679.73,1565,32,1680.03,616,25,1680.08,472,22,1680.13,1453,29,1680.18,1384,26,1680.23,532,13,0.0595,-0.0238,False
2026-09-29T15:43:06.922339+00:00,^NSEI,25841.59,25841.573,0.1,0.04,25841.54,320,8,25841.49,784,20,25841.44,393,14,25841.39,1327,63,25841.34,1097,43,25841.64,651,38,25841.69,843,26,25841.74,712,17,25841.79,686,15,25841.84,534,13,-0.3409,0.0674,False
2026-09-29T15:43:07.072339+00:00,^NSEBANK,54288.14,54288.1346,0.1,0.02,54288.09,522,21,54288.04,752,18,54287.99,733,36,54287.94,1562,36,54287.89,1638,39,54288.19,648,18,54288.24,688,31,54288.29,425,11,54288.34,1374,91,54288.39,1909,34,-0.1077,0.0159,False
2026-09-29T15:43:07.222339+00:00,RELIANCE.NS,3014.51,3014.5637,0.2,0.66,3014.41,673,26,3014.36,378,16,3014.31,347,11,3014.26,1717,107,3014.21,923,36,3014.61,203,6,3014.66,1033,41,3014.71,1024,33,3014.76,744,25,3014.81,1066,17,0.5365,-0.0039,False
2026-09-29T15:43:07.372339+00:00,HDFCBANK.NS,1679.46,1679.4689,0.2,1.19,1679.36,614,21,1679.31,887,32,1679.26,1052,25,1679.21,904,56,1679.16,1041,38,1679.56,514,34,1679.61,830,21,1679.66,431,8,1679.71,364,7,1679.76,1237,35,0.0887,0.1425,False
2026-09-29T15:43:07.522339+00:00,^NSEI,25865.85,25865.8738,0.1,0.04,25865.8,788,23,25865.75,355,16,25865.7,722,19,25865.65,1276,58,25865.6,756,21,25865.9,280,12,25865.95,704,30,25866.0,509,14,25866.05,472,8,25866.1,1526,52,0.4757,0.055,False
2026-09-29T15:43:07.672339+00:00,^NSEBANK,54082.46,54082.39,0.3,0.06,54082.31,252,4,54082.26,675,15,54082.21,1067,18,54082.16,1257,28,54082.11,798,42,54082.61,693,19,54082.66,371,7,54082.71,425,11,54082.76,834,46,54082.81,1624,38,-0.4667,0.0128,False
2026-09-29T15:43:07.822339+00:00,RELIANCE.NS,3015.5,3015.5164,0.1,0.33,3015.45,778,14,3015.4,864,28,3015.35,944,30,3015.3,956,16,3015.25,2181,83,3015.55,393,12,3015.6,572,21,3015.65,342,8,3015.7,928,17,3015.75,1764,35,0.3288,0.1773,False
2026-09-29T15:43:07.972339+00:00,HDFCBANK.NS,1684.2,1684.2208,0.1,0.59,1684.15,421,20,1684.1,620,12,1684.05,1451,32,1684.0,716,14,1683.95,1016,19,1684.25,174,7,1684.3,227,5,1684.35,771,16,1684.4,1177,53,1684.45,1461,24,0.4151,0.0515,False
2026-09-29T15:43:08.122339+00:00,^NSEI,25895.88,25895.9297,0.2,0.08,25895.78,685,23,25895.73,220,11,25895.68,1476,86,25895.63,1015,31,25895.58,1691,28,25895.98,230,10,25896.03,510,11,25896.08,1328,24,25896.13,615,16,25896.18,1649,74,0.4973,0.0802,False
2026-09-29T15:43:08.272339+00:00,^NSEBANK,54189.28,54189.3065,0.1,0.02,54189.23,521,14,54189.18,385,6,54189.13,564,13,54189.08,1562,86,54189.03,1540,85,54189.33,160,3,54189.38,1104,19,54189.43,1174,61,54189.48,965,45,54189.53,854,34,0.5301,0.0357,False
2026-09-29T15:43:08.422339+00:00,RELIANCE.NS,3026.06,3026.1036,0.2,0.66,3025.96,618,12,3025.91,464,10,3025.86,896,40,3025.81,639,12,3025.76,1847,36,3026.16,243,12,3026.21,552,32,3026.26,619,13,3026.31,1137,24,3026.36,915,15,0.4355,0.1259,False
2026-09-29T15:43:08.572339+00:00,HDFCBANK.NS,1676.11,1676.1749,0.2,1.19,1676.01,657,12,1675.96,1866,39,1675.91,1959,42,1675.86,1573,40,1675.81,3840,137,1676.21,140,2,1676.26,205,3,1676.31,57,2,1676.36,314,17,1676.41,97,3,0.6487,0.8482,True
2026-09-29T15:43:08.722339+00:00,^NSEI,25839.51,25839.4771,0.1,0.04,25839.46,124,4,25839.41,81,2,25839.36,144,2,25839.31,310,5,25839.26,203,5,25839.56,603,11,25839.61,1203,30,25839.66,2701,142,25839.71,1281,35,25839.76,972,16,-0.6589,-0.7738,True
2026-09-29T15:43:08.872339+00:00,^NSEBANK,54155.4,54155.3789,0.1,0.02,54155.35,217,6,54155.3,435,8,54155.25,1035,21,54155.2,1847,83,54155.15,2158,51,54155.45,533,19,54155.5,343,9,54155.55,989,26,54155.6,1128,32,54155.65,1517,29,-0.4213,0.1159,False
2026-09-29T15:43:09.022339+00:00,RELIANCE.NS,3019.36,3019.4189,0.2,0.66,3019.26,604,10,3019.21,513,25,3019.16,1231,28,3019.11,1844,57,3019.06,1847,87,3019.46,156,6,3019.51,243,4,3019.56,1350,27,3019.61,1457,35,3019.66,1680,93,0.5895,0.1055,False
2026-09-29T15:43:09.172339+00:00,HDFCBANK.NS,1682.38,1682.4136,0.3,1.78,1682.23,396,11,1682.18,545,11,1682.13,1406,29,1682.08,1090,21,1682.03,1660,30,1682.53,251,15,1682.58,1036,54,1682.63,1067,19,1682.68,1837,76,1682.73,848,25,0.2241,0.0057,False
2026-09-29T15:43:09.322339+00:00,^NSEI,25907.53,25907.5287,0.2,0.08,25907.43,544,9,25907.38,655,27,25907.33,767,18,25907.28,1184,45,25907.23,1436,51,25907.63,558,10,25907.68,842,20,25907.73,1388,23,25907.78,1739,30,25907.83,949,36,-0.0127,-0.0885,False
2026-09-29T15:43:09.472339+00:00,^NSEBANK,54304.31,54304.3128,0.3,0.06,54304.16,328,17,54304.11,761,42,54304.06,1326,55,54304.01,975,18,54303.96,475,29,54304.46,316,13,54304.51,1026,36,54304.56,427,11,54304.61,1323,28,54304.66,1223,53,0.0186,-0.055,False
2026-09-29T15:43:09.622339+00:00,RELIANCE.NS,3015.57,3015.6595,0.2,0.66,3015.47,905,29,3015.42,668,11,3015.37,1303,30,3015.32,829,43,3015.27,937,46,3015.67,50,1,3015.72,116,3,3015.77,96,2,3015.82,172,3,3015.87,266,7,0.8953,0.7379,True
2026-09-29T15:43:09.772339+00:00,HDFCBANK.NS,1681.39,1681.3823,0.1,0.59,1681.34,563,31,1681.29,746,29,1681.24,543,16,1681.19,653,19,1681.14,2234,124,1681.44,768,14,1681.49,535,12,1681.54,818,40,1681.59,954,23,1681.64,1909,36,-0.154,-0.0252,False
2026-09-29T15:43:09.922339+00:00,^NSEI,25864.51,25864.4918,0.1,0.04,25864.46,285,7,25864.41,536,14,25864.36,347,6,25864.31,1048,47,25864.26,420,11,25864.56,610,25,25864.61,1083,43,25864.66,499,11,25864.71,1741,32,25864.76,445,8,-0.3631,-0.2484,False
2026-09-29T15:43:10.072339+00:00,^NSEBANK,54214.22,54214.2099,0.1,0.02,54214.17,371,11,54214.12,855,14,54214.07,883,16,54214.02,1259,21,54213.97,1612,28,54214.27,559,11,54214.32,952,31,54214.37,370,13,54214.42,1757,87,54214.47,1598,34,-0.2022,-0.0251,False
2026-09-29T15:43:10.222339+00:00,RELIANCE.NS,3015.82,3015.7267,0.2,0.66,3015.72,46,1,3015.67,105,4,3015.62,206,7,3015.57,111,6,3015.52,447,7,3015.92,1337,58,3015.97,1174,20,3016.02,1754,46,3016.07,761,23,3016.12,756,15,-0.9335,-0.7267,True
2026-09-29T15:43:10.372339+00:00,HDFCBANK.NS,1679.15,1679.1084,0.2,1.19,1679.05,181,9,1679.0,623,36,1678.95,554,19,1678.9,1327,25,1678.85,1369,24,1679.25,439,10,1679.3,971,51,1679.35,1388,27,1679.4,1120,56,1679.45,1828,107,-0.4161,-0.1727,False
2026-09-29T15:43:10.522339+00:00,^NSEI,25880.15,25880.1406,0.1,0.04,25880.1,381,6,25880.05,1001,27,25880.0,1383,26,25879.95,1626,28,25879.9,742,23,25880.2,558,12,25880.25,285,8,25880.3,1354,22,25880.35,658,29,25880.4,420,7,-0.1885,0.221,False
2026-09-29T15:43:10.672339+00:00,^NSEBANK,54149.12,54149.1109,0.2,0.04,54149.02,609,19,54148.97,888,37,54148.92,1282,22,54148.87,1026,20,54148.82,1562,27,54149.22,731,36,54149.27,501,11,54149.32,1362,27,54149.37,589,36,54149.42,946,16,-0.091,0.1304,False
2026-09-29T15:43:10.822339+00:00,RELIANCE.NS,3017.27,3017.2184,0.2,0.66,3017.17,171,7,3017.12,906,31,3017.07,328,9,3017.02,1064,19,3016.97,1962,67,3017.37,535,11,3017.42,551,11,3017.47,1084,51,3017.52,1358,90,3017.57,1282,25,-0.5156,-0.041,False
2026-09-29T15:43:10.972339+00:00,HDFCBANK.NS,1678.98,1678.992,0.1,0.6,1678.93,636,13,1678.88,488,9,1678.83,1240,22,1678.78,566,10,1678.73,2142,38,1679.03,390,7,1679.08,468,11,1679.13,815,14,1679.18,1504,27,1679.23,1945,42,0.2398,-0.0049,False
2026-09-29T15:43:11.122339+00:00,^NSEI,25851.35,25851.3661,0.2,0.08,25851.25,741,15,25851.2,726,14,25851.15,714,17,25851.1,1419,26,25851.05,1934,84,25851.45,536,17,25851.5,684,20,25851.55,1010,18,25851.6,1515,48,25851.65,848,22,0.1605,0.0929,False
2026-09-29T15:43:11.272339+00:00,^NSEBANK,54203.72,54203.7545,0.2,0.04,54203.62,351,8,54203.57,980,19,54203.52,750,37,54203.47,627,18,54203.42,1607,69,54203.82,171,4,54203.87,249,12,54203.92,760,14,54203.97,1710,68,54204.02,921,15,0.3448,0.062,False
2026-09-29T15:43:11.422339+00:00,RELIANCE.NS,3025.02,3025.0009,0.1,0.33,3024.97,255,10,3024.92,904,16,3024.87,727,14,3024.82,1057,62,3024.77,2086,109,3025.07,569,11,3025.12,253,11,3025.17,372,10,3025.22,1581,26,3025.27,1122,38,-0.3811,0.1268,False
2026-09-29T15:43:11.572339+00:00,HDFCBANK.NS,1679.82,1679.8142,0.2,1.19,1679.72,258,6,1679.67,751,18,1679.62,349,12,1679.57,1588,35,1679.52,1075,23,1679.92,290,7,1679.97,680,14,1680.02,1257,33,1680.07,1402,51,1680.12,1080,22,-0.0584,-0.0788,False
2026-09-29T15:43:11.722339+00:00,^NSEI,25889.97,25889.969,0.3,0.12,25889.82,379,12,25889.77,690,13,25889.72,433,24,25889.67,1076,18,25889.62,1867,47,25890.12,384,11,25890.17,875,23,25890.22,837,23,25890.27,1713,32,25890.32,1050,31,-0.0066,-0.0445,False
2026-09-29T15:43:11.872339+00:00,^NSEBANK,54125.2,54125.1946,0.2,0.04,54125.1,705,19,54125.05,1102,33,54125.0,1430,52,54124.95,977,22,54124.9,641,12,54125.3,785,41,54125.35,435,21,54125.4,1402,28,54125.45,1602,40,54125.5,1568,35,-0.0537,-0.088,False
2026-09-29T15:43:12.022339+00:00,RELIANCE.NS,3016.09,3016.0837,0.1,0.33,3016.04,275,6,3015.99,424,15,3015.94,826,20,3015.89,824,28,3015.84,1626,29,3016.14,354,6,3016.19,601,26,3016.24,552,12,3016.29,1551,44,3016.34,526,10,-0.1256,0.0517,False
2026-09-29T15:43:12.172339+00:00,HDFCBANK.NS,1682.05,1682.0627,0.2,1.19,1681.95,798,28,1681.9,1028,21,1681.85,1385,47,1681.8,672,23,1681.75,1713,35,1682.15,618,12,1682.2,281,6,1682.25,575,12,1682.3,1179,32,1682.35,1181,23,0.1271,0.1869,False
2026-09-29T15:43:12.322339+00:00,^NSEI,25863.38,25863.3967,0.1,0.04,25863.33,792,20,25863.28,514,10,25863.23,587,15,25863.18,524,11,25863.13,1414,52,25863.43,396,11,25863.48,1006,37,25863.53,847,22,25863.58,1395,25,25863.63,1596,44,0.3333,-0.1553,False
2026-09-29T15:43:12.472339+00:00,^NSEBANK,54210.83,54210.8471,0.3,0.06,54210.68,235,4,54210.63,1078,33,54210.58,1250,54,54210.53,559,10,54210.48,1402,35,54210.98,187,9,54211.03,388,14,54211.08,1045,61,54211.13,944,16,54211.18,2133,101,0.1137,-0.0188,False
2026-09-29T15:43:12.622339+00:00,RELIANCE.NS,3015.61,3015.5777,0.2,0.66,3015.51,403,12,3015.46,825,15,3015.41,1048,18,3015.36,876,16,3015.31,1453,35,3015.71,788,13,3015.76,226,5,3015.81,1140,23,3015.86,627,28,3015.91,1635,60,-0.3233,0.021,False
2026-09-29T15:43:12.772339+00:00,HDFCBANK.NS,1681.25,1681.2424,0.1,0.59,1681.2,325,7,1681.15,247,4,1681.1,1191,24,1681.05,1520,66,1681.0,1629,70,1681.3,442,13,1681.35,535,12,1681.4,951,19,1681.45,1433,47,1681.5,475,15,-0.1525,0.123,False
2026-09-29T15:43:12.922339+00:00,^NSEI,25829.52,25829.553,0.2,0.08,25829.42,284,6,25829.37,634,35,25829.32,1682,62,25829.27,3104,119,25829.22,1426,79,25829.62,143,2,25829.67,118,7,25829.72,216,4,25829.77,223,9,25829.82,350,13,0.3302,0.7433,True
2026-09-29T15:43:13.072339+00:00,^NSEBANK,54148.5,54148.4338,0.2,0.04,54148.4,158,4,54148.35,883,33,54148.3,1345,22,54148.25,949,31,54148.2,1903,34,54148.6,776,16,54148.65,814,28,54148.7,551,13,54148.75,1457,35,54148.8,2125,75,-0.6617,-0.0442,False
2026-09-29T15:43:13.222339+00:00,RELIANCE.NS,3023.15,3023.1848,0.2,0.66,3023.05,593,11,3023.0,617,17,3022.95,798,27,3022.9,1722,114,3022.85,1302,32,3023.25,287,5,3023.3,838,31,3023.35,1316,22,3023.4,1024,53,3023.45,1996,44,0.3477,-0.0409,False
2026-09-29T15:43:13.372339+00:00,HDFCBANK.NS,1678.19,1678.193,0.1,0.6,1678.14,194,10,1678.09,1006,18,1678.04,446,10,1677.99,1593,93,1677.94,792,20,1678.24,172,9,1678.29,867,16,1678.34,1504,42,1678.39,1485,24,1678.44,1682,60,0.0601,-0.1724,False
2026-09-29T15:43:13.522339+00:00,^NSEI,25887.56,25887.632,0.3,0.12,25887.41,674,26,25887.36,781,22,25887.31,1223,48,25887.26,1750,33,25887.21,1800,58,25887.71,237,10,25887.76,533,12,25887.81,1151,20,25887.86,1236,21,25887.91,2097,74,0.4797,0.0848,False
2026-09-29T15:43:13.672339+00:00,^NSEBANK,54176.67,54176.6953,0.2,0.04,54176.57,349,11,54176.52,640,10,54176.47,1024,22,54176.42,1440,25,54176.37,428,17,54176.77,208,5,54176.82,381,6,54176.87,1417,32,54176.92,658,15,54176.97,1747,41,0.2531,-0.0639,False
2026-09-29T15:43:13.822339+00:00,RELIANCE.NS,3018.5,3018.4823,0.1,0.33,3018.45,248,8,3018.4,345,5,3018.35,813,14,3018.3,1506,37,3018.25,1559,82,3018.55,520,28,3018.6,678,21,3018.65,1305,46,3018.7,1539,38,3018.75,1881,48,-0.3542,-0.1397,False
2026-09-29T15:43:13.972339+00:00,HDFCBANK.NS,1683.75,1683.7433,0.2,1.19,1683.65,525,16,1683.6,218,14,1683.55,1311,38,1683.5,1778,46,1683.45,2139,142,1683.85,601,14,1683.9,842,23,1683.95,400,18,1684.0,1804,78,1684.05,1512,29,-0.0675,0.073,False
2026-09-29T15:43:14.122339+00:00,^NSEI,25835.03,25835.0606,0.2,0.08,25834.93,350,11,25834.88,980,46,25834.83,1417,56,25834.78,1428,25,25834.73,593,17,25835.13,186,3,25835.18,993,21,25835.23,940,24,25835.28,996,29,25835.33,1153,24,0.306,0.0553,False
2026-09-29T15:43:14.272339+00:00,^NSEBANK,54173.38,54173.3815,0.2,0.04,54173.28,638,19,54173.23,1048,19,54173.18,1377,23,54173.13,620,13,54173.08,1159,23,54173.48,619,13,54173.53,395,6,54173.58,456,19,54173.63,1125,26,54173.68,2027,38,0.0151,0.0232,False
2026-09-29T15:43:14.422339+00:00,RELIANCE.NS,3011.39,3011.3702,0.2,0.66,3011.29,263,4,3011.24,1045,20,3011.19,292,11,3011.14,1659,66,3011.09,2004,35,3011.49,393,11,3011.54,765,18,3011.59,1077,18,3011.64,1146,30,3011.69,1719,38,-0.1982,0.0157,False
2026-09-29T15:43:14.572339+00:00,HDFCBANK.NS,1680.25,1680.263,0.3,1.79,1680.1,746,41,1680.05,590,12,1680.0,1491,39,1679.95,1090,54,1679.9,627,21,1680.4,627,33,1680.45,366,21,1680.5,1130,62,1680.55,855,14,1680.6,2130,42,0.0867,-0.0584,False
2026-09-29T15:43:14.722339+00:00,^NSEI,25856.02,25855.9742,0.2,0.08,25855.92,249,8,25855.87,1073,44,25855.82,302,13,25855.77,650,10,25855.72,2234,46,25856.12,669,19,25856.17,1115,25,25856.22,587,10,25856.27,1229,76,25856.32,1792,40,-0.4575,-0.0893,False
2026-09-29T15:43:14.872339+00:00,^NSEBANK,54154.29,54154.2633,0.2,0.04,54154.19,368,10,54154.14,307,20,54154.09,300,5,54154.04,954,23,54153.99,2181,68,54154.39,636,12,54154.44,870,20,54154.49,754,32,54154.54,387,6,54154.59,2192,87,-0.2669,-0.0815,False
2026-09-29T15:43:15.022339+00:00,RELIANCE.NS,3013.4,3013.4095,0.1,0.33,3013.35,366,6,3013.3,507,18,3013.25,623,38,3013.2,1581,34,3013.15,1780,98,3013.45,249,8,3013.5,662,15,3013.55,742,33,3013.6,545,11,3013.65,2234,148,0.1902,0.0458,False
2026-09-29T15:43:15.172339+00:00,HDFCBANK.NS,1680.31,1680.2271,0.2,1.19,1680.21,118,2,1680.16,216,5,1680.11,250,5,1680.06,152,6,1680.01,385,6,1680.41,1263,70,1680.46,1897,59,1680.51,2657,132,1680.56,2174,72,1680.61,942,25,-0.8291,-0.777,True
2026-09-29T15:43:15.322339+00:00,^NSEI,25882.78,25882.7262,0.3,0.12,25882.63,281,9,25882.58,870,25,25882.53,908,60,25882.48,1294,58,25882.43,1674,32,25882.93,595,13,25882.98,522,16,25883.03,503,16,25883.08,1588,28,25883.13,840,30,-0.3584,0.1079,False
2026-09-29T15:43:15.472339+00:00,^NSEBANK,54237.29,54237.272,0.1,0.02,54237.24,239,7,54237.19,922,21,54237.14,1326,26,54237.09,1325,66,54237.04,1761,60,54237.34,508,19,54237.39,479,10,54237.44,1014,24,54237.49,719,26,54237.54,1612,27,-0.3601,0.1253,False
2026-09-29T15:43:15.622339+00:00,RELIANCE.NS,3023.31,3023.3202,0.2,0.66,3023.21,363,12,3023.16,281,7,3023.11,841,24,3023.06,925,17,3023.01,489,8,3023.41,296,5,3023.46,651,11,3023.51,473,20,3023.56,1306,29,3023.61,1554,38,0.1017,-0.1924,False
2026-09-29T15:43:15.772339+00:00,HDFCBANK.NS,1680.06,1680.0631,0.2,1.19,1679.96,219,12,1679.91,781,17,1679.86,1387,66,1679.81,1294,26,1679.76,574,14,1680.16,206,7,1680.21,1064,31,1680.26,1387,38,1680.31,1786,119,1680.36,1503,57,0.0306,-0.1658,False
2026-09-29T15:43:15.922339+00:00,^NSEI,25830.53,25830.5332,0.2,0.08,25830.43,366,21,25830.38,842,42,25830.33,893,30,25830.28,361,15,25830.23,1439,34,25830.63,343,16,25830.68,871,41,25830.73,1284,24,25830.78,1670,69,25830.83,1316,65,0.0324,-0.1687,False
2026-09-29T15:43:16.072339+00:00,^NSEBANK,54012.5,54012.4059,0.2,0.04,54012.4,29,1,54012.35,191,6,54012.3,235,4,54012.25,282,14,54012.2,161,3,54012.6,957,20,54012.65,1913,53,54012.7,1833,76,54012.75,2914,83,54012.8,3759,197,-0.9412,-0.8537,True
2026-09-29T15:43:16.222339+00:00,RELIANCE.NS,3024.79,3024.7777,0.1,0.33,3024.74,212,3,3024.69,530,8,3024.64,1216,27,3024.59,1320,28,3024.54,1601,27,3024.84,351,6,3024.89,227,5,3024.94,319,9,3024.99,1231,25,3025.04,2038,59,-0.2469,0.0788,False
2026-09-29T15:43:16.372339+00:00,HDFCBANK.NS,1678.87,1678.8645,0.3,1.79,1678.72,565,28,1678.67,836,16,1678.62,1406,23,1678.57,1755,39,1678.52,1089,45,1679.02,608,24,1679.07,491,9,1679.12,1037,22,1679.17,1034,30,1679.22,2192,46,-0.0367,0.0262,False
2026-09-29T15:43:16.522339+00:00,^NSEI,25828.73,25828.7368,0.2,0.08,25828.63,579,36,25828.58,558,11,25828.53,847,14,25828.48,1457,26,25828.43,2094,51,25828.83,505,13,25828.88,923,41,25828.93,300,5,25828.98,1682,88,25829.03,1780,80,0.0683,0.0322,False
2026-09-29T15:43:16.672339+00:00,^NSEBANK,54171.26,54171.3763,0.3,0.06,54171.11,838,13,54171.06,1873,58,54171.01,2192,84,54170.96,1725,59,54170.91,2761,72,54171.41,106,1,54171.46,183,3,54171.51,169,4,54171.56,133,7,54171.61,152,7,0.7754,0.8533,True
2026-09-29T15:43:16.822339+00:00,RELIANCE.NS,3020.9,3020.8708,0.2,0.66,3020.8,429,7,3020.75,933,29,3020.7,1145,30,3020.65,1543,48,3020.6,1075,53,3021.0,783,20,3021.05,611,10,3021.1,410,14,3021.15,1200,48,3021.2,2130,57,-0.2921,-0.0009,False
2026-09-29T15:43:16.972339+00:00,HDFCBANK.NS,1683.15,1683.276,0.3,1.78,1683.0,1024,32,1682.95,1417,88,1682.9,1980,60,1682.85,2901,96,1682.8,2353,156,1683.3,89,4,1683.35,121,3,1683.4,177,4,1683.45,114,1,1683.5,246,5,0.8401,0.8566,True
2026-09-29T15:43:17.122339+00:00,^NSEI,25810.74,25810.7367,0.1,0.04,25810.69,221,10,25810.64,408,7,25810.59,862,26,25810.54,1724,61,25810.49,1360,24,25810.79,252,5,25810.84,1051,25,25810.89,549,12,25810.94,1605,39,25810.99,809,15,-0.0655,0.035,False
2026-09-29T15:43:17.272339+00:00,^NSEBANK,54136.58,54136.5684,0.2,0.04,54136.48,582,10,54136.43,638,13,54136.38,986,39,54136.33,1663,30,54136.28,579,32,54136.68,734,14,54136.73,361,10,54136.78,418,10,54136.83,1402,46,54136.88,1666,98,-0.1155,-0.0147,False
2026-09-29T15:43:17.422339+00:00,RELIANCE.NS,3022.64,3022.6692,0.2,0.66,3022.54,482,24,3022.49,1020,23,3022.44,537,21,3022.39,368,6,3022.34,1453,66,3022.74,264,7,3022.79,609,12,3022.84,1413,94,3022.89,768,13,3022.94,1358,26,0.2922,-0.0667,False
2026-09-29T15:43:17.572339+00:00,HDFCBANK.NS,1681.94,1681.9656,0.1,0.59,1681.89,618,34,1681.84,1013,26,1681.79,875,21,1681.74,1163,52,1681.69,1973,63,1681.99,200,10,1682.04,484,18,1682.09,1466,25,1682.14,636,22,1682.19,1094,60,0.511,0.185,False
2026-09-29T15:43:17.722339+00:00,^NSEI,25844.59,25844.6164,0.2,0.08,25844.49,620,34,25844.44,350,14,25844.39,294,8,25844.34,552,10,25844.29,848,16,25844.69,361,10,25844.74,458,11,25844.79,769,15,25844.84,1804,64,25844.89,1425,64,0.264,-0.2878,False
2026-09-29T15:43:17.872339+00:00,^NSEBANK,54097.93,54097.8994,0.1,0.02,54097.88,171,2,54097.83,330,5,54097.78,898,32,54097.73,697,20,54097.68,2167,120,54097.98,712,13,54098.03,356,13,54098.08,1474,40,54098.13,493,23,54098.18,1013,38,-0.6127,0.0259,False
2026-09-29T15:43:18.022339+00:00,RELIANCE.NS,3017.43,3017.4001,0.2,0.66,3017.33,344,7,3017.28,490,28,3017.23,725,34,3017.18,784,26,3017.13,2142,76,3017.53,637,15,3017.58,610,13,3017.63,1176,61,3017.68,890,24,3017.73,1652,86,-0.2987,-0.0508,False
2026-09-29T15:43:18.172339+00:00,HDFCBANK.NS,1679.39,1679.3984,0.1,0.6,1679.34,641,11,1679.29,504,29,1679.24,647,11,1679.19,1250,37,1679.14,1780,61,1679.44,457,9,1679.49,398,7,1679.54,1227,36,1679.59,538,20,1679.64,1290,28,0.1676,0.1044,False
2026-09-29T15:43:18.322339+00:00,^NSEI,25881.01,25881.0729,0.3,0.12,25880.86,701,11,25880.81,630,25,25880.76,1478,50,25880.71,1473,24,25880.66,1251,35,25881.16,287,5,25881.21,996,18,25881.26,585,10,25881.31,1151,31,25881.36,1447,35,0.419,0.1067,False
2026-09-29T15:43:18.472339+00:00,^NSEBANK,54273.36,54273.3672,0.1,0.02,54273.31,218,13,54273.26,677,15,54273.21,1366,48,54273.16,1555,33,54273.11,896,44,54273.41,163,3,54273.46,733,13,54273.51,1138,25,54273.56,1092,26,54273.61,672,16,0.1444,0.1074,False
2026-09-29T15:43:18.622339+00:00,RELIANCE.NS,3026.06,3026.0392,0.2,0.66,3025.96,181,5,3025.91,987,42,3025.86,1259,32,3025.81,1370,24,3025.76,2237,97,3026.16,276,16,3026.21,401,15,3026.26,1506,28,3026.31,791,34,3026.36,638,42,-0.2079,0.2511,False
2026-09-29T15:43:18.772339+00:00,HDFCBANK.NS,1682.17,1682.1466,0.1,0.59,1682.12,244,4,1682.07,719,23,1682.02,1160,58,1681.97,359,6,1681.92,1472,39,1682.22,674,18,1682.27,595,24,1682.32,359,16,1682.37,559,16,1682.42,512,30,-0.4684,0.1886,False
2026-09-29T15:43:18.922339+00:00,^NSEI,25794.08,25794.1064,0.1,0.04,25794.03,730,21,25793.98,585,23,25793.93,993,27,25793.88,1226,45,25793.83,1766,60,25794.13,225,3,25794.18,378,14,25794.23,353,11,25794.28,784,19,25794.33,2049,40,0.5288,0.1662,False
2026-09-29T15:43:19.072339+00:00,^NSEBANK,54253.01,54253.0116,0.1,0.02,54252.96,628,19,54252.91,337,11,54252.86,657,11,54252.81,904,47,54252.76,876,17,54253.06,588,9,54253.11,1074,22,54253.16,305,11,54253.21,768,34,54253.26,868,33,0.0329,-0.0287,False
2026-09-29T15:43:19.222339+00:00,RELIANCE.NS,3026.2,3026.2003,0.1,0.33,3026.15,636,10,3026.1,887,59,3026.05,520,9,3026.0,1083,67,3025.95,1338,46,3026.25,629,14,3026.3,571,11,3026.35,636,19,3026.4,780,15,3026.45,884,40,0.0055,0.121,False
2026-09-29T15:43:19.372339+00:00,HDFCBANK.NS,1678.63,1678.6456,0.2,1.19,1678.53,724,13,1678.48,526,11,1678.43,642,37,1678.38,1367,23,1678.33,873,58,1678.73,529,29,1678.78,1065,22,1678.83,311,6,1678.88,1052,25,1678.93,546,11,0.1556,0.0824,False
2026-09-29T15:43:19.522339+00:00,^NSEI,25838.76,25838.7708,0.1,0.04,25838.71,360,11,25838.66,591,11,25838.61,1273,24,25838.56,1193,32,25838.51,1400,28,25838.81,232,5,25838.86,706,29,25838.91,1261,22,25838.96,822,16,25839.01,725,48,0.2162,0.1251,False
2026-09-29T15:43:19.672339+00:00,^NSEBANK,54107.72,54107.6909,0.3,0.06,54107.57,333,6,54107.52,1135,20,54107.47,750,15,54107.42,1297,44,54107.37,971,16,54107.87,493,8,54107.92,941,55,54107.97,754,50,54108.02,1358,75,54108.07,1901,32,-0.1937,-0.0967,False
2026-09-29T15:43:19.822339+00:00,RELIANCE.NS,3024.51,3024.3934,0.3,0.99,3024.36,90,4,3024.31,149,9,3024.26,72,1,3024.21,78,1,3024.16,169,4,3024.66,718,26,3024.71,1646,35,3024.76,916,22,3024.81,3079,59,3024.86,997,34,-0.7772,-0.859,True
2026-09-29T15:43:19.972339+00:00,HDFCBANK.NS,1679.88,1679.9609,0.2,1.19,1679.78,1276,21,1679.73,1111,52,1679.68,1036,25,1679.63,3147,104,1679.58,3079,65,1679.98,135,2,1680.03,151,3,1680.08,244,5,1680.13,343,12,1680.18,334,13,0.8086,0.7776,True
2026-09-29T15:43:20.122339+00:00,^NSEI,25838.82,25838.8789,0.3,0.12,25838.67,793,15,25838.62,327,6,25838.57,628,13,25838.52,1280,27,25838.47,1148,26,25838.97,346,17,25839.02,630,15,25839.07,1489,27,25839.12,1252,34,25839.17,1889,32,0.3924,-0.1462,False
2026-09-29T15:43:20.272339+00:00,^NSEBANK,54141.51,54141.5392,0.1,0.02,54141.46,704,14,54141.41,745,28,54141.36,594,24,54141.31,542,14,54141.26,809,36,54141.56,185,11,54141.61,414,8,54141.66,537,13,54141.71,1400,24,54141.76,907,27,0.5838,-0.0072,False
2026-09-29T15:43:20.422339+00:00,RELIANCE.NS,3022.27,3022.2598,0.1,0.33,3022.22,330,10,3022.17,363,6,3022.12,1252,50,3022.07,867,19,3022.02,2060,37,3022.32,500,11,3022.37,1126,28,3022.42,431,22,3022.47,956,25,3022.52,1027,18,-0.2048,0.0934,False
2026-09-29T15:43:20.572339+00:00,HDFCBANK.NS,1682.15,1682.2389,0.3,1.78,1682.0,442,11,1681.95,978,34,1681.9,2134,45,1681.85,1222,37,1681.8,1920,73,1682.3,113,3,1682.35,146,5,1682.4,68,2,1682.45,137,3,1682.5,203,3,0.5928,0.8188,True
2026-09-29T15:43:20.722339+00:00,^NSEI,25867.74,25867.7658,0.3,0.12,25867.59,641,13,25867.54,275,6,25867.49,1311,45,25867.44,1753,33,25867.39,1607,27,25867.89,453,18,25867.94,648,11,25867.99,866,16,25868.04,547,13,25868.09,1279,21,0.1718,0.1913,False
2026-09-29T15:43:20.872339+00:00,^NSEBANK,54158.77,54158.8014,0.1,0.02,54158.72,728,20,54158.67,710,19,54158.62,288,6,54158.57,622,11,54158.52,912,53,54158.82,166,3,54158.87,826,31,54158.92,332,6,54158.97,1518,56,54159.02,2055,50,0.6286,-0.2007,False
2026-09-29T15:43:21.022339+00:00,RELIANCE.NS,3023.19,3023.1663,0.1,0.33,3023.14,170,5,3023.09,1154,37,3023.04,393,13,3022.99,1447,41,3022.94,1822,50,3023.24,477,18,3023.29,494,12,3023.34,1345,29,3023.39,1539,59,3023.44,1276,22,-0.4745,-0.0143,False
2026-09-29T15:43:21.172339+00:00,HDFCBANK.NS,1683.79,1683.7881,0.1,0.59,1683.74,521,23,1683.69,529,9,1683.64,1428,32,1683.59,1057,42,1683.54,1847,33,1683.84,563,22,1683.89,653,18,1683.94,562,14,1683.99,1158,19,1684.04,1733,115,-0.0387,0.0709,False
2026-09-29T15:43:21.322339+00:00,^NSEI,25859.17,25859.2426,0.2,0.08,25859.07,732,14,25859.02,1067,18,25858.97,680,17,25858.92,2343,73,25858.87,947,41,25859.27,116,5,25859.32,80,4,25859.37,64,2,25859.42,272,4,25859.47,247,6,0.7264,0.7621,True
2026-09-29T15:43:21.472339+00:00,^NSEBANK,54296.9,54296.8488,0.2,0.04,54296.8,244,9,54296.75,497,20,54296.7,1364,40,54296.65,965,16,54296.6,1808,75,54297.0,757,14,54297.05,439,29,54297.1,1231,41,54297.15,836,21,54297.2,2001,40,-0.5125,-0.0381,False
2026-09-29T15:43:21.622339+00:00,RELIANCE.NS,3015.26,3015.2332,0.1,0.33,3015.21,222,9,3015.16,316,19,3015.11,1140,22,3015.06,439,8,3015.01,1358,67,3015.31,735,17,3015.36,427,8,3015.41,799,17,3015.46,639,29,3015.51,1531,26,-0.5361,-0.0862,False
2026-09-29T15:43:21.772339+00:00,HDFCBANK.NS,1679.33,1679.281,0.2,1.19,1679.23,182,3,1679.18,455,7,1679.13,1117,65,1679.08,944,21,1679.03,1598,32,1679.43,532,10,1679.48,1015,40,1679.53,1377,57,1679.58,716,15,1679.63,2240,117,-0.4902,-0.1557,False
2026-09-29T15:43:21.922339+00:00,^NSEI,25871.51,25871.4786,0.2,0.08,25871.41,416,19,25871.36,735,15,25871.31,429,11,25871.26,1872,38,25871.21,1554,86,25871.61,796,15,25871.66,936,26,25871.71,1280,49,25871.76,1222,34,25871.81,1330,41,-0.3135,-0.0528,False
2026-09-29T15:43:22.072339+00:00,^NSEBANK,54217.3,54217.2735,0.1,0.02,54217.25,200,9,54217.2,810,32,54217.15,1421,27,54217.1,1689,58,54217.05,775,18,54217.35,650,40,54217.4,350,8,54217.45,1292,80,54217.5,965,38,54217.55,1671,49,-0.5294,-0.0034,False
2026-09-29T15:43:22.222339+00:00,RELIANCE.NS,3023.48,3023.5044,0.1,0.33,3023.43,644,25,3023.38,461,9,3023.33,659,36,3023.28,357,7,3023.23,803,14,3023.53,222,7,3023.58,653,27,3023.63,1354,33,3023.68,1231,34,3023.73,2097,44,0.4873,-0.3105,False
2026-09-29T15:43:22.372339+00:00,HDFCBANK.NS,1677.21,1677.1784,0.2,1.19,1677.11,174,7,1677.06,1077,18,1677.01,1164,33,1676.96,1276,32,1676.91,2091,41,1677.31,335,13,1677.36,669,11,1677.41,1504,30,1677.46,1008,19,1677.51,862,22,-0.3163,0.1382,False
2026-09-29T15:43:22.522339+00:00,^NSEI,25833.6,25833.5699,0.3,0.12,25833.45,515,8,25833.4,340,5,25833.35,602,13,25833.3,1266,28,25833.25,1240,82,25833.75,774,32,25833.8,954,30,25833.85,1442,30,25833.9,876,18,25833.95,1638,29,-0.2009,-0.1784,False
2026-09-29T15:43:22.672339+00:00,^NSEBANK,54163.67,54163.6468,0.2,0.04,54163.57,261,5,54163.52,262,11,54163.47,685,17,54163.42,864,24,54163.37,565,35,54163.77,419,26,54163.82,587,39,54163.87,927,16,54163.92,700,29,54163.97,1092,19,-0.2324,-0.171,False
2026-09-29T15:43:22.822339+00:00,RELIANCE.NS,3017.28,3017.2819,0.1,0.33,3017.23,547,9,3017.18,417,19,3017.13,362,11,3017.08,1586,58,3017.03,1769,32,3017.33,507,9,3017.38,453,7,3017.43,1292,28,3017.48,1269,30,3017.53,641,17,0.038,0.0587,False
2026-09-29T15:43:22.972339+00:00,HDFCBANK.NS,1678.2,1678.2111,0.2,1.19,1678.1,422,7,1678.05,1113,50,1678.0,1233,49,1677.95,900,15,1677.9,1125,20,1678.3,338,16,1678.35,249,8,1678.4,722,24,1678.45,1395,37,1678.5,428,8,0.1105,0.2096,False
2026-09-29T15:43:23.122339+00:00,^NSEI,25856.71,25856.7606,0.3,0.12,25856.56,317,10,25856.51,542,11,25856.46,680,17,25856.41,705,24,25856.36,2153,119,25856.86,157,7,25856.91,342,8,25856.96,1151,41,25857.01,1703,50,25857.06,652,12,0.3376,0.0467,False
2026-09-29T15:43:23.272339+00:00,^NSEBANK,54155.35,54155.3271,0.1,0.02,54155.3,114,2,54155.25,175,4,54155.2,137,2,54155.15,79,1,54155.1,133,2,54155.4,306,7,54155.45,2009,57,54155.5,2359,102,54155.55,2296,38,54155.6,3890,86,-0.4571,-0.889,True
2026-09-29T15:43:23.422339+00:00,RELIANCE.NS,3021.14,3021.0988,0.1,0.33,3021.09,106,4,3021.04,44,1,3020.99,150,6,3020.94,113,2,3020.89,184,5,3021.19,1098,32,3021.24,1385,37,3021.29,1049,19,3021.34,3269,83,3021.39,2877,169,-0.8239,-0.8838,True
2026-09-29T15:43:23.572339+00:00,HDFCBANK.NS,1683.2,1683.1593,0.1,0.59,1683.15,126,2,1683.1,204,8,1683.05,71,1,1683.0,310,8,1682.95,397,18,1683.25,1231,33,1683.3,662,12,1683.35,964,19,1683.4,3083,128,1683.45,1244,32,-0.8143,-0.7328,True
2026-09-29T15:43:23.722339+00:00,^NSEI,25817.83,25817.7989,0.2,0.08,25817.73,304,8,25817.68,932,16,25817.63,682,24,25817.58,1802,32,25817.53,529,8,25817.93,578,10,25817.98,452,30,25818.03,845,22,25818.08,1431,37,25818.13,739,13,-0.3107,0.0246,False
2026-09-29T15:43:23.872339+00:00,^NSEBANK,54152.63,54152.6169,0.1,0.02,54152.58,382,7,54152.53,948,37,54152.48,307,7,54152.43,857,37,54152.38,1979,98,54152.68,653,14,54152.73,514,9,54152.78,980,29,54152.83,526,17,54152.88,1917,47,-0.2618,-0.0129,False
2026-09-29T15:43:24.022339+00:00,RELIANCE.NS,3017.06,3017.0969,0.2,0.66,3016.96,584,14,3016.91,317,5,3016.86,315,19,3016.81,1499,45,3016.76,1957,34,3017.16,269,9,3017.21,378,25,3017.26,940,20,3017.31,681,27,3017.36,716,20,0.3693,0.2205,False
2026-09-29T15:43:24.172339+00:00,HDFCBANK.NS,1675.09,1675.132,0.2,1.19,1674.99,502,17,1674.94,561,31,1674.89,1031,34,1674.84,1222,48,1674.79,1425,25,1675.19,205,5,1675.24,859,37,1675.29,1094,30,1675.34,1318,36,1675.39,1895,35,0.4201,-0.0623,False
2026-09-29T15:43:24.322339+00:00,^NSEI,25826.01,25826.0051,0.1,0.04,25825.96,258,9,25825.91,575,27,25825.86,1081,30,25825.81,843,35,25825.76,800,16,25826.06,314,6,25826.11,1107,20,25826.16,1236,25,25826.21,796,53,25826.26,1268,25,-0.0979,-0.1406,False
2026-09-29T15:43:24.472339+00:00,^NSEBANK,54209.39,54209.3975,0.1,0.02,54209.34,316,5,54209.29,1090,35,54209.24,1316,37,54209.19,427,11,54209.14,1344,67,54209.44,234,4,54209.49,411,8,54209.54,1155,22,54209.59,646,19,54209.64,694,18,0.1491,0.1773,False
2026-09-29T15:43:24.622339+00:00,RELIANCE.NS,3018.06,3018.0712,0.2,0.66,3017.96,279,8,3017.91,780,23,3017.86,1305,25,3017.81,425,22,3017.76,1822,65,3018.16,223,11,3018.21,872,34,3018.26,1470,44,3018.31,979,39,3018.36,1220,67,0.1116,-0.0163,False
2026-09-29T15:43:24.772339+00:00,HDFCBANK.NS,1682.54,1682.5411,0.1,0.59,1682.49,215,5,1682.44,1157,77,1682.39,457,18,1682.34,949,52,1682.29,554,21,1682.59,206,4,1682.64,719,18,1682.69,581,17,1682.74,1372,25,1682.79,1190,33,0.0214,-0.0995,False
2026-09-29T15:43:24.922339+00:00,^NSEI,25921.8,25921.8109,0.2,0.08,25921.7,514,19,25921.65,1135,31,25921.6,760,13,25921.55,622,38,25921.5,960,24,25921.9,413,7,25921.95,951,16,25922.0,353,15,25922.05,1156,22,25922.1,467,9,0.109,0.0888,False
2026-09-29T15:43:25.072339+00:00,^NSEBANK,54228.96,54228.936,0.2,0.04,54228.86,471,15,54228.81,867,54,54228.76,1335,23,54228.71,1318,32,54228.66,1013,18,54229.06,768,14,54229.11,887,15,54229.16,1151,23,54229.21,1461,52,54229.26,1243,77,-0.2397,-0.0481,False
2026-09-29T15:43:25.222339+00:00,RELIANCE.NS,3014.53,3014.4894,0.1,0.33,3014.48,149,2,3014.43,54,1,3014.38,208,5,3014.33,289,7,3014.28,291,6,3014.58,1432,27,3014.63,1641,60,3014.68,2089,41,3014.73,2872,65,3014.78,3346,79,-0.8115,-0.8398,True
2026-09-29T15:43:25.372339+00:00,HDFCBANK.NS,1678.44,1678.4111,0.2,1.19,1678.34,320,5,1678.29,406,7,1678.24,592,24,1678.19,622,23,1678.14,1131,37,1678.54,580,11,1678.59,987,20,1678.64,851,21,1678.69,491,11,1678.74,420,8,-0.2889,-0.0403,False
2026-09-29T15:43:25.522339+00:00,^NSEI,25852.26,25852.2613,0.1,0.04,25852.21,737,13,25852.16,806,23,25852.11,516,19,25852.06,695,13,25852.01,1444,34,25852.31,701,33,25852.36,881,15,25852.41,1185,45,25852.46,1851,37,25852.51,1587,66,0.025,-0.1929,False
2026-09-29T15:43:25.672339+00:00,^NSEBANK,54276.27,54276.274,0.1,0.02,54276.22,198,4,54276.17,916,36,54276.12,431,7,54276.07,1797,39,54276.02,1903,51,54276.32,169,5,54276.37,1000,28,54276.42,1305,26,54276.47,1729,86,54276.52,1962,46,0.079,-0.0806,False
2026-09-29T15:43:25.822339+00:00,RELIANCE.NS,3017.88,3017.8695,0.1,0.33,3017.83,270,18,3017.78,493,11,3017.73,359,7,3017.68,587,21,3017.63,742,43,3017.93,413,8,3017.98,888,37,3018.03,701,12,3018.08,1160,31,3018.13,1979,48,-0.2094,-0.3543,False
2026-09-29T15:43:25.972339+00:00,HDFCBANK.NS,1683.15,1683.125,0.2,1.19,1683.05,257,5,1683.0,906,56,1682.95,1187,21,1682.9,592,24,1682.85,923,38,1683.25,428,9,1683.3,321,6,1683.35,617,21,1683.4,1245,22,1683.45,663,13,-0.2496,0.0828,False
2026-09-29T15:43:26.122339+00:00,^NSEI,25784.01,25783.9513,0.2,0.08,25783.91,201,6,25783.86,529,17,25783.81,763,23,25783.76,1489,39,25783.71,1584,49,25784.11,773,16,25784.16,333,12,25784.21,1457,72,25784.26,1294,26,25784.31,1517,27,-0.5873,-0.0813,False
2026-09-29T15:43:26.272339+00:00,^NSEBANK,54142.14,54142.0949,0.3,0.06,54141.99,262,4,54141.94,542,30,54141.89,1470,25,54141.84,571,24,54141.79,1514,43,54142.29,487,27,54142.34,465,8,54142.39,1050,21,54142.44,796,25,54142.49,1108,18,-0.3004,0.0548,False
2026-09-29T15:43:26.422339+00:00,RELIANCE.NS,3023.84,3023.8183,0.2,0.66,3023.74,457,25,3023.69,436,22,3023.64,552,29,3023.59,451,11,3023.54,1873,39,3023.94,711,26,3023.99,522,29,3024.04,858,24,3024.09,848,31,3024.14,834,21,-0.2175,-0.0005,False
2026-09-29T15:43:26.572339+00:00,HDFCBANK.NS,1684.0,1684.0063,0.1,0.59,1683.95,483,9,1683.9,723,19,1683.85,1132,39,1683.8,1064,30,1683.75,467,13,1684.05,375,25,1684.1,245,4,1684.15,602,18,1684.2,796,28,1684.25,1470,81,0.1259,0.0518,False
2026-09-29T15:43:26.722339+00:00,^NSEI,25780.52,25780.5173,0.2,0.08,25780.42,737,15,25780.37,868,20,25780.32,1368,31,25780.27,1384,23,25780.22,929,42,25780.62,778,51,25780.67,472,22,25780.72,668,27,25780.77,561,12,25780.82,1013,29,-0.0271,0.2044,False
2026-09-29T15:43:26.872339+00:00,^NSEBANK,54341.61,54341.6248,0.2,0.04,54341.51,299,9,54341.46,639,18,54341.41,714,15,54341.36,669,16,54341.31,1397,49,54341.71,222,9,54341.76,536,24,54341.81,1098,35,54341.86,1464,47,54341.91,2212,42,0.1478,-0.1961,False
2026-09-29T15:43:27.022339+00:00,RELIANCE.NS,3026.18,3026.1617,0.2,0.66,3026.08,443,8,3026.03,1023,19,3025.98,1312,26,3025.93,603,18,3025.88,2186,52,3026.28,641,15,3026.33,517,9,3026.38,566,17,3026.43,961,16,3026.48,1044,47,-0.1827,0.1977,False
2026-09-29T15:43:27.172339+00:00,HDFCBANK.NS,1681.21,1681.2085,0.1,0.59,1681.16,522,13,1681.11,261,4,1681.06,655,17,1681.01,676,11,1680.96,781,16,1681.26,554,10,1681.31,503,33,1681.36,872,19,1681.41,782,26,1681.46,529,17,-0.0297,-0.0562,False
2026-09-29T15:43:27.322339+00:00,^NSEI,25850.74,25850.7812,0.1,0.04,25850.69,936,28,25850.64,1049,31,25850.59,1757,33,25850.54,1988,33,25850.49,1824,30,25850.79,90,2,25850.84,149,3,25850.89,155,2,25850.94,189,3,25850.99,259,8,0.8246,0.7994,True
2026-09-29T15:43:27.472339+00:00,^NSEBANK,54188.67,54188.7256,0.3,0.06,54188.52,353,6,54188.47,420,16,54188.42,836,26,54188.37,1243,65,54188.32,672,35,54188.82,162,5,54188.87,694,18,54188.92,1160,35,54188.97,940,21,54189.02,1061,22,0.3709,-0.0654,False
2026-09-29T15:43:27.622339+00:00,RELIANCE.NS,3028.18,3028.1194,0.3,0.99,3028.03,222,5,3027.98,810,25,3027.93,1176,31,3027.88,890,26,3027.83,2001,35,3028.33,523,9,3028.38,910,53,3028.43,435,11,3028.48,817,29,3028.53,935,30,-0.404,0.1696,False
2026-09-29T15:43:27.772339+00:00,HDFCBANK.NS,1681.54,1681.6183,0.3,1.78,1681.39,666,14,1681.34,948,21,1681.29,1301,39,1681.24,1001,29,1681.19,585,30,1681.69,209,8,1681.74,923,20,1681.79,946,23,1681.84,479,9,1681.89,683,32,0.5223,0.1629,False
2026-09-29T15:43:27.922339+00:00,^NSEI,25782.15,25782.2541,0.3,0.12,25782.0,554,20,25781.95,764,13,25781.9,1463,24,25781.85,2457,68,25781.8,2943,63,25782.3,100,3,25782.35,140,2,25782.4,89,3,25782.45,363,10,25782.5,324,16,0.6942,0.7791,True
2026-09-29T15:43:28.072339+00:00,^NSEBANK,54224.65,54224.6908,0.2,0.04,54224.55,487,18,54224.5,529,9,54224.45,982,20,54224.4,611,11,54224.35,1388,63,54224.75,205,6,54224.8,230,4,54224.85,1147,27,54224.9,1739,96,54224.95,1551,29,0.4075,-0.0987,False
2026-09-29T15:43:28.222339+00:00,RELIANCE.NS,3021.19,3021.202,0.1,0.33,3021.14,740,26,3021.09,565,24,3021.04,323,8,3020.99,1668,42,3020.94,728,16,3021.24,453,10,3021.29,371,20,3021.34,353,7,3021.39,420,15,3021.44,2114,37,0.2406,0.0405,False
2026-09-29T15:43:28.372339+00:00,HDFCBANK.NS,1680.64,1680.6602,0.1,0.6,1680.59,640,25,1680.54,368,6,1680.49,490,8,1680.44,486,15,1680.39,1772,47,1680.69,272,8,1680.74,566,14,1680.79,1411,24,1680.84,876,15,1680.89,2175,45,0.4035,-0.1705,False
2026-09-29T15:43:28.522339+00:00,^NSEI,25825.78,25825.7719,0.1,0.04,25825.73,494,9,25825.68,868,31,25825.63,1132,53,25825.58,1381,35,25825.53,2170,48,25825.83,685,15,25825.88,1129,36,25825.93,1455,72,25825.98,1337,25,25826.03,2066,43,-0.162,-0.0493,False
2026-09-29T15:43:28.672339+00:00,^NSEBANK,54111.56,54111.5229,0.1,0.02,54111.51,148,4,54111.46,73,2,54111.41,222,4,54111.36,324,7,54111.31,408,9,54111.61,1002,23,54111.66,396,10,54111.71,2202,61,54111.76,2944,101,54111.81,1637,77,-0.7426,-0.7488,True
2026-09-29T15:43:28.822339+00:00,RELIANCE.NS,3022.99,3022.9869,0.1,0.33,3022.94,177,11,3022.89,504,9,3022.84,646,10,3022.79,1334,37,3022.74,1610,39,3023.04,200,3,3023.09,775,13,3023.14,296,6,3023.19,1529,58,3023.24,1582,46,-0.061,-0.0128,False
2026-09-29T15:43:28.972339+00:00,HDFCBANK.NS,1678.48,1678.458,0.1,0.6,1678.43,238,12,1678.38,336,5,1678.33,699,11,1678.28,1132,35,1678.23,1346,51,1678.53,611,14,1678.58,484,32,1678.63,524,19,1678.68,1301,43,1678.73,2186,41,-0.4393,-0.153,False
2026-09-29T15:43:29.122339+00:00,^NSEI,25887.05,25887.0752,0.1,0.04,25887.0,660,12,25886.95,1006,38,25886.9,1520,56,25886.85,1175,78,25886.8,898,49,25887.1,218,4,25887.15,494,20,25887.2,1470,66,25887.25,1546,44,25887.3,1506,57,0.5034,0.0024,False
2026-09-29T15:43:29.272339+00:00,^NSEBANK,54303.61,54303.5725,0.3,0.06,54303.46,207,4,54303.41,440,24,54303.36,1178,32,54303.31,622,11,54303.26,420,15,54303.76,345,23,54303.81,1148,35,54303.86,1470,26,54303.91,1064,48,54303.96,951,17,-0.25,-0.2691,False
2026-09-29T15:43:29.422339+00:00,RELIANCE.NS,3018.75,3018.7311,0.3,0.99,3018.6,534,33,3018.55,535,15,3018.5,708,16,3018.45,1395,28,3018.4,2178,60,3018.9,688,26,3018.95,284,12,3019.0,1394,29,3019.05,672,14,3019.1,680,26,-0.126,0.18,False
2026-09-29T15:43:29.572339+00:00,HDFCBANK.NS,1684.05,1684.0897,0.2,1.19,1683.95,714,14,1683.9,247,5,1683.85,469,10,1683.8,1760,53,1683.75,1752,32,1684.15,308,7,1684.2,971,29,1684.25,1119,20,1684.3,462,11,1684.35,1864,62,0.3973,0.0226,False
