timestamp,symbol,open,high,low,close,volume,trades_count,vwap,micro_price,spread_bps,turnover_inr
2026-09-29T05:42:05.510032+00:00,^NSEI,22716.2,22720.7,22716.15,22716.35,1554,87,22717.7333,22716.5712,3.36,35303357.6
2026-09-29T05:42:10.510032+00:00,^NSEI,22716.35,22717.25,22710.05,22710.05,744,44,22716.0228,22709.675,0.95,16898062.8
2026-09-29T05:42:15.510032+00:00,^NSEI,22710.05,22713.8,22706.8,22706.8,571,56,22714.6516,22707.4823,2.58,12966915.13
2026-09-29T05:42:20.510032+00:00,^NSEI,22706.8,22709.55,22705.6,22706.5,980,118,22712.7586,22705.2126,2.92,22253072.33
2026-09-29T05:42:25.510032+00:00,^NSEI,22706.5,22706.65,22702.05,22706.65,813,69,22711.4259,22707.2895,2.73,18459259.85
2026-09-29T05:42:30.510032+00:00,^NSEI,22706.65,22708.55,22703.0,22708.55,559,69,22710.9199,22708.229,2.16,12693045.3
2026-09-29T05:42:35.510032+00:00,^NSEI,22708.55,22708.65,22706.05,22706.05,1706,153,22709.934,22706.555,1.71,38737999.83
2026-09-29T05:42:40.510032+00:00,^NSEI,22706.05,22708.3,22706.05,22706.3,1426,63,22709.4132,22706.2788,1.07,32380015.63
2026-09-29T05:42:45.510032+00:00,^NSEI,22706.3,22706.3,22702.3,22702.3,693,52,22708.9704,22702.5767,2.29,15733617.9
2026-09-29T05:42:50.510032+00:00,^NSEI,22702.3,22705.6,22700.9,22705.6,1114,69,22708.4291,22704.8724,2.67,25292293.13
2026-09-29T05:42:55.510032+00:00,^NSEI,22705.6,22708.45,22704.5,22705.1,1286,101,22708.158,22705.1409,1.22,29199937.43
2026-09-29T05:43:00.510032+00:00,^NSEI,22705.1,22708.05,22702.55,22702.55,1006,111,22707.8531,22703.2099,1.58,22840609.63
2026-09-29T05:43:05.510032+00:00,^NSEI,22702.55,22702.6,22697.25,22697.25,1459,98,22706.9281,22697.6,3.26,33117889.63
2026-09-29T05:43:10.510032+00:00,^NSEI,22697.25,22700.3,22693.9,22700.3,1392,111,22706.1311,22700.4022,1.3,31595848.0
2026-09-29T05:43:15.510032+00:00,^NSEI,22700.3,22703.05,22698.45,22703.05,575,52,22705.964,22702.9798,2.65,13053372.08
2026-09-29T05:43:20.510032+00:00,^NSEI,22703.05,22707.6,22700.25,22700.25,1347,61,22705.7087,22701.41,3.0,30580536.9
2026-09-29T05:43:25.510032+00:00,^NSEI,22700.25,22704.3,22700.25,22701.3,525,44,22705.5976,22701.5667,2.92,11918523.75
2026-09-29T05:43:30.510032+00:00,^NSEI,22701.3,22705.1,22697.25,22697.25,1248,77,22705.2211,22697.1889,2.31,28329433.6
2026-09-29T05:43:35.510032+00:00,^NSEI,22697.25,22698.75,22697.25,22698.75,1369,64,22704.7525,22698.6943,3.16,31073904.25
2026-09-29T05:43:40.510032+00:00,^NSEI,22698.75,22702.4,22696.2,22702.4,1346,60,22704.4786,22702.1712,1.0,30554648.67
2026-09-29T05:43:45.510032+00:00,^NSEI,22702.4,22704.6,22697.0,22704.6,3551,302,22704.1396,22704.4192,0.86,80615038.73
2026-09-29T05:43:50.510032+00:00,^NSEI,22704.6,22713.15,22697.55,22712.9,3572,296,22704.6013,22713.2857,1.57,81112499.73
2026-09-29T05:43:55.510032+00:00,^NSEI,22712.9,22712.9,22706.8,22707.05,3569,187,22705.0765,22707.1047,2.04,81048123.58
2026-09-29T05:44:00.510032+00:00,^NSEI,22707.05,22720.8,22707.05,22720.8,4336,299,22706.3913,22720.9421,0.98,98497515.47
2026-09-29T05:44:05.510032+00:00,^NSEI,22720.8,22723.55,22710.95,22710.95,2570,148,22706.9639,22711.6931,2.33,58377935.5
2026-09-29T05:44:10.510032+00:00,^NSEI,22710.95,22714.75,22702.55,22707.7,1240,67,22707.0057,22707.0026,1.87,28158333.33
2026-09-29T05:44:15.510032+00:00,^NSEI,22707.7,22712.9,22707.7,22712.9,2082,89,22707.2089,22711.3441,3.45,47284649.0
2026-09-29T05:44:20.510032+00:00,^NSEI,22712.9,22712.9,22705.7,22711.5,1208,128,22707.2868,22710.5313,2.27,27433720.27
2026-09-29T05:44:25.510032+00:00,^NSEI,22711.5,22714.7,22711.25,22711.25,3607,416,22707.6755,22711.4631,3.15,81923626.8
2026-09-29T05:44:30.510032+00:00,^NSEI,22711.25,22722.95,22706.45,22706.45,2952,210,22707.9258,22706.7543,0.89,67045676.4
2026-09-29T05:44:35.510032+00:00,^NSEI,22706.45,22706.45,22697.95,22697.95,1843,117,22707.6739,22697.8821,1.83,41837543.68
2026-09-29T05:44:40.510032+00:00,^NSEI,22697.95,22703.6,22697.95,22703.6,2871,129,22707.3635,22704.6162,3.06,65176628.55
2026-09-29T05:44:45.510032+00:00,^NSEI,22703.6,22708.1,22693.65,22693.65,2647,109,22706.9558,22693.4537,0.92,60082841.27
2026-09-29T05:44:50.510032+00:00,^NSEI,22693.65,22703.05,22693.4,22703.05,2692,133,22706.6387,22702.7972,2.28,61107951.33
2026-09-29T05:44:55.510032+00:00,^NSEI,22703.05,22714.15,22703.05,22707.35,3002,141,22706.7117,22706.3128,2.58,68169966.37
2026-09-29T05:45:00.510032+00:00,^NSEI,22707.35,22707.35,22702.55,22707.25,3332,297,22706.6621,22707.1959,1.93,75655447.93
2026-09-29T05:45:05.510032+00:00,^NSEI,22707.25,22710.85,22703.4,22710.85,1062,43,22706.6888,22710.7835,2.85,24116285.4
2026-09-29T05:45:10.510032+00:00,^NSEI,22710.85,22717.45,22705.5,22711.6,856,79,22706.7489,22711.6312,1.02,19441058.27
2026-09-29T05:45:15.510032+00:00,^NSEI,22711.6,22714.3,22711.6,22713.1,2732,133,22706.988,22713.5352,1.72,62051916.0
2026-09-29T05:45:20.510032+00:00,^NSEI,22713.1,22721.1,22705.5,22721.1,1266,54,22707.1432,22721.8157,2.33,28758329.4
2026-09-29T05:45:25.510032+00:00,^NSEI,22721.1,22724.4,22712.9,22724.4,3789,164,22707.8081,22723.6224,1.97,86088227.1
2026-09-29T05:45:30.510032+00:00,^NSEI,22724.4,22726.15,22719.0,22719.75,1931,152,22708.1485,22719.8559,1.05,43875473.97
2026-09-29T05:45:35.510032+00:00,^NSEI,22719.75,22730.85,22719.75,22730.85,1929,109,22708.6047,22732.0816,3.04,43840672.35
2026-09-29T05:45:40.510032+00:00,^NSEI,22730.85,22739.65,22730.85,22738.05,3070,155,22709.6196,22737.5686,1.51,69800082.83
2026-09-29T05:45:45.510032+00:00,^NSEI,22738.05,22740.65,22731.25,22735.05,2918,119,22710.4993,22735.7275,3.2,66342626.7
2026-09-29T05:45:50.510032+00:00,^NSEI,22735.05,22737.9,22729.45,22729.45,3446,158,22711.3348,22729.5771,2.9,78335390.93
2026-09-29T05:45:55.510032+00:00,^NSEI,22729.45,22744.85,22723.0,22744.85,2555,110,22712.0606,22745.035,1.07,58094482.83
2026-09-29T05:46:00.510032+00:00,^NSEI,22744.85,22756.45,22736.3,22741.0,2323,113,22712.8587,22740.9675,2.77,52835667.08
2026-09-29T05:46:05.510032+00:00,^NSEI,22741.0,22751.4,22735.7,22751.4,1235,51,22713.2876,22752.1762,2.36,28091515.83
2026-09-29T05:46:10.510032+00:00,^NSEI,22751.4,22756.1,22740.15,22756.1,3611,348,22714.6483,22755.6137,3.03,82153078.62
2026-09-29T05:46:15.510032+00:00,^NSEI,22756.1,22758.85,22754.55,22754.55,2599,293,22715.7004,22755.1691,1.81,59142800.68
2026-09-29T05:46:20.510032+00:00,^NSEI,22754.55,22759.6,22747.95,22756.45,3111,135,22716.8525,22757.2238,1.75,70789768.0
2026-09-29T05:46:25.510032+00:00,^NSEI,22756.45,22757.9,22752.15,22757.9,1656,102,22717.4588,22757.5922,1.41,37683908.4
2026-09-29T05:46:30.510032+00:00,^NSEI,22757.9,22763.5,22756.1,22756.95,3203,157,22718.6632,22756.1203,2.47,72896596.55
2026-09-29T05:46:35.510032+00:00,^NSEI,22756.95,22763.85,22753.7,22763.85,2141,166,22719.4607,22763.9105,0.98,48730159.13
2026-09-29T05:46:40.510032+00:00,^NSEI,22763.85,22766.9,22760.2,22765.7,2120,101,22720.2915,22765.5178,1.08,48260245.33
2026-09-29T05:46:45.510032+00:00,^NSEI,22765.7,22766.8,22757.05,22757.05,2575,254,22721.1726,22756.5888,2.22,58607772.5
2026-09-29T05:46:50.510032+00:00,^NSEI,22757.05,22766.25,22751.25,22751.25,5265,319,22722.6842,22750.7967,2.65,119811656.25
2026-09-29T05:46:55.510032+00:00,^NSEI,22751.25,22759.05,22745.9,22745.9,2234,99,22723.1798,22745.9268,1.7,50824132.97
2026-09-29T05:47:00.510032+00:00,^NSEI,22745.9,22754.1,22741.35,22754.1,1908,76,22723.5826,22754.0364,1.26,43406713.8
2026-09-29T05:47:05.510032+00:00,^NSEI,22754.1,22754.1,22748.5,22754.05,4611,254,22724.591,22754.6328,2.31,104910471.05
2026-09-29T05:47:10.510032+00:00,^NSEI,22754.05,22769.5,22746.65,22746.65,4106,188,22725.4933,22746.6187,0.86,93429018.93
2026-09-29T05:47:15.510032+00:00,^NSEI,22746.65,22748.75,22742.85,22748.75,3949,165,22726.0982,22749.5288,1.77,89827047.38
2026-09-29T05:47:20.510032+00:00,^NSEI,22748.75,22750.45,22746.6,22750.45,1922,83,22726.4129,22749.9424,1.18,43723898.33
2026-09-29T05:47:25.510032+00:00,^NSEI,22750.45,22754.05,22749.25,22754.05,3974,369,22727.127,22754.9643,2.03,90418236.3
2026-09-29T05:47:30.510032+00:00,^NSEI,22754.05,22760.25,22748.45,22748.45,3943,235,22727.7962,22747.8247,2.51,89712647.48
2026-09-29T05:47:35.510032+00:00,^NSEI,22748.45,22748.45,22744.9,22744.9,1420,67,22727.969,22744.6591,1.61,32299438.33
2026-09-29T05:47:40.510032+00:00,^NSEI,22744.9,22750.5,22744.9,22749.6,1068,65,22728.1127,22749.1905,1.66,24295220.0
2026-09-29T05:47:45.510032+00:00,^NSEI,22749.6,22749.6,22743.8,22745.45,3794,234,22728.5572,22745.4076,3.08,86299398.97
2026-09-29T05:47:50.510032+00:00,^NSEI,22745.45,22761.1,22743.95,22747.4,3493,220,22729.0474,22747.0646,3.26,79468602.62
2026-09-29T05:47:55.510032+00:00,^NSEI,22747.4,22747.4,22740.6,22743.95,1316,94,22729.1703,22744.3268,2.02,29931082.07
2026-09-29T05:48:00.510032+00:00,^NSEI,22743.95,22748.65,22743.65,22748.65,3435,222,22729.5449,22749.4865,2.92,78135887.75
2026-09-29T05:48:05.510032+00:00,^NSEI,22748.65,22751.9,22747.8,22747.8,3194,325,22729.9212,22747.0704,3.06,72660838.33
2026-09-29T05:48:10.510032+00:00,^NSEI,22747.8,22750.2,22743.95,22748.05,1759,75,22730.1039,22748.317,0.92,40012676.6
2026-09-29T05:48:15.510032+00:00,^NSEI,22748.05,22748.05,22740.9,22744.6,1822,122,22730.2583,22744.1265,1.72,41440509.37
2026-09-29T05:48:20.510032+00:00,^NSEI,22744.6,22749.2,22742.7,22742.7,2186,155,22730.4436,22742.0973,1.52,49720278.53
2026-09-29T05:48:25.510032+00:00,^NSEI,22742.7,22743.8,22739.45,22740.7,2333,152,22730.5888,22740.418,2.21,53055491.78
2026-09-29T05:48:30.510032+00:00,^NSEI,22740.7,22743.15,22735.85,22740.15,1843,86,22730.6841,22739.815,2.02,41909297.82
2026-09-29T05:48:35.510032+00:00,^NSEI,22740.15,22741.7,22739.95,22739.95,2981,137,22730.8477,22741.2491,2.88,67789529.87
2026-09-29T05:48:40.510032+00:00,^NSEI,22739.95,22739.95,22735.65,22735.65,2125,170,22730.9207,22735.3405,3.2,48316302.08
2026-09-29T05:48:45.510032+00:00,^NSEI,22735.65,22744.15,22735.65,22744.15,1464,135,22731.0038,22743.6223,2.17,33293287.6
2026-09-29T05:48:50.510032+00:00,^NSEI,22744.15,22747.7,22744.15,22747.7,1876,107,22731.1612,22747.6082,2.11,42672465.27
2026-09-29T05:48:55.510032+00:00,^NSEI,22747.7,22753.05,22743.45,22743.45,2675,153,22731.382,22744.3147,2.54,60847288.75
2026-09-29T05:49:00.510032+00:00,^NSEI,22743.45,22744.7,22741.95,22743.5,1294,113,22731.4643,22743.9164,1.44,29429938.03
2026-09-29T05:49:05.510032+00:00,^NSEI,22743.5,22751.6,22739.15,22751.6,1443,60,22731.5854,22751.2854,2.55,32824570.35
2026-09-29T05:49:10.510032+00:00,^NSEI,22751.6,22756.5,22750.5,22754.4,2349,148,22731.8562,22754.9083,1.77,53448676.2
2026-09-29T05:49:15.510032+00:00,^NSEI,22754.4,22756.1,22748.25,22756.1,2584,137,22732.1424,22756.404,2.8,58795000.93
2026-09-29T05:49:20.510032+00:00,^NSEI,22756.1,22758.25,22753.9,22758.25,1575,95,22732.3397,22758.0299,3.21,35841960.0
2026-09-29T05:49:25.510032+00:00,^NSEI,22758.25,22761.15,22758.25,22761.15,873,54,22732.4626,22761.6396,1.69,19869640.05
2026-09-29T05:49:30.510032+00:00,^NSEI,22761.15,22766.75,22753.2,22753.2,2453,175,22732.7721,22752.5023,2.37,55824678.98
2026-09-29T05:49:35.510032+00:00,^NSEI,22753.2,22755.55,22749.8,22749.8,1023,49,22732.8684,22750.593,2.31,23275006.15
2026-09-29T05:49:40.510032+00:00,^NSEI,22749.8,22757.05,22745.1,22757.05,1255,136,22732.9936,22756.2298,2.28,28555098.67
2026-09-29T05:49:45.510032+00:00,^NSEI,22757.05,22765.6,22757.05,22765.6,2502,292,22733.3569,22766.5099,3.0,56952400.5
2026-09-29T05:49:50.510032+00:00,^NSEI,22765.6,22768.6,22765.6,22766.65,1019,51,22733.523,22767.6057,2.72,23199522.05
2026-09-29T05:49:55.510032+00:00,^NSEI,22766.65,22768.05,22764.0,22764.0,1035,83,22733.6822,22763.6768,1.58,23562137.25
2026-09-29T05:50:00.510032+00:00,^NSEI,22764.0,22765.1,22761.15,22761.15,1278,105,22733.8588,22760.9584,2.73,29090432.4
2026-09-29T05:50:05.510032+00:00,^NSEI,22761.15,22765.15,22756.8,22756.8,631,43,22733.9365,22756.184,2.77,14361297.08
2026-09-29T05:50:10.510032+00:00,^NSEI,22756.8,22762.55,22756.25,22762.55,935,57,22734.0546,22763.0197,1.52,21281020.75
2026-09-29T05:50:15.510032+00:00,^NSEI,22762.55,22763.2,22756.4,22761.8,2145,100,22734.3218,22761.9716,1.28,48821201.0
2026-09-29T05:50:20.510032+00:00,^NSEI,22761.8,22764.7,22759.5,22764.7,669,62,22734.4119,22764.8434,0.8,15228424.7
2026-09-29T05:50:25.510032+00:00,^NSEI,22764.7,22766.2,22760.45,22760.45,1905,120,22734.6601,22759.5586,2.59,43362308.5
2026-09-29T05:50:30.510032+00:00,^NSEI,22760.45,22760.85,22757.25,22757.25,1702,117,22734.8473,22756.789,1.34,38734881.9
2026-09-29T05:50:35.510032+00:00,^NSEI,22757.25,22761.3,22743.9,22743.9,2686,166,22735.0295,22743.5527,0.9,61105694.2
2026-09-29T05:50:40.510032+00:00,^NSEI,22743.9,22743.9,22737.25,22743.8,3432,172,22735.1317,22744.7587,2.34,78049342.8
2026-09-29T05:50:45.510032+00:00,^NSEI,22743.8,22743.8,22739.0,22739.7,4659,262,22735.2487,22739.1153,2.26,105949542.5
2026-09-29T05:50:50.510032+00:00,^NSEI,22739.7,22750.4,22730.35,22750.4,1839,106,22735.3167,22751.438,2.87,41825694.95
2026-09-29T05:50:55.510032+00:00,^NSEI,22750.4,22761.5,22750.4,22761.5,4835,564,22735.7818,22762.1043,2.45,110033963.0
2026-09-29T05:51:00.510032+00:00,^NSEI,22761.5,22762.75,22754.5,22762.75,4691,201,22736.2583,22763.4047,2.57,106767160.0
2026-09-29T05:51:05.510032+00:00,^NSEI,22762.75,22774.0,22761.65,22774.0,1887,186,22736.5223,22775.2318,2.83,42966769.85
2026-09-29T05:51:10.510032+00:00,^NSEI,22774.0,22779.2,22774.0,22778.05,1887,192,22736.8383,22777.9244,0.91,42980356.25
2026-09-29T05:51:15.510032+00:00,^NSEI,22778.05,22778.05,22768.15,22768.15,3205,227,22737.2904,22768.4633,2.74,72982497.25
2026-09-29T05:51:20.510032+00:00,^NSEI,22768.15,22772.7,22755.95,22755.95,1375,73,22737.4255,22755.8797,0.92,31297108.33
2026-09-29T05:51:25.510032+00:00,^NSEI,22755.95,22760.05,22754.45,22760.05,3203,213,22737.6914,22760.8819,3.5,72894461.22
2026-09-29T05:51:30.510032+00:00,^NSEI,22760.05,22766.45,22760.05,22766.45,1258,50,22737.8247,22766.9288,1.39,28637510.37
2026-09-29T05:51:35.510032+00:00,^NSEI,22766.45,22776.85,22766.25,22766.85,3203,141,22738.2296,22767.2053,1.3,72932256.62
2026-09-29T05:51:40.510032+00:00,^NSEI,22766.85,22769.55,22759.05,22761.7,1741,124,22738.4009,22761.4964,3.35,39631137.43
2026-09-29T05:51:45.510032+00:00,^NSEI,22761.7,22761.7,22753.9,22759.9,3736,219,22738.6898,22759.8252,2.11,85025756.0
2026-09-29T05:51:50.510032+00:00,^NSEI,22759.9,22765.5,22759.05,22765.5,1267,71,22738.8094,22765.4047,1.44,28841164.45
2026-09-29T05:51:55.510032+00:00,^NSEI,22765.5,22769.4,22756.8,22756.8,2457,149,22739.0162,22756.6981,1.39,55923777.0
2026-09-29T05:52:00.510032+00:00,^NSEI,22756.8,22762.1,22752.7,22762.1,2086,237,22739.1728,22760.7659,3.3,47475204.47
2026-09-29T05:52:05.510032+00:00,^NSEI,22762.1,22767.0,22761.1,22763.65,1664,142,22739.3268,22762.6656,2.27,37879157.33
2026-09-29T05:52:10.510032+00:00,^NSEI,22763.65,22769.9,22763.65,22769.9,2654,217,22739.6068,22770.5286,2.0,60425785.43
2026-09-29T05:52:15.510032+00:00,^NSEI,22769.9,22770.05,22766.4,22770.05,1719,212,22739.7916,22771.0259,2.73,39139624.5
2026-09-29T05:52:20.510032+00:00,^NSEI,22770.05,22775.9,22768.7,22769.5,1297,64,22739.9416,22769.1904,1.71,29534462.57
2026-09-29T05:52:25.510032+00:00,^NSEI,22769.5,22770.1,22766.9,22766.9,1977,82,22740.1431,22767.8667,2.35,45012270.1
2026-09-29T05:52:30.510032+00:00,^NSEI,22766.9,22772.15,22761.4,22761.4,2155,252,22740.3362,22761.3266,1.18,49058539.08
2026-09-29T05:52:35.510032+00:00,^NSEI,22761.4,22762.8,22757.75,22757.75,1408,80,22740.4327,22757.519,1.49,32045282.13
2026-09-29T05:52:40.510032+00:00,^NSEI,22757.75,22763.4,22754.8,22757.25,2202,166,22740.5742,22756.7297,2.51,50114180.3
2026-09-29T05:52:45.510032+00:00,^NSEI,22757.25,22761.05,22757.25,22761.05,2297,95,22740.7301,22761.3401,1.32,52279222.32
2026-09-29T05:52:50.510032+00:00,^NSEI,22761.05,22763.2,22758.7,22758.7,2111,86,22740.8742,22758.7606,1.22,48046782.2
2026-09-29T05:52:55.510032+00:00,^NSEI,22758.7,22763.1,22753.7,22763.1,1899,99,22741.0005,22762.4965,1.53,43221176.7
2026-09-29T05:53:00.510032+00:00,^NSEI,22763.1,22766.35,22763.1,22766.05,940,41,22741.0794,22766.9483,2.05,21399256.67
2026-09-29T05:53:05.510032+00:00,^NSEI,22766.05,22769.5,22763.65,22769.5,893,44,22741.1612,22770.6279,2.82,20331422.15
2026-09-29T05:53:10.510032+00:00,^NSEI,22769.5,22772.45,22767.1,22767.1,2175,97,22741.3683,22768.2674,3.37,49522321.25
2026-09-29T05:53:15.510032+00:00,^NSEI,22767.1,22774.6,22765.25,22774.6,2601,232,22741.635,22774.208,1.7,59228628.15
2026-09-29T05:53:20.510032+00:00,^NSEI,22774.6,22777.05,22771.35,22771.6,2256,114,22741.8766,22771.1151,1.52,51376640.0
2026-09-29T05:53:25.510032+00:00,^NSEI,22771.6,22777.1,22768.7,22773.9,1080,46,22741.9906,22772.5271,3.2,24595092.0
2026-09-29T05:53:30.510032+00:00,^NSEI,22773.9,22774.05,22764.95,22764.95,1646,123,22742.1338,22765.2659,1.96,37476100.57
2026-09-29T05:53:35.510032+00:00,^NSEI,22764.95,22765.0,22762.9,22765.0,2004,144,22742.2815,22766.1161,3.24,45619657.2
2026-09-29T05:53:40.510032+00:00,^NSEI,22765.0,22768.6,22765.0,22768.6,1794,117,22742.4305,22768.6245,1.45,40844715.6
2026-09-29T05:53:45.510032+00:00,^NSEI,22768.6,22768.6,22761.9,22767.2,1833,168,22742.5719,22766.076,3.47,41729894.7
2026-09-29T05:53:50.510032+00:00,^NSEI,22767.2,22776.0,22767.0,22776.0,1383,98,22742.7095,22775.8133,1.76,31495059.0
2026-09-29T05:53:55.510032+00:00,^NSEI,22776.0,22780.9,22768.05,22768.05,1521,82,22742.8562,22767.8468,2.77,34636719.0
2026-09-29T05:54:00.510032+00:00,^NSEI,22768.05,22771.25,22763.55,22763.55,2033,215,22743.0091,22762.8365,2.69,46283515.18
2026-09-29T05:54:05.510032+00:00,^NSEI,22763.55,22768.0,22762.15,22768.0,1626,134,22743.1296,22769.0329,3.18,37017597.3
2026-09-29T05:54:10.510032+00:00,^NSEI,22768.0,22773.65,22768.0,22771.4,1049,41,22743.2233,22770.733,3.15,23886796.48
2026-09-29T05:54:15.510032+00:00,^NSEI,22771.4,22777.4,22770.2,22777.4,2154,226,22743.4413,22777.2759,3.48,49057350.0
2026-09-29T05:54:20.510032+00:00,^NSEI,22777.4,22779.95,22775.6,22775.6,2093,187,22743.6637,22775.4099,0.81,47672365.65
2026-09-29T05:54:25.510032+00:00,^NSEI,22775.6,22777.25,22775.3,22775.3,871,71,22743.7524,22775.506,1.29,19837852.45
2026-09-29T05:54:30.510032+00:00,^NSEI,22775.3,22777.45,22765.7,22765.7,1021,42,22743.8354,22766.0647,2.02,23247778.62
2026-09-29T05:54:35.510032+00:00,^NSEI,22765.7,22767.65,22765.0,22765.0,1172,59,22743.9164,22763.9301,3.21,26681615.27
2026-09-29T05:54:40.510032+00:00,^NSEI,22765.0,22768.9,22764.95,22768.9,1173,105,22744.003,22768.598,0.82,26706375.25
2026-09-29T05:54:45.510032+00:00,^NSEI,22768.9,22774.15,22767.1,22767.1,1067,88,22744.0875,22767.1282,2.24,24295003.15
2026-09-29T05:54:50.510032+00:00,^NSEI,22767.1,22770.4,22758.0,22758.0,1993,165,22744.1987,22759.5076,3.48,45364931.73
2026-09-29T05:54:55.510032+00:00,^NSEI,22758.0,22759.05,22751.95,22751.95,979,68,22744.2292,22751.4713,1.49,22276476.02
2026-09-29T05:55:00.510032+00:00,^NSEI,22751.95,22755.65,22748.9,22755.65,719,28,22744.2495,22754.8003,3.38,16359694.6
2026-09-29T05:55:05.510032+00:00,^NSEI,22755.65,22759.6,22754.55,22756.65,549,25,22744.2708,22757.623,3.15,12493556.4
2026-09-29T05:55:10.510032+00:00,^NSEI,22756.65,22764.15,22756.45,22764.15,1876,127,22744.37,22764.5946,1.91,42700730.33
2026-09-29T05:55:15.510032+00:00,^NSEI,22764.15,22764.15,22762.25,22763.6,1047,101,22744.4304,22762.5257,3.11,23833210.0
2026-09-29T05:55:20.510032+00:00,^NSEI,22763.6,22765.85,22759.65,22759.65,1129,79,22744.4896,22759.6925,0.97,25697978.12
2026-09-29T05:55:25.510032+00:00,^NSEI,22759.65,22761.95,22759.65,22759.75,992,59,22744.5374,22760.3009,1.74,22578366.4
2026-09-29T05:55:30.510032+00:00,^NSEI,22759.75,22759.75,22757.25,22758.65,1530,67,22744.6019,22758.2855,2.67,34820581.5
2026-09-29T05:55:35.510032+00:00,^NSEI,22758.65,22758.65,22754.75,22754.9,1358,120,22744.6487,22754.5984,2.68,30902783.8
2026-09-29T05:55:40.510032+00:00,^NSEI,22754.9,22755.95,22753.65,22755.95,1527,158,22744.6967,22755.2429,2.74,34747164.95
2026-09-29T05:55:45.510032+00:00,^NSEI,22755.95,22760.3,22754.05,22760.3,1473,82,22744.7559,22760.5761,1.63,33522853.15
2026-09-29T05:55:50.510032+00:00,^NSEI,22760.3,22761.1,22757.25,22758.25,1378,64,22744.8134,22758.9834,1.96,31361718.27
2026-09-29T05:55:55.510032+00:00,^NSEI,22758.25,22761.9,22758.15,22758.15,1281,103,22744.8685,22758.2832,2.72,29154791.4
2026-09-29T05:56:00.510032+00:00,^NSEI,22758.15,22760.5,22757.3,22759.45,672,37,22744.8966,22759.2379,2.04,15294104.0
2026-09-29T05:56:05.510032+00:00,^NSEI,22759.45,22763.8,22759.45,22763.3,1435,173,22744.9692,22763.9117,1.53,32663733.08
2026-09-29T05:56:10.510032+00:00,^NSEI,22763.3,22765.05,22758.55,22758.55,1205,116,22745.0246,22758.4099,0.95,27426663.58
2026-09-29T05:56:15.510032+00:00,^NSEI,22758.55,22759.95,22757.25,22759.15,1552,65,22745.0866,22758.2653,2.15,35321631.73
2026-09-29T05:56:20.510032+00:00,^NSEI,22759.15,22760.0,22753.55,22753.55,1768,201,22745.1409,22754.6888,2.7,40232077.6
2026-09-29T05:56:25.510032+00:00,^NSEI,22753.55,22764.65,22753.55,22764.65,1568,140,22745.2122,22763.9569,2.94,35689169.6
2026-09-29T05:56:30.510032+00:00,^NSEI,22764.65,22765.8,22762.65,22762.65,1243,54,22745.2781,22762.7692,2.22,28295279.1
2026-09-29T05:56:35.510032+00:00,^NSEI,22762.65,22767.85,22762.65,22763.85,833,34,22745.3246,22764.7911,3.42,18963064.52
2026-09-29T05:56:40.510032+00:00,^NSEI,22763.85,22763.85,22759.7,22762.0,1881,145,22745.413,22761.7601,1.49,42815039.85
2026-09-29T05:56:45.510032+00:00,^NSEI,22762.0,22766.45,22759.8,22766.45,1856,77,22745.5119,22766.5073,1.02,42250417.07
2026-09-29T05:56:50.510032+00:00,^NSEI,22766.45,22766.45,22760.9,22760.9,1974,130,22745.6076,22760.7134,1.4,44933668.5
2026-09-29T05:56:55.510032+00:00,^NSEI,22760.9,22761.65,22754.65,22754.65,1310,123,22745.6494,22755.4605,2.83,29811648.17
2026-09-29T05:57:00.510032+00:00,^NSEI,22754.65,22759.9,22754.65,22759.9,1873,114,22745.7147,22759.3617,2.84,42626014.95
2026-09-29T05:57:05.510032+00:00,^NSEI,22759.9,22759.9,22755.75,22756.85,1754,128,22745.7721,22756.6653,2.41,39916655.0
2026-09-29T05:57:10.510032+00:00,^NSEI,22756.85,22760.5,22751.15,22757.45,1872,108,22745.8269,22758.4046,3.36,42599918.4
2026-09-29T05:57:15.510032+00:00,^NSEI,22757.45,22757.45,22750.1,22750.1,931,38,22745.8441,22750.1853,3.21,21182624.05
2026-09-29T05:57:20.510032+00:00,^NSEI,22750.1,22750.7,22747.75,22750.7,495,32,22745.8494,22750.3218,1.66,11261109.75
2026-09-29T05:57:25.510032+00:00,^NSEI,22750.7,22752.5,22749.25,22752.5,873,55,22745.8627,22752.1529,2.86,19861986.75
2026-09-29T05:57:30.510032+00:00,^NSEI,22752.5,22754.15,22750.15,22750.15,1020,70,22745.8784,22750.3776,2.18,23206513.0
2026-09-29T05:57:35.510032+00:00,^NSEI,22750.15,22752.0,22750.15,22752.0,1067,109,22745.8945,22752.1212,1.1,24275726.02
2026-09-29T05:57:40.510032+00:00,^NSEI,22752.0,22752.35,22748.65,22748.65,1077,77,22745.9061,22748.5287,1.7,24501624.35
2026-09-29T05:57:45.510032+00:00,^NSEI,22748.65,22752.75,22742.9,22742.9,1921,78,22745.9076,22741.8367,3.06,43695418.18
2026-09-29T05:57:50.510032+00:00,^NSEI,22742.9,22743.45,22740.25,22740.25,1041,41,22745.8947,22740.1831,0.99,23673710.65
2026-09-29T05:57:55.510032+00:00,^NSEI,22740.25,22740.85,22737.25,22737.25,1074,76,22745.8732,22736.8543,1.17,24421095.3
2026-09-29T05:58:00.510032+00:00,^NSEI,22737.25,22739.9,22735.9,22739.45,1813,223,22745.837,22738.6174,2.85,41224749.42
2026-09-29T05:58:05.510032+00:00,^NSEI,22739.45,22739.85,22734.6,22734.6,980,39,22745.8121,22734.8776,1.06,22281623.0
2026-09-29T05:58:10.510032+00:00,^NSEI,22734.6,22736.05,22734.6,22736.05,615,28,22745.7953,22736.3529,0.85,13982373.5
2026-09-29T05:58:15.510032+00:00,^NSEI,22736.05,22743.7,22731.2,22731.2,828,67,22745.7724,22731.5228,1.1,18824883.6
2026-09-29T05:58:20.510032+00:00,^NSEI,22731.2,22743.9,22730.0,22743.9,1653,146,22745.7439,22743.7043,2.44,37588007.8
2026-09-29T05:58:25.510032+00:00,^NSEI,22743.9,22755.85,22743.9,22755.85,1828,170,22745.7734,22755.0195,2.87,41590412.27
2026-09-29T05:58:30.510032+00:00,^NSEI,22755.85,22757.2,22747.5,22757.2,4107,206,22745.8611,22758.0925,2.95,93450541.1
2026-09-29T05:58:35.510032+00:00,^NSEI,22757.2,22768.6,22746.3,22768.6,3954,162,22746.0174,22768.0426,1.77,89997653.0
2026-09-29T05:58:40.510032+00:00,^NSEI,22768.6,22773.6,22765.4,22773.6,1643,76,22746.1223,22774.3308,2.36,37412533.93
2026-09-29T05:58:45.510032+00:00,^NSEI,22773.6,22777.4,22772.75,22772.75,3417,143,22746.3676,22773.3221,3.07,77819783.1
2026-09-29T05:58:50.510032+00:00,^NSEI,22772.75,22780.0,22767.05,22778.95,1794,194,22746.4994,22778.8206,1.42,40858948.0
2026-09-29T05:58:55.510032+00:00,^NSEI,22778.95,22798.0,22773.45,22798.0,4239,239,22746.9602,22798.8916,2.56,96606032.85
2026-09-29T05:59:00.510032+00:00,^NSEI,22798.0,22801.9,22790.05,22801.9,4115,180,22747.4814,22801.9799,1.85,93813564.25
2026-09-29T05:59:05.510032+00:00,^NSEI,22801.9,22801.9,22790.25,22790.25,3041,182,22747.8311,22790.1613,2.88,69316959.47
2026-09-29T05:59:10.510032+00:00,^NSEI,22790.25,22791.3,22787.55,22787.55,2647,112,22748.0967,22787.7339,2.3,60321953.6
2026-09-29T05:59:15.510032+00:00,^NSEI,22787.55,22790.15,22785.3,22785.9,1147,128,22748.206,22785.4516,1.08,26136822.82
2026-09-29T05:59:20.510032+00:00,^NSEI,22785.9,22797.65,22779.3,22797.65,2745,271,22748.4946,22796.7741,2.11,62562759.0
2026-09-29T05:59:25.510032+00:00,^NSEI,22797.65,22808.0,22792.2,22808.0,1636,83,22748.709,22808.7488,1.82,37305271.73
2026-09-29T05:59:30.510032+00:00,^NSEI,22808.0,22808.15,22804.25,22808.15,1638,114,22748.9382,22809.0575,2.48,37357620.3
2026-09-29T05:59:35.510032+00:00,^NSEI,22808.15,22811.65,22806.35,22809.05,2868,172,22749.3501,22808.735,2.44,65416259.8
2026-09-29T05:59:40.510032+00:00,^NSEI,22809.05,22819.7,22809.05,22819.7,2758,156,22749.7876,22819.3977,0.82,62926941.7
2026-09-29T05:59:45.510032+00:00,^NSEI,22819.7,22819.7,22814.25,22814.7,2178,175,22750.1295,22814.3027,2.78,49693719.9
2026-09-29T05:59:50.510032+00:00,^NSEI,22814.7,22821.1,22807.3,22813.4,2089,178,22750.4428,22813.4902,1.85,47658306.73
2026-09-29T05:59:55.510032+00:00,^NSEI,22813.4,22817.3,22810.3,22817.3,1012,92,22750.596,22816.6587,1.83,23088746.27
2026-09-29T06:00:00.510032+00:00,^NSEI,22817.3,22817.4,22815.95,22815.95,2464,203,22750.9742,22815.7451,3.03,56219691.73
2026-09-29T06:00:05.510032+00:00,^NSEI,22815.95,22817.95,22811.5,22814.15,1692,85,22751.224,22814.5883,1.94,38602190.4
2026-09-29T06:00:10.510032+00:00,^NSEI,22814.15,22816.85,22810.55,22810.55,1063,73,22751.3753,22810.2173,0.87,24249846.95
2026-09-29T06:00:15.510032+00:00,^NSEI,22810.55,22815.9,22809.3,22815.9,2181,129,22751.6887,22817.2976,3.31,49756679.7
2026-09-29T06:00:20.510032+00:00,^NSEI,22815.9,22820.15,22815.0,22820.15,824,46,22751.8153,22820.2571,3.44,18802389.07
2026-09-29T06:00:25.510032+00:00,^NSEI,22820.15,22822.8,22820.15,22821.55,1575,169,22752.0669,22821.8582,1.34,35943862.5
2026-09-29T06:00:30.510032+00:00,^NSEI,22821.55,22823.25,22818.4,22823.25,1162,91,22752.2517,22822.4409,2.44,26518737.93
2026-09-29T06:00:35.510032+00:00,^NSEI,22823.25,22828.4,22819.6,22824.95,1934,85,22752.569,22825.5101,1.38,44142228.43
2026-09-29T06:00:40.510032+00:00,^NSEI,22824.95,22827.85,22814.2,22814.2,3393,194,22753.0763,22815.362,2.81,77424018.75
2026-09-29T06:00:45.510032+00:00,^NSEI,22814.2,22824.3,22802.7,22824.3,5224,390,22753.8231,22824.0196,3.04,119196530.4
2026-09-29T06:00:50.510032+00:00,^NSEI,22824.3,22833.05,22813.75,22833.05,1546,65,22754.0735,22832.3405,3.35,35289949.37
2026-09-29T06:00:55.510032+00:00,^NSEI,22833.05,22841.0,22821.1,22841.0,4371,288,22754.8469,22842.1416,3.19,99809016.7
2026-09-29T06:01:00.510032+00:00,^NSEI,22841.0,22846.2,22836.85,22838.6,2699,176,22755.3536,22838.7936,0.85,61646644.45
2026-09-29T06:01:05.510032+00:00,^NSEI,22838.6,22843.9,22836.5,22837.35,3650,330,22756.0191,22837.4223,0.87,83363262.5
2026-09-29T06:01:10.510032+00:00,^NSEI,22837.35,22844.1,22830.6,22833.3,4060,187,22756.7186,22833.8973,1.57,92714160.0
2026-09-29T06:01:15.510032+00:00,^NSEI,22833.3,22840.9,22833.25,22840.9,1369,140,22756.9586,22840.4966,1.8,31265701.15
2026-09-29T06:01:20.510032+00:00,^NSEI,22840.9,22840.9,22834.65,22837.1,3394,345,22757.5419,22836.3741,1.79,77510644.7
2026-09-29T06:01:25.510032+00:00,^NSEI,22837.1,22844.9,22832.4,22844.9,2061,157,22757.9059,22845.2153,2.57,47074751.4
2026-09-29T06:01:30.510032+00:00,^NSEI,22844.9,22849.2,22842.8,22849.2,3802,158,22758.6198,22849.4495,2.37,86864547.47
2026-09-29T06:01:35.510032+00:00,^NSEI,22849.2,22858.65,22849.2,22858.65,3919,431,22759.4129,22857.9006,2.07,89570704.5
2026-09-29T06:01:40.510032+00:00,^NSEI,22858.65,22865.55,22849.65,22849.65,3466,351,22760.0995,22850.4849,3.17,79215256.7
2026-09-29T06:01:45.510032+00:00,^NSEI,22849.65,22852.15,22839.35,22839.35,2348,132,22760.5042,22840.4237,3.09,53636811.93
2026-09-29T06:01:50.510032+00:00,^NSEI,22839.35,22842.25,22830.15,22842.25,1423,168,22760.7318,22842.7475,3.17,32498782.32
2026-09-29T06:01:55.510032+00:00,^NSEI,22842.25,22846.6,22840.3,22844.0,3219,199,22761.2773,22844.8116,2.26,73533655.7
2026-09-29T06:02:00.510032+00:00,^NSEI,22844.0,22848.5,22840.35,22842.05,2662,116,22761.723,22841.4973,1.71,60809751.93
2026-09-29T06:02:05.510032+00:00,^NSEI,22842.05,22853.35,22839.75,22853.35,2947,168,22762.2417,22853.8066,1.31,67335462.72
2026-09-29T06:02:10.510032+00:00,^NSEI,22853.35,22854.8,22846.45,22847.0,2068,97,22762.6045,22846.5895,1.94,47252593.67
2026-09-29T06:02:15.510032+00:00,^NSEI,22847.0,22847.0,22840.4,22840.4,3230,355,22763.1212,22840.5791,2.89,73781598.0
2026-09-29T06:02:20.510032+00:00,^NSEI,22840.4,22840.4,22834.25,22834.25,2023,106,22763.416,22833.8979,0.98,46197834.9
2026-09-29T06:02:25.510032+00:00,^NSEI,22834.25,22838.4,22834.25,22838.4,1768,155,22763.6742,22838.527,1.53,40375845.47
2026-09-29T06:02:30.510032+00:00,^NSEI,22838.4,22842.45,22834.7,22841.4,2060,167,22763.983,22841.0102,2.83,47049404.33
2026-09-29T06:02:35.510032+00:00,^NSEI,22841.4,22845.05,22835.95,22835.95,1915,87,22764.2658,22835.6118,0.84,43736653.08
2026-09-29T06:02:40.510032+00:00,^NSEI,22835.95,22841.55,22833.4,22841.55,2263,183,22764.5966,22840.7703,2.14,51684279.83
2026-09-29T06:02:45.510032+00:00,^NSEI,22841.55,22841.55,22836.85,22841.55,859,44,22764.7233,22842.2205,1.49,19619545.68
2026-09-29T06:02:50.510032+00:00,^NSEI,22841.55,22843.65,22836.8,22843.65,2553,236,22765.1043,22844.3011,1.85,58314009.1
2026-09-29T06:02:55.510032+00:00,^NSEI,22843.65,22846.1,22841.55,22841.55,1916,204,22765.3941,22841.3241,2.16,43767315.73
2026-09-29T06:03:00.510032+00:00,^NSEI,22841.55,22849.15,22837.25,22849.15,2101,162,22765.718,22849.643,2.19,47997730.18
2026-09-29T06:03:05.510032+00:00,^NSEI,22849.15,22849.15,22844.75,22846.6,2396,204,22766.0918,22848.0355,3.23,54741012.67
2026-09-29T06:03:10.510032+00:00,^NSEI,22846.6,22847.7,22843.65,22845.45,1333,109,22766.2951,22844.004,3.31,30453184.8
2026-09-29T06:03:15.510032+00:00,^NSEI,22845.45,22850.55,22841.95,22844.25,2320,168,22766.6464,22844.0027,2.55,53001753.33
2026-09-29T06:03:20.510032+00:00,^NSEI,22844.25,22846.9,22842.3,22842.3,2113,84,22766.9566,22842.3225,0.83,48269019.83
2026-09-29T06:03:25.510032+00:00,^NSEI,22842.3,22847.55,22842.3,22847.55,1813,148,22767.2276,22848.2697,2.23,41419435.4
2026-09-29T06:03:30.510032+00:00,^NSEI,22847.55,22849.8,22842.85,22845.55,992,68,22767.3756,22845.382,1.24,22663298.13
2026-09-29T06:03:35.510032+00:00,^NSEI,22845.55,22849.3,22845.55,22848.6,1702,128,22767.6338,22849.0831,1.45,38886983.97
2026-09-29T06:03:40.510032+00:00,^NSEI,22848.6,22848.6,22845.9,22848.4,1884,102,22767.917,22848.1708,1.17,43044941.2
2026-09-29T06:03:45.510032+00:00,^NSEI,22848.4,22851.3,22845.1,22849.5,1248,91,22768.1059,22848.9074,1.86,28515094.4
2026-09-29T06:03:50.510032+00:00,^NSEI,22849.5,22853.2,22847.3,22851.0,653,59,22768.2066,22850.4578,3.44,14921376.5
2026-09-29T06:03:55.510032+00:00,^NSEI,22851.0,22852.65,22849.4,22852.65,1394,89,22768.4236,22853.0147,1.23,31855083.93
2026-09-29T06:04:00.510032+00:00,^NSEI,22852.65,22853.05,22847.1,22847.1,2005,83,22768.7246,22847.3052,0.94,45812412.08
2026-09-29T06:04:05.510032+00:00,^NSEI,22847.1,22847.1,22843.9,22843.9,1340,54,22768.9142,22844.8007,2.43,30612255.33
2026-09-29T06:04:10.510032+00:00,^NSEI,22843.9,22848.8,22826.55,22826.55,4616,229,22769.4668,22826.0527,2.12,105401590.13
2026-09-29T06:04:15.510032+00:00,^NSEI,22826.55,22829.65,22821.15,22824.0,2359,267,22769.7066,22822.5857,3.3,53844017.73
2026-09-29T06:04:20.510032+00:00,^NSEI,22824.0,22825.3,22812.05,22812.9,2849,143,22769.9509,22812.8325,0.95,65004920.75
2026-09-29T06:04:25.510032+00:00,^NSEI,22812.9,22812.9,22809.95,22809.95,1252,59,22770.0442,22809.1974,2.29,28559288.53
2026-09-29T06:04:30.510032+00:00,^NSEI,22809.95,22816.1,22809.95,22813.5,4243,358,22770.3745,22813.6645,1.13,96796336.88
2026-09-29T06:04:35.510032+00:00,^NSEI,22813.5,22827.05,22809.4,22827.05,1162,70,22770.4808,22827.9731,3.42,26518195.67
2026-09-29T06:04:40.510032+00:00,^NSEI,22827.05,22829.5,22824.9,22824.9,1610,127,22770.6426,22824.6606,1.89,36750557.67
2026-09-29T06:04:45.510032+00:00,^NSEI,22824.9,22824.9,22814.55,22820.8,1996,154,22770.8192,22820.8383,1.36,45548886.33
2026-09-29T06:04:50.510032+00:00,^NSEI,22820.8,22826.6,22816.7,22816.7,2609,164,22771.0477,22815.7782,2.46,59537380.0
2026-09-29T06:04:55.510032+00:00,^NSEI,22816.7,22837.25,22816.7,22837.25,1509,126,22771.2068,22836.8333,1.56,34451073.6
2026-09-29T06:05:00.510032+00:00,^NSEI,22837.25,22840.2,22832.75,22840.2,1210,116,22771.3495,22840.7209,1.45,27633637.17
2026-09-29T06:05:05.510032+00:00,^NSEI,22840.2,22840.9,22832.75,22832.75,3603,318,22771.7563,22832.5922,2.33,82276186.4
2026-09-29T06:05:10.510032+00:00,^NSEI,22832.75,22832.75,22820.6,22820.6,1941,117,22771.9365,22820.0581,2.12,44302645.65
2026-09-29T06:05:15.510032+00:00,^NSEI,22820.6,22825.45,22820.6,22825.45,2901,257,22772.1995,22825.2149,1.93,66211940.5
2026-09-29T06:05:20.510032+00:00,^NSEI,22825.45,22826.5,22818.55,22826.5,3093,157,22772.4769,22826.4759,1.43,70594168.05
2026-09-29T06:05:25.510032+00:00,^NSEI,22826.5,22827.05,22817.7,22827.05,2346,121,22772.6858,22827.3087,1.26,53544947.6
2026-09-29T06:05:30.510032+00:00,^NSEI,22827.05,22828.3,22826.5,22827.1,3204,171,22772.9868,22827.4673,2.58,73138669.2
2026-09-29T06:05:35.510032+00:00,^NSEI,22827.1,22832.1,22824.05,22826.7,1436,67,22773.1214,22827.0855,1.01,32780457.53
2026-09-29T06:05:40.510032+00:00,^NSEI,22826.7,22830.6,22823.65,22830.6,3725,194,22773.4718,22830.2121,2.07,85035355.42
2026-09-29T06:05:45.510032+00:00,^NSEI,22830.6,22835.65,22825.3,22830.7,2443,136,22773.7086,22830.2984,2.18,55775033.65
2026-09-29T06:05:50.510032+00:00,^NSEI,22830.7,22839.05,22826.15,22839.05,2481,296,22773.9647,22838.5512,1.47,56653014.75
2026-09-29T06:05:55.510032+00:00,^NSEI,22839.05,22850.0,22836.45,22844.35,1433,71,22774.1331,22844.5964,3.06,32734878.8
2026-09-29T06:06:00.510032+00:00,^NSEI,22844.35,22844.35,22835.8,22835.8,2413,184,22774.3946,22836.6474,2.14,55109662.45
2026-09-29T06:06:05.510032+00:00,^NSEI,22835.8,22836.45,22832.25,22832.25,1952,80,22774.5883,22831.3431,2.11,44571284.8
2026-09-29T06:06:10.510032+00:00,^NSEI,22832.25,22840.05,22825.95,22825.95,1242,99,22774.7047,22826.58,1.39,28355667.3
2026-09-29T06:06:15.510032+00:00,^NSEI,22825.95,22838.9,22825.95,22838.9,2528,142,22774.9566,22838.6472,1.21,57725826.67
2026-09-29T06:06:20.510032+00:00,^NSEI,22838.9,22847.85,22831.6,22831.6,2481,230,22775.2118,22830.865,3.38,56658638.35
2026-09-29T06:06:25.510032+00:00,^NSEI,22831.6,22834.35,22824.55,22834.35,1569,129,22775.3567,22834.2761,0.87,35821969.75
2026-09-29T06:06:30.510032+00:00,^NSEI,22834.35,22837.0,22830.45,22837.0,2346,105,22775.5863,22837.9782,2.93,53570479.9
2026-09-29T06:06:35.510032+00:00,^NSEI,22837.0,22837.0,22829.45,22835.95,2031,227,22775.7815,22836.4925,1.57,46376124.8
2026-09-29T06:06:40.510032+00:00,^NSEI,22835.95,22835.95,22832.15,22835.05,1696,127,22775.9441,22835.2213,3.2,38727114.13
2026-09-29T06:06:45.510032+00:00,^NSEI,22835.05,22841.05,22833.35,22841.05,1030,48,22776.0494,22839.9609,3.0,23523637.83
2026-09-29T06:06:50.510032+00:00,^NSEI,22841.05,22845.0,22840.15,22840.9,1011,67,22776.1582,22841.7057,2.15,23093278.85
2026-09-29T06:06:55.510032+00:00,^NSEI,22840.9,22847.4,22836.8,22841.3,957,79,22776.2605,22841.7147,1.29,21859634.5
2026-09-29T06:07:00.510032+00:00,^NSEI,22841.3,22844.05,22839.55,22839.55,1576,135,22776.4264,22838.5854,2.96,35997494.8
2026-09-29T06:07:05.510032+00:00,^NSEI,22839.55,22844.15,22832.7,22844.15,1759,185,22776.6085,22844.0417,2.01,40176146.33
2026-09-29T06:07:10.510032+00:00,^NSEI,22844.15,22847.25,22843.1,22847.25,1207,62,22776.7436,22847.6844,2.55,27574961.07
2026-09-29T06:07:15.510032+00:00,^NSEI,22847.25,22855.35,22846.05,22855.35,1548,76,22776.9321,22855.9847,1.57,35375283.0
2026-09-29T06:07:20.510032+00:00,^NSEI,22855.35,22859.5,22849.6,22859.5,1678,152,22777.146,22859.0299,1.14,38352703.6
2026-09-29T06:07:25.510032+00:00,^NSEI,22859.5,22861.7,22855.15,22861.7,1570,158,22777.3535,22860.9348,1.88,35889441.17
2026-09-29T06:07:30.510032+00:00,^NSEI,22861.7,22864.65,22861.65,22862.75,1108,80,22777.5054,22863.4427,3.34,25332222.47
2026-09-29T06:07:35.510032+00:00,^NSEI,22862.75,22869.7,22861.55,22861.55,1604,109,22777.7277,22862.6985,2.72,36674283.73
2026-09-29T06:07:40.510032+00:00,^NSEI,22861.55,22866.95,22861.4,22861.4,1248,148,22777.8979,22861.0157,2.14,28533336.0
2026-09-29T06:07:45.510032+00:00,^NSEI,22861.4,22863.95,22857.85,22863.95,1304,55,22778.0721,22864.4505,1.79,29811939.33
2026-09-29T06:07:50.510032+00:00,^NSEI,22863.95,22867.15,22861.25,22864.6,900,36,22778.1955,22864.8803,1.18,20577900.0
2026-09-29T06:07:55.510032+00:00,^NSEI,22864.6,22869.35,22862.3,22869.35,952,40,22778.3295,22870.0578,1.87,21769384.0
2026-09-29T06:08:00.510032+00:00,^NSEI,22869.35,22877.7,22869.3,22877.7,831,54,22778.4567,22878.0341,0.82,19009041.9
2026-09-29T06:08:05.510032+00:00,^NSEI,22877.7,22877.7,22873.4,22875.4,2287,250,22778.8069,22875.2273,1.52,52316268.5
2026-09-29T06:08:10.510032+00:00,^NSEI,22875.4,22876.8,22874.0,22876.8,619,51,22778.9017,22876.5237,2.38,14160161.47
2026-09-29T06:08:15.510032+00:00,^NSEI,22876.8,22876.8,22868.4,22868.4,915,81,22779.0346,22867.809,1.4,20927148.0
2026-09-29T06:08:20.510032+00:00,^NSEI,22868.4,22869.15,22867.35,22868.25,2201,101,22779.3427,22867.4416,3.25,50333018.25
2026-09-29T06:08:25.510032+00:00,^NSEI,22868.25,22870.65,22859.75,22859.75,1431,64,22779.531,22860.0318,2.98,32717501.55
2026-09-29T06:08:30.510032+00:00,^NSEI,22859.75,22862.5,22856.2,22862.5,1725,78,22779.7488,22863.4015,2.53,39434190.0
2026-09-29T06:08:35.510032+00:00,^NSEI,22862.5,22862.5,22858.8,22858.8,1163,89,22779.8943,22859.6667,2.16,26586218.77
2026-09-29T06:08:40.510032+00:00,^NSEI,22858.8,22860.55,22855.2,22855.2,1982,172,22780.1317,22855.2426,3.03,45302540.97
2026-09-29T06:08:45.510032+00:00,^NSEI,22855.2,22860.5,22855.15,22860.5,1559,79,22780.3216,22859.9704,1.36,35636739.28
2026-09-29T06:08:50.510032+00:00,^NSEI,22860.5,22866.95,22859.15,22859.15,1646,127,22780.5288,22859.6669,1.48,37630440.5
2026-09-29T06:08:55.510032+00:00,^NSEI,22859.15,22869.4,22858.35,22869.4,2168,124,22780.8133,22868.6174,1.8,49572873.73
2026-09-29T06:09:00.510032+00:00,^NSEI,22869.4,22869.9,22864.2,22866.35,1816,94,22781.0533,22866.4887,0.89,41526139.07
2026-09-29T06:09:05.510032+00:00,^NSEI,22866.35,22871.6,22865.35,22865.35,1066,61,22781.1945,22864.9297,2.46,24376683.93
2026-09-29T06:09:10.510032+00:00,^NSEI,22865.35,22872.2,22864.45,22872.2,1274,60,22781.367,22872.1626,1.33,29135891.63
2026-09-29T06:09:15.510032+00:00,^NSEI,22872.2,22878.75,22872.2,22878.75,1165,90,22781.5365,22878.5857,2.46,26651200.17
2026-09-29T06:09:20.510032+00:00,^NSEI,22878.75,22882.25,22878.75,22882.25,1509,99,22781.7655,22881.7976,2.34,34527554.75
2026-09-29T06:09:25.510032+00:00,^NSEI,22882.25,22882.55,22881.0,22881.95,997,66,22781.9174,22882.2829,1.96,22813187.83
2026-09-29T06:09:30.510032+00:00,^NSEI,22881.95,22882.3,22876.65,22882.3,568,50,22782.0025,22882.1034,2.7,12996076.67
2026-09-29T06:09:35.510032+00:00,^NSEI,22882.3,22885.9,22880.45,22885.9,617,30,22782.0982,22886.6178,1.79,14119479.42
2026-09-29T06:09:40.510032+00:00,^NSEI,22885.9,22885.9,22883.2,22883.2,1136,93,22782.274,22884.5046,3.5,25996337.6
2026-09-29T06:09:45.510032+00:00,^NSEI,22883.2,22888.75,22878.3,22888.75,953,50,22782.4227,22889.1321,1.42,21809659.13
2026-09-29T06:09:50.510032+00:00,^NSEI,22888.75,22888.85,22885.85,22888.05,643,46,22782.5251,22887.752,1.65,14716716.08
2026-09-29T06:09:55.510032+00:00,^NSEI,22888.05,22895.95,22888.05,22895.95,969,43,22782.6873,22896.4715,3.11,22183623.85
2026-09-29T06:10:00.510032+00:00,^NSEI,22895.95,22895.95,22888.3,22888.3,1017,83,22782.8533,22889.2997,2.94,23279994.45
2026-09-29T06:10:05.510032+00:00,^NSEI,22888.3,22894.95,22888.3,22894.95,1026,82,22783.0231,22895.1801,0.96,23487944.4
2026-09-29T06:10:10.510032+00:00,^NSEI,22894.95,22898.25,22894.95,22897.2,1438,58,22783.2691,22898.3163,2.98,32925598.4
2026-09-29T06:10:15.510032+00:00,^NSEI,22897.2,22907.6,22897.2,22907.6,1419,168,22783.5263,22907.61,2.08,32500965.2
2026-09-29T06:10:20.510032+00:00,^NSEI,22907.6,22911.5,22906.35,22910.0,2004,113,22783.9032,22909.7132,1.49,45910203.8
2026-09-29T06:10:25.510032+00:00,^NSEI,22910.0,22910.2,22908.35,22910.2,936,69,22784.0789,22909.8948,2.01,21443370.0
2026-09-29T06:10:30.510032+00:00,^NSEI,22910.2,22918.5,22910.2,22918.5,604,33,22784.1976,22918.4162,1.06,13841102.93
2026-09-29T06:10:35.510032+00:00,^NSEI,22918.5,22923.7,22918.1,22923.7,1102,60,22784.4235,22922.3622,3.47,25259860.33
2026-09-29T06:10:40.510032+00:00,^NSEI,22923.7,22923.7,22917.05,22918.85,955,73,22784.616,22918.6867,2.42,21888472.67
2026-09-29T06:10:45.510032+00:00,^NSEI,22918.85,22919.6,22917.1,22919.6,1276,137,22784.8701,22918.388,3.04,29244346.27
2026-09-29T06:10:50.510032+00:00,^NSEI,22919.6,22923.1,22918.05,22923.1,683,77,22785.0084,22923.7966,3.13,15655327.58
2026-09-29T06:10:55.510032+00:00,^NSEI,22923.1,22931.8,22920.75,22931.8,1815,105,22785.3927,22932.1035,1.15,41614531.75
2026-09-29T06:11:00.510032+00:00,^NSEI,22931.8,22933.4,22930.9,22931.55,791,73,22785.5639,22931.8264,1.14,18139172.45
2026-09-29T06:11:05.510032+00:00,^NSEI,22931.55,22932.45,22929.2,22932.45,1208,146,22785.8237,22932.232,2.13,27701090.93
2026-09-29T06:11:10.510032+00:00,^NSEI,22932.45,22935.8,22932.0,22933.75,1330,152,22786.1135,22933.2817,1.71,30502020.5
2026-09-29T06:11:15.510032+00:00,^NSEI,22933.75,22936.4,22931.45,22931.7,1128,85,22786.3573,22931.8882,1.45,25868630.8
2026-09-29T06:11:20.510032+00:00,^NSEI,22931.7,22934.05,22929.3,22931.25,661,41,22786.4982,22932.3235,3.4,15157743.53
2026-09-29T06:11:25.510032+00:00,^NSEI,22931.25,22934.9,22927.05,22927.05,1561,120,22786.8256,22927.6532,1.7,35793209.67
2026-09-29T06:11:30.510032+00:00,^NSEI,22927.05,22934.6,22927.05,22934.6,748,91,22786.9846,22934.5415,2.69,17153198.33
2026-09-29T06:11:35.510032+00:00,^NSEI,22934.6,22937.2,22931.4,22937.2,1678,167,22787.3477,22937.0866,1.04,38485377.47
2026-09-29T06:11:40.510032+00:00,^NSEI,22937.2,22940.55,22933.55,22937.85,922,38,22787.5493,22937.052,1.9,21148205.97
2026-09-29T06:11:45.510032+00:00,^NSEI,22937.85,22938.65,22930.2,22931.7,1389,77,22787.8442,22931.7899,2.77,31854654.65
2026-09-29T06:11:50.510032+00:00,^NSEI,22931.7,22931.7,22929.1,22929.1,1363,58,22788.1255,22928.9319,3.02,31253544.57
2026-09-29T06:11:55.510032+00:00,^NSEI,22929.1,22934.05,22925.95,22934.05,1705,97,22788.4791,22933.6658,0.99,39097951.75
2026-09-29T06:12:00.510032+00:00,^NSEI,22934.05,22934.05,22928.0,22928.0,1324,73,22788.75,22928.9285,2.39,30359342.07
2026-09-29T06:12:05.510032+00:00,^NSEI,22928.0,22930.3,22928.0,22930.3,624,55,22788.8769,22931.2279,2.09,14308028.8
2026-09-29T06:12:10.510032+00:00,^NSEI,22930.3,22937.1,22929.35,22937.1,1539,106,22789.1998,22937.1024,1.93,35296221.15
2026-09-29T06:12:15.510032+00:00,^NSEI,22937.1,22940.8,22936.75,22940.8,1729,170,22789.5732,22940.4839,0.97,39662309.05
2026-09-29T06:12:20.510032+00:00,^NSEI,22940.8,22943.4,22940.8,22942.8,1741,146,22789.9546,22942.3136,2.45,39942602.33
2026-09-29T06:12:25.510032+00:00,^NSEI,22942.8,22944.6,22938.2,22938.2,1404,59,22790.2567,22938.2929,3.06,32208228.0
2026-09-29T06:12:30.510032+00:00,^NSEI,22938.2,22944.05,22938.2,22941.0,1118,76,22790.4976,22940.3429,1.48,25648131.17
2026-09-29T06:12:35.510032+00:00,^NSEI,22941.0,22942.85,22941.0,22942.85,1743,97,22790.8745,22943.1777,2.3,39988312.7
2026-09-29T06:12:40.510032+00:00,^NSEI,22942.85,22947.0,22938.2,22938.2,659,41,22791.0154,22937.1893,2.95,15118206.87
2026-09-29T06:12:45.510032+00:00,^NSEI,22938.2,22938.2,22932.45,22935.1,703,62,22791.1597,22935.8267,2.86,16123480.75
2026-09-29T06:12:50.510032+00:00,^NSEI,22935.1,22936.95,22931.65,22931.65,845,77,22791.3304,22932.4203,3.01,19378737.08
2026-09-29T06:12:55.510032+00:00,^NSEI,22931.65,22933.75,22931.35,22931.75,577,51,22791.4459,22931.2883,3.12,13231927.48
2026-09-29T06:13:00.510032+00:00,^NSEI,22931.75,22934.8,22929.55,22929.55,864,37,22791.6172,22929.4954,2.73,19812643.2
2026-09-29T06:13:05.510032+00:00,^NSEI,22929.55,22932.05,22928.15,22932.05,1098,45,22791.8334,22932.2431,1.54,25177963.5
2026-09-29T06:13:10.510032+00:00,^NSEI,22932.05,22934.45,22929.4,22931.15,1909,112,22792.2103,22930.9785,1.21,43776551.67
2026-09-29T06:13:15.510032+00:00,^NSEI,22931.15,22933.45,22928.95,22928.95,1836,168,22792.5676,22929.113,0.83,42100306.2
2026-09-29T06:13:20.510032+00:00,^NSEI,22928.95,22933.5,22928.75,22929.75,1425,66,22792.8442,22928.7466,2.44,32676200.0
2026-09-29T06:13:25.510032+00:00,^NSEI,22929.75,22932.5,22928.5,22932.5,1746,70,22793.1827,22932.8602,0.85,40037817.0
2026-09-29T06:13:30.510032+00:00,^NSEI,22932.5,22933.9,22932.5,22933.3,1853,80,22793.5456,22932.2157,3.03,42495281.37
2026-09-29T06:13:35.510032+00:00,^NSEI,22933.3,22935.65,22929.45,22929.45,1262,51,22793.7886,22929.8785,1.28,28939574.03
2026-09-29T06:13:40.510032+00:00,^NSEI,22929.45,22933.15,22926.65,22926.65,1837,157,22794.1339,22927.8236,3.47,42120236.22
2026-09-29T06:13:45.510032+00:00,^NSEI,22926.65,22928.75,22926.65,22928.7,1613,110,22794.4339,22928.1699,1.36,36982917.77
2026-09-29T06:13:50.510032+00:00,^NSEI,22928.7,22930.7,22928.7,22930.35,743,52,22794.5736,22929.6076,2.6,17036928.08
2026-09-29T06:13:55.510032+00:00,^NSEI,22930.35,22932.95,22927.25,22927.25,748,37,22794.7131,22927.4933,0.98,17151004.2
2026-09-29T06:14:00.510032+00:00,^NSEI,22927.25,22929.85,22922.3,22922.3,1611,111,22795.003,22921.8514,1.31,36931879.65
2026-09-29T06:14:05.510032+00:00,^NSEI,22922.3,22923.45,22919.95,22922.2,1294,69,22795.2296,22922.284,2.33,29660895.47
2026-09-29T06:14:10.510032+00:00,^NSEI,22922.2,22924.2,22920.15,22920.15,1510,67,22795.4923,22919.1132,2.65,34611465.0
2026-09-29T06:14:15.510032+00:00,^NSEI,22920.15,22924.1,22918.35,22918.35,1853,96,22795.81,22919.4348,2.98,42471254.13
2026-09-29T06:14:20.510032+00:00,^NSEI,22918.35,22923.5,22918.35,22923.5,1237,69,22796.0238,22923.6794,1.09,28354245.98
2026-09-29T06:14:25.510032+00:00,^NSEI,22923.5,22925.7,22922.5,22925.7,1765,204,22796.3344,22925.2238,1.93,40461977.83
2026-09-29T06:14:30.510032+00:00,^NSEI,22925.7,22929.1,22919.55,22919.55,1738,77,22796.6344,22919.7176,0.98,39839710.53
2026-09-29T06:14:35.510032+00:00,^NSEI,22919.55,22922.15,22915.2,22920.05,1036,62,22796.8074,22919.853,2.13,23744222.13
2026-09-29T06:14:40.510032+00:00,^NSEI,22920.05,22925.35,22916.1,22916.1,1324,121,22797.0279,22915.7349,2.64,30344998.73
2026-09-29T06:14:45.510032+00:00,^NSEI,22916.1,22916.15,22909.4,22916.15,1715,107,22797.3,22917.2088,2.77,39297338.5
2026-09-29T06:14:50.510032+00:00,^NSEI,22916.15,22918.7,22906.05,22906.05,1652,137,22797.5529,22906.9216,2.77,37847760.53
2026-09-29T06:14:55.510032+00:00,^NSEI,22906.05,22911.45,22904.4,22911.45,1141,80,22797.725,22911.1691,1.1,26139283.1
2026-09-29T06:15:00.510032+00:00,^NSEI,22911.45,22913.2,22909.55,22909.55,1737,93,22797.99,22910.0618,2.47,39796001.7
2026-09-29T06:15:05.510032+00:00,^NSEI,22909.55,22912.6,22906.65,22906.65,1744,81,22798.2498,22906.4698,2.69,39952656.53
2026-09-29T06:15:10.510032+00:00,^NSEI,22906.65,22906.65,22901.95,22901.95,1270,76,22798.4294,22902.5863,2.54,29087466.17
2026-09-29T06:15:15.510032+00:00,^NSEI,22901.95,22907.2,22897.2,22897.2,1507,81,22798.6358,22895.9741,3.2,34511103.73
2026-09-29T06:15:20.510032+00:00,^NSEI,22897.2,22899.55,22895.6,22895.6,1549,100,22798.8396,22895.4614,2.55,35467323.92
2026-09-29T06:15:25.510032+00:00,^NSEI,22895.6,22896.8,22894.65,22896.8,530,33,22798.9085,22895.7681,3.28,12134924.17
2026-09-29T06:15:30.510032+00:00,^NSEI,22896.8,22901.8,22895.85,22895.85,1883,97,22799.157,22896.2806,1.06,43116620.17
2026-09-29T06:15:35.510032+00:00,^NSEI,22895.85,22896.4,22886.25,22894.65,4828,293,22799.754,22894.9363,2.23,110524668.13
2026-09-29T06:15:40.510032+00:00,^NSEI,22894.65,22894.65,22873.9,22873.9,1523,82,22799.9173,22872.9094,2.3,34847483.78
2026-09-29T06:15:45.510032+00:00,^NSEI,22873.9,22876.8,22871.15,22871.15,3915,245,22800.2941,22871.6035,1.71,89547925.5
2026-09-29T06:15:50.510032+00:00,^NSEI,22871.15,22880.95,22870.65,22880.95,4132,171,22800.7118,22881.146,1.15,94529898.87
2026-09-29T06:15:55.510032+00:00,^NSEI,22880.95,22899.2,22880.55,22899.2,2209,146,22800.9778,22898.688,1.63,50570600.18
2026-09-29T06:16:00.510032+00:00,^NSEI,22899.2,22901.7,22891.2,22901.7,2972,176,22801.3535,22902.4579,3.31,68053450.4
2026-09-29T06:16:05.510032+00:00,^NSEI,22901.7,22908.55,22894.9,22894.9,3923,323,22801.8513,22894.6158,0.99,89834542.35
2026-09-29T06:16:10.510032+00:00,^NSEI,22894.9,22898.65,22883.4,22884.1,1444,127,22802.0133,22884.3285,2.86,33051306.87
2026-09-29T06:16:15.510032+00:00,^NSEI,22884.1,22888.45,22883.05,22888.45,1846,210,22802.2146,22888.257,1.4,42248755.9
2026-09-29T06:16:20.510032+00:00,^NSEI,22888.45,22888.45,22874.5,22874.5,4404,331,22802.6485,22874.933,1.58,100759776.6
2026-09-29T06:16:25.510032+00:00,^NSEI,22874.5,22879.95,22864.8,22864.8,4301,186,22803.0167,22864.8351,1.95,98363224.85
2026-09-29T06:16:30.510032+00:00,^NSEI,22864.8,22869.65,22842.7,22869.65,3855,424,22803.2984,22869.3865,1.06,88127870.0
2026-09-29T06:16:35.510032+00:00,^NSEI,22869.65,22882.9,22869.65,22882.9,5070,324,22803.7785,22882.5019,1.33,115993910.5
2026-09-29T06:16:40.510032+00:00,^NSEI,22882.9,22893.95,22877.3,22893.95,4308,184,22804.2352,22893.177,2.84,98603227.2
2026-09-29T06:16:45.510032+00:00,^NSEI,22893.95,22893.95,22884.35,22884.35,3859,285,22804.6361,22884.6898,0.85,88323055.45
2026-09-29T06:16:50.510032+00:00,^NSEI,22884.35,22894.55,22877.5,22894.55,3394,260,22804.991,22893.3908,2.97,77684813.47
2026-09-29T06:16:55.510032+00:00,^NSEI,22894.55,22905.5,22889.5,22905.5,2791,180,22805.3196,22904.3131,3.45,63914365.17
2026-09-29T06:17:00.510032+00:00,^NSEI,22905.5,22911.3,22898.45,22898.45,3416,144,22805.7295,22898.6622,1.42,78235737.07
2026-09-29T06:17:05.510032+00:00,^NSEI,22898.45,22899.95,22895.55,22899.95,851,49,22805.8267,22899.9739,0.9,19486609.32
2026-09-29T06:17:10.510032+00:00,^NSEI,22899.95,22902.6,22889.3,22889.3,1416,75,22805.9796,22888.5131,3.35,32417526.4
2026-09-29T06:17:15.510032+00:00,^NSEI,22889.3,22892.45,22888.65,22891.0,1966,106,22806.1837,22890.6851,0.85,45003116.2
2026-09-29T06:17:20.510032+00:00,^NSEI,22891.0,22893.0,22887.95,22893.0,1389,61,22806.3284,22894.2428,2.97,31796038.85
2026-09-29T06:17:25.510032+00:00,^NSEI,22893.0,22893.05,22886.25,22886.25,885,39,22806.4173,22886.0128,0.8,20256337.25
2026-09-29T06:17:30.510032+00:00,^NSEI,22886.25,22886.25,22882.2,22884.75,1828,120,22806.5911,22885.4448,2.26,41832683.2
2026-09-29T06:17:35.510032+00:00,^NSEI,22884.75,22886.75,22879.25,22880.75,1337,132,22806.7143,22881.4534,2.22,30593568.25
2026-09-29T06:17:40.510032+00:00,^NSEI,22880.75,22883.45,22877.8,22879.55,2662,177,22806.9519,22879.81,1.35,60907269.87
2026-09-29T06:17:45.510032+00:00,^NSEI,22879.55,22879.55,22872.7,22872.7,795,32,22807.0175,22873.3756,2.05,18185611.75
2026-09-29T06:17:50.510032+00:00,^NSEI,22872.7,22872.7,22868.8,22868.8,674,44,22807.069,22868.8563,1.28,15414447.4
2026-09-29T06:17:55.510032+00:00,^NSEI,22868.8,22868.8,22861.4,22865.6,2231,204,22807.2258,22865.3101,2.61,51012409.93
2026-09-29T06:18:00.510032+00:00,^NSEI,22865.6,22867.85,22860.85,22867.85,2272,131,22807.3854,22867.0034,2.08,51950453.87
2026-09-29T06:18:05.510032+00:00,^NSEI,22867.85,22870.65,22867.85,22870.65,2336,185,22807.5603,22870.582,1.13,53423658.13
2026-09-29T06:18:10.510032+00:00,^NSEI,22870.65,22880.2,22868.7,22880.2,2136,143,22807.7364,22879.5152,2.11,48863919.2
2026-09-29T06:18:15.510032+00:00,^NSEI,22880.2,22881.45,22872.55,22881.45,1164,48,22807.835,22881.0974,1.58,26630554.6
2026-09-29T06:18:20.510032+00:00,^NSEI,22881.45,22883.4,22878.45,22883.4,2236,130,22808.0322,22882.1643,3.35,51163593.0
2026-09-29T06:18:25.510032+00:00,^NSEI,22883.4,22887.7,22872.05,22872.05,2160,204,22808.2102,22873.5102,3.43,49414896.0
2026-09-29T06:18:30.510032+00:00,^NSEI,22872.05,22874.25,22868.35,22871.3,1630,72,22808.3324,22871.3721,1.84,37280219.0
2026-09-29T06:18:35.510032+00:00,^NSEI,22871.3,22871.3,22863.0,22868.8,1253,118,22808.4207,22868.2183,2.92,28653228.1
2026-09-29T06:18:40.510032+00:00,^NSEI,22868.8,22877.75,22865.55,22865.55,1721,74,22808.5454,22866.0924,3.09,39358610.28
2026-09-29T06:18:45.510032+00:00,^NSEI,22865.55,22866.95,22860.35,22866.65,1174,132,22808.6232,22867.5359,2.81,26843099.1
2026-09-29T06:18:50.510032+00:00,^NSEI,22866.65,22869.6,22866.65,22869.6,1955,110,22808.7616,22869.5003,1.05,44708145.58
2026-09-29T06:18:55.510032+00:00,^NSEI,22869.6,22870.6,22868.0,22869.6,658,45,22808.8086,22870.7295,2.88,15048065.2
2026-09-29T06:19:00.510032+00:00,^NSEI,22869.6,22875.0,22864.85,22875.0,3652,229,22809.0778,22875.367,3.3,83527144.07
2026-09-29T06:19:05.510032+00:00,^NSEI,22875.0,22880.85,22870.9,22870.9,2281,245,22809.2517,22871.2671,3.1,52176088.22
2026-09-29T06:19:10.510032+00:00,^NSEI,22870.9,22873.05,22853.05,22853.05,3256,254,22809.4433,22852.4951,1.78,74431237.47
2026-09-29T06:19:15.510032+00:00,^NSEI,22853.05,22857.35,22846.5,22857.35,2969,123,22809.5961,22857.5334,0.93,67852734.27
2026-09-29T06:19:20.510032+00:00,^NSEI,22857.35,22864.2,22857.35,22862.7,2980,144,22809.7749,22862.9131,2.85,68127021.67
2026-09-29T06:19:25.510032+00:00,^NSEI,22862.7,22862.7,22856.75,22857.9,2417,240,22809.9126,22858.1849,0.9,55250484.98
2026-09-29T06:19:30.510032+00:00,^NSEI,22857.9,22862.45,22854.45,22856.45,1737,194,22810.0084,22855.637,2.28,39703969.65
2026-09-29T06:19:35.510032+00:00,^NSEI,22856.45,22858.0,22843.25,22843.25,3375,161,22810.1563,22842.6381,2.29,77112562.5
2026-09-29T06:19:40.510032+00:00,^NSEI,22843.25,22843.25,22835.5,22835.5,2766,243,22810.2447,22836.4306,2.64,63170138.5
2026-09-29T06:19:45.510032+00:00,^NSEI,22835.5,22838.95,22833.05,22837.15,2833,172,22810.3291,22837.8614,2.74,64695473.98
2026-09-29T06:19:50.510032+00:00,^NSEI,22837.15,22839.55,22828.95,22834.95,2080,99,22810.3863,22834.5917,0.91,47495725.33
2026-09-29T06:19:55.510032+00:00,^NSEI,22834.95,22839.2,22815.35,22815.35,4718,249,22810.4553,22815.0618,1.09,107680329.4
2026-09-29T06:20:00.510032+00:00,^NSEI,22815.35,22816.05,22801.9,22801.9,2872,176,22810.4428,22800.7373,2.6,65500603.07
2026-09-29T06:20:05.510032+00:00,^NSEI,22801.9,22803.65,22786.3,22786.3,4939,402,22810.3411,22785.0437,2.78,112570099.58
2026-09-29T06:20:10.510032+00:00,^NSEI,22786.3,22794.0,22774.25,22774.25,2123,113,22810.271,22774.6386,0.86,48363709.17
2026-09-29T06:20:15.510032+00:00,^NSEI,22774.25,22774.25,22765.3,22765.3,1975,208,22810.1784,22764.6022,2.25,44967359.58
2026-09-29T06:20:20.510032+00:00,^NSEI,22765.3,22766.5,22754.55,22754.55,3652,167,22809.9686,22754.6482,1.78,83114163.73
2026-09-29T06:20:25.510032+00:00,^NSEI,22754.55,22757.0,22747.4,22747.4,1822,104,22809.8485,22748.5285,3.12,41451593.2
2026-09-29T06:20:30.510032+00:00,^NSEI,22747.4,22752.25,22738.8,22743.5,1780,80,22809.7203,22742.9939,1.95,40485833.0
2026-09-29T06:20:35.510032+00:00,^NSEI,22743.5,22744.9,22734.05,22744.75,3974,165,22809.4201,22744.7809,1.08,90373661.27
2026-09-29T06:20:40.510032+00:00,^NSEI,22744.75,22756.6,22741.55,22756.6,1205,110,22809.3434,22756.4651,1.42,27415657.92
2026-09-29T06:20:45.510032+00:00,^NSEI,22756.6,22763.45,22752.4,22763.45,2690,330,22809.1969,22764.0356,2.52,61223772.33
2026-09-29T06:20:50.510032+00:00,^NSEI,22763.45,22783.7,22758.5,22783.7,2941,161,22809.0878,22782.9117,1.76,66982157.3
2026-09-29T06:20:55.510032+00:00,^NSEI,22783.7,22786.55,22776.85,22776.85,1006,53,22809.0559,22775.8938,2.38,22916763.83
2026-09-29T06:21:00.510032+00:00,^NSEI,22776.85,22789.35,22776.85,22789.35,3142,143,22808.9741,22787.8696,3.44,71591046.03
2026-09-29T06:21:05.510032+00:00,^NSEI,22789.35,22803.3,22784.55,22803.3,2453,188,22808.9423,22802.9432,3.3,55921163.65
2026-09-29T06:21:10.510032+00:00,^NSEI,22803.3,22806.3,22795.45,22795.45,1775,127,22808.9233,22795.9837,1.19,40468343.33
2026-09-29T06:21:15.510032+00:00,^NSEI,22795.45,22800.75,22795.45,22795.9,3461,139,22808.8801,22796.4205,2.62,78901686.03
2026-09-29T06:21:20.510032+00:00,^NSEI,22795.9,22795.9,22790.05,22792.05,3463,147,22808.8197,22790.9022,3.34,78931004.67
2026-09-29T06:21:25.510032+00:00,^NSEI,22792.05,22794.5,22789.55,22791.25,3154,146,22808.7619,22790.9989,1.48,71885232.07
2026-09-29T06:21:30.510032+00:00,^NSEI,22791.25,22801.65,22786.35,22801.65,3543,338,22808.7157,22802.4129,2.62,80768176.65
2026-09-29T06:21:35.510032+00:00,^NSEI,22801.65,22807.75,22799.85,22803.95,2369,162,22808.7034,22804.4539,1.27,54022320.65
2026-09-29T06:21:40.510032+00:00,^NSEI,22803.95,22807.85,22801.2,22801.2,1647,85,22808.6941,22801.8824,1.67,37557227.25
2026-09-29T06:21:45.510032+00:00,^NSEI,22801.2,22810.95,22793.65,22793.65,3178,141,22808.6629,22793.7251,1.24,72456546.17
2026-09-29T06:21:50.510032+00:00,^NSEI,22793.65,22799.65,22783.1,22799.5,2015,93,22808.6318,22798.4649,2.88,45930077.92
2026-09-29T06:21:55.510032+00:00,^NSEI,22799.5,22805.1,22797.45,22797.45,1654,83,22808.6167,22796.5479,3.28,37711200.0
2026-09-29T06:22:00.510032+00:00,^NSEI,22797.45,22804.55,22790.65,22802.2,3040,126,22808.5863,22802.6235,1.98,69309365.33
2026-09-29T06:22:05.510032+00:00,^NSEI,22802.2,22807.5,22791.6,22807.5,1207,92,22808.5782,22807.3902,1.95,27522255.4
2026-09-29T06:22:10.510032+00:00,^NSEI,22807.5,22807.8,22799.45,22799.65,2127,204,22808.5642,22798.4336,2.67,48500492.1
2026-09-29T06:22:15.510032+00:00,^NSEI,22799.65,22799.65,22791.65,22791.65,894,64,22808.5508,22792.056,1.51,20378119.1
2026-09-29T06:22:20.510032+00:00,^NSEI,22791.65,22793.75,22791.65,22792.05,1293,68,22808.5291,22792.3932,1.18,29470680.95
2026-09-29T06:22:25.510032+00:00,^NSEI,22792.05,22803.1,22792.05,22803.1,2811,112,22808.5023,22803.6065,2.35,64089160.25
2026-09-29T06:22:30.510032+00:00,^NSEI,22803.1,22803.75,22796.5,22803.75,1737,136,22808.4893,22803.6258,1.03,39605916.0
2026-09-29T06:22:35.510032+00:00,^NSEI,22803.75,22813.7,22799.3,22813.7,1808,170,22808.4901,22813.4063,3.08,41238491.2
2026-09-29T06:22:40.510032+00:00,^NSEI,22813.7,22816.65,22811.5,22816.65,1399,82,22808.4995,22816.2687,1.27,31918091.73
2026-09-29T06:22:45.510032+00:00,^NSEI,22816.65,22819.05,22813.2,22819.05,2401,281,22808.5209,22819.3224,1.08,54783857.1
2026-09-29T06:22:50.510032+00:00,^NSEI,22819.05,22823.05,22810.7,22810.7,1242,113,22808.529,22810.6202,1.32,28336002.3
2026-09-29T06:22:55.510032+00:00,^NSEI,22810.7,22813.85,22806.85,22813.85,789,62,22808.5314,22814.1422,2.22,17998286.65
2026-09-29T06:23:00.510032+00:00,^NSEI,22813.85,22816.2,22808.25,22808.25,743,62,22808.5332,22808.8324,1.34,16948498.7
2026-09-29T06:23:05.510032+00:00,^NSEI,22808.25,22810.7,22803.45,22803.45,1487,97,22808.5291,22803.1004,2.33,33912323.73
2026-09-29T06:23:10.510032+00:00,^NSEI,22803.45,22809.1,22803.45,22809.1,707,80,22808.5282,22809.6883,2.23,16124702.18
2026-09-29T06:23:15.510032+00:00,^NSEI,22809.1,22812.65,22799.35,22812.65,1732,142,22808.5276,22811.4627,2.83,39503831.27
2026-09-29T06:23:20.510032+00:00,^NSEI,22812.65,22814.5,22807.25,22807.95,2456,111,22808.5311,22808.1022,2.81,56021114.4
2026-09-29T06:23:25.510032+00:00,^NSEI,22807.95,22810.05,22805.4,22806.4,2036,87,22808.5285,22806.1237,1.29,46435628.87
2026-09-29T06:23:30.510032+00:00,^NSEI,22806.4,22815.2,22802.2,22815.2,1360,138,22808.5317,22815.5627,1.35,31022778.67
2026-09-29T06:23:35.510032+00:00,^NSEI,22815.2,22816.2,22810.9,22813.5,1833,121,22808.5411,22813.2321,1.12,41817206.6
2026-09-29T06:23:40.510032+00:00,^NSEI,22813.5,22814.05,22808.05,22808.05,2048,84,22808.5442,22807.7407,0.92,46714982.4
2026-09-29T06:23:45.510032+00:00,^NSEI,22808.05,22808.9,22803.95,22803.95,2469,124,22808.5369,22802.9296,2.65,56307026.4
2026-09-29T06:23:50.510032+00:00,^NSEI,22803.95,22810.55,22800.5,22810.55,932,38,22808.5356,22810.9862,1.37,21256310.4
2026-09-29T06:23:55.510032+00:00,^NSEI,22810.55,22810.75,22795.5,22795.5,5207,280,22808.4938,22795.9064,1.26,118722637.42
2026-09-29T06:24:00.510032+00:00,^NSEI,22795.5,22797.7,22794.9,22794.9,4564,518,22808.4357,22794.4997,2.81,104040183.33
2026-09-29T06:24:05.510032+00:00,^NSEI,22794.9,22805.85,22778.8,22805.85,2025,249,22808.4121,22805.2091,1.87,46163587.5
2026-09-29T06:24:10.510032+00:00,^NSEI,22805.85,22818.15,22800.7,22818.15,1995,167,22808.4199,22817.7026,1.44,45510605.0
2026-09-29T06:24:15.510032+00:00,^NSEI,22818.15,22823.8,22806.55,22806.55,3798,288,22808.4346,22806.3269,2.14,86641115.4
2026-09-29T06:24:20.510032+00:00,^NSEI,22806.55,22814.1,22801.85,22810.7,2504,105,22808.4358,22811.1024,2.52,57113443.87
2026-09-29T06:24:25.510032+00:00,^NSEI,22810.7,22814.3,22805.95,22814.3,2387,106,22808.4431,22814.8439,1.96,54451090.28
2026-09-29T06:24:30.510032+00:00,^NSEI,22814.3,22816.0,22812.45,22816.0,2517,130,22808.4589,22816.5414,2.74,57424893.55
2026-09-29T06:24:35.510032+00:00,^NSEI,22816.0,22819.6,22807.45,22807.45,2356,145,22808.466,22807.1123,1.05,53743894.0
2026-09-29T06:24:40.510032+00:00,^NSEI,22807.45,22809.45,22801.75,22804.35,2417,265,22808.4582,22804.0896,1.96,55120128.12
2026-09-29T06:24:45.510032+00:00,^NSEI,22804.35,22807.55,22804.35,22805.7,2321,151,22808.4523,22806.5083,2.53,52932416.53
2026-09-29T06:24:50.510032+00:00,^NSEI,22805.7,22813.7,22804.05,22813.7,2188,94,22808.4566,22813.2661,2.4,49909337.53
2026-09-29T06:24:55.510032+00:00,^NSEI,22813.7,22823.35,22812.95,22815.65,2005,130,22808.474,22814.8583,2.24,45748719.92
2026-09-29T06:25:00.510032+00:00,^NSEI,22815.65,22817.05,22809.1,22809.1,1681,180,22808.4794,22808.965,1.14,38346551.75
2026-09-29T06:25:05.510032+00:00,^NSEI,22809.1,22810.35,22807.45,22808.45,3036,213,22808.4802,22808.2615,2.94,69247365.0
2026-09-29T06:25:10.510032+00:00,^NSEI,22808.45,22813.3,22806.4,22813.3,1873,121,22808.4848,22813.0361,1.15,42725003.0
2026-09-29T06:25:15.510032+00:00,^NSEI,22813.3,22819.6,22811.0,22819.6,2986,152,22808.5087,22819.7155,1.32,68130765.73
2026-09-29T06:25:20.510032+00:00,^NSEI,22819.6,22822.45,22815.65,22822.45,2269,271,22808.5344,22822.4598,1.64,51778995.98
2026-09-29T06:25:25.510032+00:00,^NSEI,22822.45,22823.5,22819.45,22819.45,2416,158,22808.563,22819.3745,2.65,55135052.8
2026-09-29T06:25:30.510032+00:00,^NSEI,22819.45,22825.4,22818.7,22818.7,2698,120,22808.5951,22818.5647,0.92,61570878.13
2026-09-29T06:25:35.510032+00:00,^NSEI,22818.7,22826.45,22812.35,22826.45,1273,86,22808.6112,22825.972,3.35,29052087.75
2026-09-29T06:25:40.510032+00:00,^NSEI,22826.45,22833.7,22826.45,22832.7,1411,128,22808.6415,22832.2833,1.87,32214470.45
2026-09-29T06:25:45.510032+00:00,^NSEI,22832.7,22833.85,22832.7,22833.85,1115,70,22808.6681,22834.2113,3.36,25459315.33
2026-09-29T06:25:50.510032+00:00,^NSEI,22833.85,22837.2,22833.35,22836.65,2926,161,22808.7439,22837.2849,1.44,66817355.73
2026-09-29T06:25:55.510032+00:00,^NSEI,22836.65,22841.5,22836.65,22837.0,1144,88,22808.7763,22836.9979,2.54,26127110.53
2026-09-29T06:26:00.510032+00:00,^NSEI,22837.0,22840.3,22829.75,22829.75,2760,177,22808.8407,22829.6902,1.84,63019816.0
2026-09-29T06:26:05.510032+00:00,^NSEI,22829.75,22831.3,22823.1,22823.1,1594,150,22808.8665,22822.3972,3.19,36384378.33
2026-09-29T06:26:10.510032+00:00,^NSEI,22823.1,22828.15,22821.1,22823.15,1537,77,22808.8888,22822.7376,2.99,35080692.93
2026-09-29T06:26:15.510032+00:00,^NSEI,22823.15,22829.05,22823.15,22829.05,1798,168,22808.9199,22829.8519,2.35,41043095.83
2026-09-29T06:26:20.510032+00:00,^NSEI,22829.05,22836.1,22829.05,22833.95,781,33,22808.9377,22833.8438,2.74,17832599.03
2026-09-29T06:26:25.510032+00:00,^NSEI,22833.95,22841.9,22833.95,22841.9,2693,115,22809.015,22842.3558,1.37,61506100.25
2026-09-29T06:26:30.510032+00:00,^NSEI,22841.9,22852.85,22838.05,22852.85,965,83,22809.0504,22853.0408,2.72,22048239.58
2026-09-29T06:26:35.510032+00:00,^NSEI,22852.85,22853.75,22852.25,22853.75,775,35,22809.0828,22853.248,2.6,17711268.75
2026-09-29T06:26:40.510032+00:00,^NSEI,22853.75,22858.65,22853.75,22858.65,1169,135,22809.1356,22858.8522,1.38,26719852.48
2026-09-29T06:26:45.510032+00:00,^NSEI,22858.65,22860.8,22856.2,22856.2,1626,109,22809.2101,22856.8916,2.43,37166674.4
2026-09-29T06:26:50.510032+00:00,^NSEI,22856.2,22859.3,22856.2,22857.25,941,40,22809.2529,22858.1423,3.49,21508985.92
2026-09-29T06:26:55.510032+00:00,^NSEI,22857.25,22857.25,22856.05,22856.05,709,30,22809.2844,22856.1786,2.77,16205223.05
2026-09-29T06:27:00.510032+00:00,^NSEI,22856.05,22856.05,22853.95,22854.8,1603,64,22809.3531,22854.3104,1.08,36636458.13
2026-09-29T06:27:05.510032+00:00,^NSEI,22854.8,22859.85,22850.4,22854.0,1731,147,22809.4268,22853.2692,1.91,39561572.25
2026-09-29T06:27:10.510032+00:00,^NSEI,22854.0,22855.0,22852.8,22852.8,1333,77,22809.4818,22852.1414,1.52,30463759.93
2026-09-29T06:27:15.510032+00:00,^NSEI,22852.8,22855.35,22850.75,22850.75,682,28,22809.5091,22850.7503,3.01,15585257.23
2026-09-29T06:27:20.510032+00:00,^NSEI,22850.75,22851.0,22845.65,22845.65,1395,64,22809.5586,22845.9526,2.54,31872169.5
2026-09-29T06:27:25.510032+00:00,^NSEI,22845.65,22847.45,22842.35,22847.45,1491,174,22809.6089,22846.898,2.38,34063013.25
2026-09-29T06:27:30.510032+00:00,^NSEI,22847.45,22853.45,22846.85,22853.45,2281,107,22809.6974,22854.5111,3.34,52123701.25
2026-09-29T06:27:35.510032+00:00,^NSEI,22853.45,22855.7,22852.85,22855.7,1010,48,22809.7397,22856.8628,2.97,23083297.5
2026-09-29T06:27:40.510032+00:00,^NSEI,22855.7,22855.85,22850.05,22855.85,1163,129,22809.7874,22855.3011,1.22,26579105.08
2026-09-29T06:27:45.510032+00:00,^NSEI,22855.85,22857.6,22854.6,22857.6,2180,120,22809.8821,22857.7999,1.84,49827388.0
2026-09-29T06:27:50.510032+00:00,^NSEI,22857.6,22857.6,22851.35,22856.95,652,39,22809.9095,22856.7691,1.1,14901655.6
2026-09-29T06:27:55.510032+00:00,^NSEI,22856.95,22857.3,22854.55,22854.55,2083,198,22809.9973,22854.8116,1.61,47607937.07
2026-09-29T06:28:00.510032+00:00,^NSEI,22854.55,22857.35,22854.55,22854.6,1716,107,22810.0694,22855.0389,1.42,39220038.0
2026-09-29T06:28:05.510032+00:00,^NSEI,22854.6,22858.85,22853.55,22858.85,826,38,22810.1053,22859.1251,2.0,18879950.83
2026-09-29T06:28:10.510032+00:00,^NSEI,22858.85,22859.9,22856.2,22856.2,894,67,22810.1443,22856.3831,2.01,20434545.4
2026-09-29T06:28:15.510032+00:00,^NSEI,22856.2,22861.75,22852.5,22856.2,727,62,22810.1756,22856.1371,3.41,16616905.72
2026-09-29T06:28:20.510032+00:00,^NSEI,22856.2,22858.55,22856.2,22858.4,1389,64,22810.2364,22858.4627,2.87,31749368.45
2026-09-29T06:28:25.510032+00:00,^NSEI,22858.4,22861.2,22856.6,22861.2,1437,100,22810.3016,22861.6217,2.66,32849341.0
2026-09-29T06:28:30.510032+00:00,^NSEI,22861.2,22862.85,22855.35,22862.85,1041,58,22810.3495,22863.4135,1.28,23797624.35
2026-09-29T06:28:35.510032+00:00,^NSEI,22862.85,22867.0,22858.15,22858.15,786,54,22810.3861,22858.7274,1.6,17968824.6
2026-09-29T06:28:40.510032+00:00,^NSEI,22858.15,22858.15,22856.0,22856.2,707,42,22810.4162,22855.7562,1.16,16159745.82
2026-09-29T06:28:45.510032+00:00,^NSEI,22856.2,22862.1,22849.9,22862.1,1274,94,22810.4717,22862.1275,1.58,29121134.47
2026-09-29T06:28:50.510032+00:00,^NSEI,22862.1,22862.1,22854.95,22854.95,1418,129,22810.5325,22855.1067,1.19,32411698.67
2026-09-29T06:28:55.510032+00:00,^NSEI,22854.95,22854.95,22852.75,22854.0,1246,58,22810.5819,22854.075,1.24,28475959.4
2026-09-29T06:29:00.510032+00:00,^NSEI,22854.0,22856.5,22849.2,22849.2,889,97,22810.6152,22848.8249,0.85,20315102.03
2026-09-29T06:29:05.510032+00:00,^NSEI,22849.2,22851.8,22846.5,22847.85,1773,171,22810.6768,22847.444,1.29,40510774.65
2026-09-29T06:29:10.510032+00:00,^NSEI,22847.85,22855.8,22847.85,22855.8,886,70,22810.7111,22856.3199,3.34,20247890.9
2026-09-29T06:29:15.510032+00:00,^NSEI,22855.8,22859.35,22855.8,22859.3,1018,79,22810.755,22859.2707,2.77,23269596.7
2026-09-29T06:29:20.510032+00:00,^NSEI,22859.3,22865.7,22857.5,22860.0,1576,152,22810.8271,22859.7718,1.83,36029041.07
2026-09-29T06:29:25.510032+00:00,^NSEI,22860.0,22862.9,22856.5,22861.55,619,26,22810.8549,22860.6293,2.74,14150536.02
2026-09-29T06:29:30.510032+00:00,^NSEI,22861.55,22862.75,22859.0,22859.0,1012,60,22810.9002,22858.924,0.83,23134573.0
2026-09-29T06:29:35.510032+00:00,^NSEI,22859.0,22861.0,22857.25,22859.2,1959,125,22810.9858,22858.8129,2.8,44781074.85
2026-09-29T06:29:40.510032+00:00,^NSEI,22859.2,22859.2,22856.1,22859.05,1535,153,22811.0513,22858.3923,3.39,35087209.08
2026-09-29T06:29:45.510032+00:00,^NSEI,22859.05,22862.3,22855.15,22862.3,752,77,22811.0845,22862.4632,2.57,17190657.33
2026-09-29T06:29:50.510032+00:00,^NSEI,22862.3,22863.6,22859.35,22859.35,1772,153,22811.1639,22859.841,2.73,40509278.53
2026-09-29T06:29:55.510032+00:00,^NSEI,22859.35,22860.5,22857.85,22857.85,761,79,22811.1966,22857.175,2.72,17395496.07
2026-09-29T06:30:00.510032+00:00,^NSEI,22857.85,22857.85,22849.75,22849.75,1461,98,22811.2508,22849.7969,1.46,33387429.45
2026-09-29T06:30:05.510032+00:00,^NSEI,22849.75,22849.75,22846.15,22846.95,1876,81,22811.3122,22847.3237,2.78,42862128.87
2026-09-29T06:30:10.510032+00:00,^NSEI,22846.95,22846.95,22841.45,22846.95,743,30,22811.3347,22847.6748,1.8,16973921.68
2026-09-29T06:30:15.510032+00:00,^NSEI,22846.95,22849.15,22843.1,22843.1,1908,106,22811.3925,22842.8981,2.0,43588482.6
2026-09-29T06:30:20.510032+00:00,^NSEI,22843.1,22843.5,22841.05,22843.5,1241,119,22811.4273,22844.7208,2.82,28347770.02
2026-09-29T06:30:25.510032+00:00,^NSEI,22843.5,22843.6,22841.7,22843.6,1174,48,22811.4605,22844.0421,2.13,26817642.87
2026-09-29T06:30:30.510032+00:00,^NSEI,22843.6,22847.6,22843.6,22847.6,1029,41,22811.4925,22847.9217,1.68,23508808.4
2026-09-29T06:30:35.510032+00:00,^NSEI,22847.6,22847.7,22844.5,22847.7,1240,54,22811.5314,22849.0593,3.15,28329825.33
2026-09-29T06:30:40.510032+00:00,^NSEI,22847.7,22849.3,22845.95,22848.25,612,44,22811.5512,22848.4088,2.53,13982874.0
2026-09-29T06:30:45.510032+00:00,^NSEI,22848.25,22852.8,22848.25,22852.8,1098,111,22811.5901,22853.8161,3.42,25090709.1
2026-09-29T06:30:50.510032+00:00,^NSEI,22852.8,22852.8,22846.1,22852.65,1496,184,22811.642,22852.6792,2.91,34184372.93
2026-09-29T06:30:55.510032+00:00,^NSEI,22852.65,22852.65,22848.55,22848.55,965,85,22811.6749,22848.9132,2.18,22050169.58
2026-09-29T06:31:00.510032+00:00,^NSEI,22848.55,22850.1,22843.75,22845.15,1396,107,22811.7179,22844.836,0.9,31893481.33
2026-09-29T06:31:05.510032+00:00,^NSEI,22845.15,22847.25,22841.25,22847.25,842,59,22811.7429,22847.7871,1.79,19235700.5
2026-09-29T06:31:10.510032+00:00,^NSEI,22847.25,22848.95,22847.25,22847.7,875,42,22811.7711,22848.2248,3.41,19991970.83
2026-09-29T06:31:15.510032+00:00,^NSEI,22847.7,22849.95,22841.3,22841.3,1015,80,22811.8002,22840.7222,1.87,23186846.08
2026-09-29T06:31:20.510032+00:00,^NSEI,22841.3,22846.75,22839.6,22844.25,854,50,22811.8242,22844.6176,1.25,19508377.47
2026-09-29T06:31:25.510032+00:00,^NSEI,22844.25,22844.55,22838.8,22838.8,950,67,22811.8485,22839.9685,3.21,21698680.83
2026-09-29T06:31:30.510032+00:00,^NSEI,22838.8,22841.8,22836.65,22839.15,962,97,22811.8718,22839.6289,2.6,21971310.4
2026-09-29T06:31:35.510032+00:00,^NSEI,22839.15,22843.25,22834.0,22843.25,831,42,22811.8926,22843.7622,3.31,18980178.5
2026-09-29T06:31:40.510032+00:00,^NSEI,22843.25,22845.6,22843.15,22845.6,979,103,22811.921,22845.7469,1.96,22365042.88
2026-09-29T06:31:45.510032+00:00,^NSEI,22845.6,22846.45,22842.85,22844.25,546,36,22811.9367,22844.4302,1.2,12473106.1
2026-09-29T06:31:50.510032+00:00,^NSEI,22844.25,22846.8,22840.85,22843.25,1221,56,22811.9709,22842.9475,2.45,27892076.3
2026-09-29T06:31:55.510032+00:00,^NSEI,22843.25,22843.35,22842.65,22843.35,1888,93,22812.0226,22844.6043,2.88,43127804.27
2026-09-29T06:32:00.510032+00:00,^NSEI,22843.35,22847.4,22843.35,22844.0,1294,92,22812.06,22844.8147,3.31,29561322.17
2026-09-29T06:32:05.510032+00:00,^NSEI,22844.0,22848.9,22841.25,22841.25,1169,53,22812.0926,22841.2002,1.07,26704402.2
2026-09-29T06:32:10.510032+00:00,^NSEI,22841.25,22843.65,22838.25,22838.25,1699,87,22812.1343,22838.5138,0.98,38805244.95
2026-09-29T06:32:15.510032+00:00,^NSEI,22838.25,22839.95,22837.9,22838.45,1464,61,22812.1684,22838.2344,1.67,33435954.4
2026-09-29T06:32:20.510032+00:00,^NSEI,22838.45,22840.25,22835.7,22840.25,1478,165,22812.2028,22840.275,2.1,33755647.87
2026-09-29T06:32:25.510032+00:00,^NSEI,22840.25,22843.75,22839.3,22839.3,693,50,22812.2201,22839.042,1.82,15828662.85
2026-09-29T06:32:30.510032+00:00,^NSEI,22839.3,22841.15,22834.3,22834.3,742,45,22812.2359,22835.8463,3.47,16944744.83
2026-09-29T06:32:35.510032+00:00,^NSEI,22834.3,22837.95,22832.05,22837.7,943,90,22812.2553,22837.9423,1.4,21534253.7
2026-09-29T06:32:40.510032+00:00,^NSEI,22837.7,22837.9,22836.7,22837.9,1155,135,22812.2808,22837.6067,1.37,26377312.5
2026-09-29T06:32:45.510032+00:00,^NSEI,22837.9,22838.65,22835.55,22838.65,1753,173,22812.3194,22839.1378,2.99,40034342.02
2026-09-29T06:32:50.510032+00:00,^NSEI,22838.65,22844.75,22837.25,22844.75,614,46,22812.3354,22844.3772,1.2,14025141.5
2026-09-29T06:32:55.510032+00:00,^NSEI,22844.75,22846.55,22842.15,22844.55,694,40,22812.3548,22844.3741,0.85,15854025.17
2026-09-29T06:33:00.510032+00:00,^NSEI,22844.55,22846.4,22837.1,22837.1,1189,88,22812.3836,22836.8474,3.11,27156997.8
2026-09-29T06:33:05.510032+00:00,^NSEI,22837.1,22841.45,22835.5,22835.5,630,34,22812.3973,22835.3592,0.94,14387614.5
2026-09-29T06:33:10.510032+00:00,^NSEI,22835.5,22837.1,22834.2,22837.1,1291,79,22812.4239,22837.9724,2.32,29481448.13
2026-09-29T06:33:15.510032+00:00,^NSEI,22837.1,22838.2,22837.0,22838.2,1046,47,22812.4469,22836.7801,3.18,23888338.8
2026-09-29T06:33:20.510032+00:00,^NSEI,22838.2,22839.4,22833.75,22837.4,794,39,22812.4636,22837.3436,3.01,18132458.9
2026-09-29T06:33:25.510032+00:00,^NSEI,22837.4,22837.4,22834.3,22834.3,1159,63,22812.4866,22834.0376,2.09,26466151.33
2026-09-29T06:33:30.510032+00:00,^NSEI,22834.3,22838.55,22832.15,22836.25,1324,108,22812.5131,22835.916,0.93,30234400.6
2026-09-29T06:33:35.510032+00:00,^NSEI,22836.25,22844.45,22832.85,22844.45,800,52,22812.5325,22844.7037,1.12,18272466.67
2026-09-29T06:33:40.510032+00:00,^NSEI,22844.45,22844.75,22839.05,22839.05,505,21,22812.5448,22839.3238,1.94,11534679.75
2026-09-29T06:33:45.510032+00:00,^NSEI,22839.05,22841.85,22835.5,22835.5,1379,121,22812.5747,22836.1616,1.99,31493073.38
2026-09-29T06:33:50.510032+00:00,^NSEI,22835.5,22838.6,22832.2,22832.2,509,26,22812.5842,22830.8815,3.03,11622675.67
2026-09-29T06:33:55.510032+00:00,^NSEI,22832.2,22832.5,22830.9,22832.5,1787,121,22812.614,22833.0678,2.15,40800724.43
2026-09-29T06:34:00.510032+00:00,^NSEI,22832.5,22833.25,22828.55,22833.25,1695,86,22812.6418,22833.3511,1.91,38699703.25
2026-09-29T06:34:05.510032+00:00,^NSEI,22833.25,22833.25,22828.35,22828.35,1523,66,22812.6644,22828.7458,0.92,34770064.62
2026-09-29T06:34:10.510032+00:00,^NSEI,22828.35,22829.8,22824.65,22829.8,544,25,22812.6716,22829.4037,2.04,12418477.33
2026-09-29T06:34:15.510032+00:00,^NSEI,22829.8,22834.2,22824.85,22827.2,1424,110,22812.6912,22827.1183,1.94,32508140.0
2026-09-29T06:34:20.510032+00:00,^NSEI,22827.2,22828.6,22824.9,22826.0,1734,83,22812.7117,22825.8146,1.98,39581151.0
2026-09-29T06:34:25.510032+00:00,^NSEI,22826.0,22829.7,22826.0,22829.7,1565,62,22812.7328,22829.5865,1.18,35726550.33
2026-09-29T06:34:30.510032+00:00,^NSEI,22829.7,22833.1,22825.2,22825.2,1347,92,22812.7501,22825.1298,2.53,30749091.5
2026-09-29T06:34:35.510032+00:00,^NSEI,22825.2,22827.1,22823.3,22827.1,774,39,22812.7588,22827.0096,2.54,17667195.0
2026-09-29T06:34:40.510032+00:00,^NSEI,22827.1,22828.5,22824.65,22824.65,1291,89,22812.7732,22824.5466,1.67,29468279.93
2026-09-29T06:34:45.510032+00:00,^NSEI,22824.65,22826.95,22819.95,22819.95,1296,53,22812.7837,22820.2513,0.82,29577679.2
2026-09-29T06:34:50.510032+00:00,^NSEI,22819.95,22821.45,22819.95,22821.45,538,32,22812.7875,22821.5203,1.46,12277671.1
2026-09-29T06:34:55.510032+00:00,^NSEI,22821.45,22825.7,22820.05,22820.05,1602,112,22812.7999,22820.2944,1.42,36560737.2
2026-09-29T06:35:00.510032+00:00,^NSEI,22820.05,22826.05,22816.5,22822.6,1732,185,22812.813,22822.4279,1.11,39527213.27
2026-09-29T06:35:05.510032+00:00,^NSEI,22822.6,22825.05,22822.6,22823.25,583,25,22812.8183,22823.8527,1.69,13306178.23
2026-09-29T06:35:10.510032+00:00,^NSEI,22823.25,22832.05,22819.75,22832.05,1371,74,22812.8359,22831.8924,1.78,31297119.45
2026-09-29T06:35:15.510032+00:00,^NSEI,22832.05,22833.85,22832.05,22833.85,659,33,22812.8473,22833.9683,1.09,15047111.75
2026-09-29T06:35:20.510032+00:00,^NSEI,22833.85,22833.85,22829.6,22829.6,2156,110,22812.8804,22829.4281,2.76,49223671.93
2026-09-29T06:35:25.510032+00:00,^NSEI,22829.6,22833.6,22823.25,22833.6,2007,172,22812.9096,22833.0303,1.31,45820111.05
2026-09-29T06:35:30.510032+00:00,^NSEI,22833.6,22833.6,22824.45,22824.45,1560,119,22812.9288,22824.1789,1.05,35610900.0
2026-09-29T06:35:35.510032+00:00,^NSEI,22824.45,22834.05,22813.05,22813.05,3102,358,22812.9473,22814.1466,3.03,70787795.1
2026-09-29T06:35:40.510032+00:00,^NSEI,22813.05,22814.85,22804.9,22809.65,3237,225,22812.9388,22809.0619,1.3,73835322.6
2026-09-29T06:35:45.510032+00:00,^NSEI,22809.65,22809.65,22797.7,22797.7,1292,128,22812.9266,22797.9928,2.91,29459774.87
2026-09-29T06:35:50.510032+00:00,^NSEI,22797.7,22797.7,22794.7,22794.7,3078,253,22812.8824,22794.6533,0.99,70165164.6
2026-09-29T06:35:55.510032+00:00,^NSEI,22794.7,22794.7,22792.25,22794.25,878,65,22812.8683,22793.9099,1.85,20012897.87
2026-09-29T06:36:00.510032+00:00,^NSEI,22794.25,22800.0,22785.05,22785.05,2892,131,22812.8134,22784.0667,2.35,65908776.4
2026-09-29T06:36:05.510032+00:00,^NSEI,22785.05,22786.4,22782.75,22783.25,825,84,22812.7937,22783.5743,1.47,18796910.0
2026-09-29T06:36:10.510032+00:00,^NSEI,22783.25,22783.25,22772.25,22772.25,1834,221,22812.7376,22772.2323,1.94,41771031.17
2026-09-29T06:36:15.510032+00:00,^NSEI,22772.25,22777.15,22764.35,22764.35,2430,145,22812.6488,22764.6874,1.07,55327738.5
2026-09-29T06:36:20.510032+00:00,^NSEI,22764.35,22766.2,22761.1,22761.1,1984,149,22812.567,22760.6935,1.09,45161395.2
2026-09-29T06:36:25.510032+00:00,^NSEI,22761.1,22763.8,22758.6,22760.85,1371,115,22812.5087,22761.4892,1.72,31205445.25
2026-09-29T06:36:30.510032+00:00,^NSEI,22760.85,22762.75,22754.95,22757.8,960,75,22812.4659,22758.1767,3.29,21848160.0
2026-09-29T06:36:35.510032+00:00,^NSEI,22757.8,22761.25,22752.4,22759.6,2052,251,22812.3734,22758.1721,3.19,46698903.0
2026-09-29T06:36:40.510032+00:00,^NSEI,22759.6,22765.6,22748.9,22748.9,2633,128,22812.248,22748.5356,2.23,59912510.73
2026-09-29T06:36:45.510032+00:00,^NSEI,22748.9,22752.65,22748.05,22748.05,2175,103,22812.1362,22747.3107,2.91,49480343.75
2026-09-29T06:36:50.510032+00:00,^NSEI,22748.05,22754.45,22743.45,22743.45,1567,143,22812.0527,22743.4168,2.02,35644731.82
2026-09-29T06:36:55.510032+00:00,^NSEI,22743.45,22748.1,22739.9,22739.9,2339,220,22811.9198,22739.1465,2.58,53195019.37
2026-09-29T06:37:00.510032+00:00,^NSEI,22739.9,22742.2,22737.5,22742.2,2446,150,22811.7775,22742.3314,2.71,55623589.13
2026-09-29T06:37:05.510032+00:00,^NSEI,22742.2,22747.6,22742.2,22745.4,1158,103,22811.7145,22745.6459,2.14,26338787.2
2026-09-29T06:37:10.510032+00:00,^NSEI,22745.4,22745.6,22743.7,22743.7,817,38,22811.6696,22743.4782,1.94,18582120.33
2026-09-29T06:37:15.510032+00:00,^NSEI,22743.7,22743.7,22738.5,22738.5,2393,101,22811.5305,22738.2476,1.18,54417378.37
2026-09-29T06:37:20.510032+00:00,^NSEI,22738.5,22738.5,22731.05,22731.05,1574,93,22811.4307,22730.7924,1.43,35782581.47
2026-09-29T06:37:25.510032+00:00,^NSEI,22731.05,22731.9,22727.3,22727.3,847,43,22811.3739,22726.7315,2.06,19251321.83
2026-09-29T06:37:30.510032+00:00,^NSEI,22727.3,22729.8,22725.4,22729.3,1552,123,22811.2692,22729.7899,1.36,35274114.67
2026-09-29T06:37:35.510032+00:00,^NSEI,22729.3,22734.0,22729.3,22734.0,2169,97,22811.1308,22733.7376,1.28,49306647.9
2026-09-29T06:37:40.510032+00:00,^NSEI,22734.0,22735.3,22727.0,22727.0,1834,126,22811.0102,22725.7729,3.11,41686392.07
2026-09-29T06:37:45.510032+00:00,^NSEI,22727.0,22735.75,22727.0,22735.75,2101,167,22810.8776,22736.7647,3.14,47761682.83
2026-09-29T06:37:50.510032+00:00,^NSEI,22735.75,22735.85,22733.15,22733.15,1499,146,22810.7848,22732.1647,2.99,34078340.95
2026-09-29T06:37:55.510032+00:00,^NSEI,22733.15,22737.4,22733.15,22736.35,1009,69,22810.7237,22737.431,2.51,22940254.03
2026-09-29T06:38:00.510032+00:00,^NSEI,22736.35,22736.35,22732.25,22732.7,935,57,22810.6658,22732.3452,0.99,21256071.83
2026-09-29T06:38:05.510032+00:00,^NSEI,22732.7,22733.8,22728.25,22728.25,2192,131,22810.524,22728.4009,1.46,49824379.2
2026-09-29T06:38:10.510032+00:00,^NSEI,22728.25,22731.35,22728.2,22728.2,1779,72,22810.408,22727.9564,3.05,40435335.75
2026-09-29T06:38:15.510032+00:00,^NSEI,22728.2,22733.6,22722.75,22722.75,1289,51,22810.3212,22722.1585,2.76,29294286.63
2026-09-29T06:38:20.510032+00:00,^NSEI,22722.75,22723.7,22715.3,22715.3,630,40,22810.2747,22715.6598,3.16,14312403.0
2026-09-29T06:38:25.510032+00:00,^NSEI,22715.3,22716.85,22715.3,22715.8,1932,152,22810.129,22717.1386,3.46,43887279.8
2026-09-29T06:38:30.510032+00:00,^NSEI,22715.8,22722.95,22714.65,22714.65,1706,68,22810.0027,22715.6062,2.8,38755912.83
2026-09-29T06:38:35.510032+00:00,^NSEI,22714.65,22718.45,22710.8,22718.45,1428,87,22809.8955,22717.5128,2.97,32438305.2
2026-09-29T06:38:40.510032+00:00,^NSEI,22718.45,22723.15,22714.55,22714.55,1478,59,22809.7866,22714.8013,2.39,33576341.83
2026-09-29T06:38:45.510032+00:00,^NSEI,22714.55,22719.3,22714.55,22716.5,2011,92,22809.6378,22716.3152,1.09,45683451.28
2026-09-29T06:38:50.510032+00:00,^NSEI,22716.5,22717.4,22711.25,22717.4,1200,97,22809.5479,22717.7196,1.63,27258420.0
2026-09-29T06:38:55.510032+00:00,^NSEI,22717.4,22719.5,22717.4,22719.5,883,95,22809.4842,22718.9841,3.31,20060700.4
2026-09-29T06:39:00.510032+00:00,^NSEI,22719.5,22719.5,22714.2,22716.9,1476,99,22809.3758,22717.2278,2.41,33530095.2
2026-09-29T06:39:05.510032+00:00,^NSEI,22716.9,22719.55,22715.55,22719.55,1679,132,22809.2546,22719.3702,0.87,38143885.78
2026-09-29T06:39:10.510032+00:00,^NSEI,22719.55,22719.55,22717.0,22717.0,1301,81,22809.1605,22717.172,2.84,29555922.85
2026-09-29T06:39:15.510032+00:00,^NSEI,22717.0,22720.3,22713.9,22717.45,585,23,22809.1179,22718.2451,2.85,13289571.75
2026-09-29T06:39:20.510032+00:00,^NSEI,22717.45,22717.45,22713.4,22713.4,774,37,22809.0602,22712.7362,3.17,17581216.5
2026-09-29T06:39:25.510032+00:00,^NSEI,22713.4,22714.55,22709.3,22712.1,1370,90,22808.9551,22711.6718,1.79,31115417.17
2026-09-29T06:39:30.510032+00:00,^NSEI,22712.1,22712.1,22709.0,22709.2,1530,66,22808.8359,22709.0554,0.83,34746453.0
2026-09-29T06:39:35.510032+00:00,^NSEI,22709.2,22712.6,22704.5,22712.6,1174,87,22808.7443,22713.0014,0.99,26661422.6
2026-09-29T06:39:40.510032+00:00,^NSEI,22712.6,22712.6,22709.2,22710.5,2022,223,22808.5885,22710.3281,2.37,45921170.2
2026-09-29T06:39:45.510032+00:00,^NSEI,22710.5,22714.3,22709.45,22709.45,1897,125,22808.4432,22708.8294,3.37,43082893.47
2026-09-29T06:39:50.510032+00:00,^NSEI,22709.45,22711.7,22708.7,22708.7,1148,82,22808.3542,22709.0467,2.23,26070735.6
2026-09-29T06:39:55.510032+00:00,^NSEI,22708.7,22713.95,22706.65,22713.95,1158,102,22808.2663,22714.7797,1.98,26299936.3
2026-09-29T06:40:00.510032+00:00,^NSEI,22713.95,22715.75,22709.3,22709.3,1384,136,22808.1613,22708.938,0.98,31432646.8
2026-09-29T06:40:05.510032+00:00,^NSEI,22709.3,22713.1,22704.0,22704.0,1992,193,22808.0038,22704.9083,2.28,45232410.4
2026-09-29T06:40:10.510032+00:00,^NSEI,22704.0,22712.6,22704.0,22712.6,1386,84,22807.8974,22712.7797,0.89,31475690.4
2026-09-29T06:40:15.510032+00:00,^NSEI,22712.6,22712.6,22707.6,22707.6,1464,132,22807.7847,22707.3085,1.94,33246366.4
2026-09-29T06:40:20.510032+00:00,^NSEI,22707.6,22714.8,22707.6,22714.8,1326,57,22807.6861,22715.3061,2.55,30116642.4
2026-09-29T06:40:25.510032+00:00,^NSEI,22714.8,22720.2,22711.75,22711.75,629,25,22807.6405,22711.3623,1.88,14287462.43
2026-09-29T06:40:30.510032+00:00,^NSEI,22711.75,22713.35,22708.7,22708.7,1626,155,22807.5172,22709.6552,2.91,36926866.5
2026-09-29T06:40:35.510032+00:00,^NSEI,22708.7,22714.15,22705.15,22705.15,2991,182,22807.2865,22704.1657,2.34,67920076.65
2026-09-29T06:40:40.510032+00:00,^NSEI,22705.15,22705.15,22700.95,22705.0,2979,120,22807.0475,22705.1814,1.4,67634322.3
2026-09-29T06:40:45.510032+00:00,^NSEI,22705.0,22713.95,22703.35,22705.5,1415,62,22806.9386,22705.6981,1.52,32131254.0
2026-09-29T06:40:50.510032+00:00,^NSEI,22705.5,22710.35,22702.6,22710.35,3978,387,22806.6343,22710.2067,0.87,90331495.8
2026-09-29T06:40:55.510032+00:00,^NSEI,22710.35,22712.3,22710.35,22712.3,1008,116,22806.5605,22713.0478,2.11,22893343.2
2026-09-29T06:41:00.510032+00:00,^NSEI,22712.3,22730.2,22712.3,22730.2,2169,89,22806.4231,22729.5526,1.74,49288862.1
2026-09-29T06:41:05.510032+00:00,^NSEI,22730.2,22740.9,22727.65,22731.6,1102,123,22806.3613,22732.9447,3.13,25052188.43
2026-09-29T06:41:10.510032+00:00,^NSEI,22731.6,22733.3,22729.9,22733.3,922,55,22806.3087,22733.3654,3.09,20959057.67
2026-09-29T06:41:15.510032+00:00,^NSEI,22733.3,22739.6,22729.0,22739.6,1120,86,22806.2483,22739.9069,1.84,25464394.67
2026-09-29T06:41:20.510032+00:00,^NSEI,22739.6,22748.15,22739.6,22748.15,2396,105,22806.1364,22748.4934,3.23,54497738.8
2026-09-29T06:41:25.510032+00:00,^NSEI,22748.15,22755.15,22737.7,22745.55,2783,127,22806.0088,22746.1283,1.66,63302489.07
2026-09-29T06:41:30.510032+00:00,^NSEI,22745.55,22747.95,22739.5,22747.95,2765,276,22805.8804,22747.1129,3.33,62890293.67
2026-09-29T06:41:35.510032+00:00,^NSEI,22747.95,22752.2,22743.1,22752.2,1747,111,22805.8049,22752.1806,1.27,39742794.17
2026-09-29T06:41:40.510032+00:00,^NSEI,22752.2,22752.2,22740.2,22749.95,1335,118,22805.7456,22750.5343,1.49,30367845.75
2026-09-29T06:41:45.510032+00:00,^NSEI,22749.95,22750.75,22741.0,22741.0,3452,264,22805.5844,22740.7914,2.15,78513151.0
2026-09-29T06:41:50.510032+00:00,^NSEI,22741.0,22748.55,22741.0,22745.15,3973,178,22805.4019,22745.1864,2.61,90365487.7
2026-09-29T06:41:55.510032+00:00,^NSEI,22745.15,22752.8,22744.9,22751.4,3764,160,22805.2437,22750.1925,3.36,85629870.8
2026-09-29T06:42:00.510032+00:00,^NSEI,22751.4,22751.4,22734.65,22734.65,3279,163,22805.0832,22735.0108,1.09,74565225.1
2026-09-29T06:42:05.510032+00:00,^NSEI,22734.65,22741.95,22734.65,22740.1,1099,117,22805.0285,22740.6417,2.22,24990051.1
2026-09-29T06:42:10.510032+00:00,^NSEI,22740.1,22745.25,22730.15,22745.25,2258,96,22804.9186,22745.1594,3.49,51347409.23
2026-09-29T06:42:15.510032+00:00,^NSEI,22745.25,22745.25,22736.95,22740.0,3037,263,22804.7726,22739.4909,2.12,69063607.13
2026-09-29T06:42:20.510032+00:00,^NSEI,22740.0,22750.7,22730.25,22730.25,1374,66,22804.7029,22730.7839,2.25,31240729.6
2026-09-29T06:42:25.510032+00:00,^NSEI,22730.25,22734.75,22723.0,22734.75,2185,205,22804.5823,22735.8826,2.97,49666870.83
2026-09-29T06:42:30.510032+00:00,^NSEI,22734.75,22738.35,22729.65,22738.35,3406,267,22804.4068,22737.8253,2.76,77436942.7
2026-09-29T06:42:35.510032+00:00,^NSEI,22738.35,22746.4,22729.05,22729.05,1044,81,22804.3527,22729.2464,1.36,23735166.0
2026-09-29T06:42:40.510032+00:00,^NSEI,22729.05,22731.8,22724.7,22725.75,1886,103,22804.2448,22725.0997,2.08,42863907.83
2026-09-29T06:42:45.510032+00:00,^NSEI,22725.75,22730.3,22723.35,22730.3,2810,123,22804.0858,22730.1982,1.76,63865633.17
2026-09-29T06:42:50.510032+00:00,^NSEI,22730.3,22739.9,22723.35,22739.9,1602,162,22804.003,22739.0138,2.56,36420482.1
2026-09-29T06:42:55.510032+00:00,^NSEI,22739.9,22739.9,22729.35,22729.35,3030,166,22803.8436,22729.5943,0.87,68880586.0
2026-09-29T06:43:00.510032+00:00,^NSEI,22729.35,22731.35,22721.0,22722.65,1949,80,22803.7301,22721.9356,2.07,44291025.0
2026-09-29T06:43:05.510032+00:00,^NSEI,22722.65,22727.55,22716.7,22716.7,2725,297,22803.5625,22716.9788,2.52,61912862.92
2026-09-29T06:43:10.510032+00:00,^NSEI,22716.7,22718.9,22712.5,22718.9,1935,142,22803.4389,22719.1629,2.04,43956943.5
2026-09-29T06:43:15.510032+00:00,^NSEI,22718.9,22722.35,22716.7,22720.95,2259,133,22803.3004,22721.3699,3.05,51324480.0
2026-09-29T06:43:20.510032+00:00,^NSEI,22720.95,22721.95,22716.0,22721.95,780,36,22803.2527,22721.8419,1.86,17721574.0
2026-09-29T06:43:25.510032+00:00,^NSEI,22721.95,22724.2,22719.25,22719.25,936,115,22803.1961,22718.3232,2.04,21266762.4
2026-09-29T06:43:30.510032+00:00,^NSEI,22719.25,22725.15,22714.9,22724.4,1569,129,22803.1021,22724.2734,2.57,35650007.35
2026-09-29T06:43:35.510032+00:00,^NSEI,22724.4,22725.15,22719.75,22719.75,2467,123,22802.9549,22720.078,0.94,56054063.85
2026-09-29T06:43:40.510032+00:00,^NSEI,22719.75,22719.75,22712.05,22713.55,3019,366,22802.7613,22714.0871,2.04,68576937.22
2026-09-29T06:43:45.510032+00:00,^NSEI,22713.55,22713.55,22706.2,22706.2,1732,87,22802.6425,22706.4448,2.02,39331381.8
2026-09-29T06:43:50.510032+00:00,^NSEI,22706.2,22709.15,22706.2,22709.15,3019,309,22802.4349,22709.352,2.64,68555955.17
2026-09-29T06:43:55.510032+00:00,^NSEI,22709.15,22709.15,22697.2,22697.2,2372,264,22802.2605,22698.0696,3.03,53847206.87
2026-09-29T06:44:00.510032+00:00,^NSEI,22697.2,22707.4,22689.6,22707.4,3770,314,22801.9853,22707.8794,2.06,85584529.33
2026-09-29T06:44:05.510032+00:00,^NSEI,22707.4,22723.1,22707.4,22718.4,2751,193,22801.8148,22718.7718,1.52,62492541.3
2026-09-29T06:44:10.510032+00:00,^NSEI,22718.4,22726.35,22717.5,22725.5,1187,70,22801.7474,22725.4876,3.18,26972339.48
2026-09-29T06:44:15.510032+00:00,^NSEI,22725.5,22725.75,22717.8,22717.8,3847,217,22801.5221,22718.6028,2.0,87405571.15
2026-09-29T06:44:20.510032+00:00,^NSEI,22717.8,22726.7,22717.8,22719.85,2976,161,22801.3508,22718.9122,2.77,67619035.2
2026-09-29T06:44:25.510032+00:00,^NSEI,22719.85,22723.55,22716.8,22716.8,2583,213,22801.1983,22717.4116,2.03,58683306.15
2026-09-29T06:44:30.510032+00:00,^NSEI,22716.8,22725.15,22714.65,22725.15,1428,57,22801.1169,22725.4209,1.13,32446516.2
2026-09-29T06:44:35.510032+00:00,^NSEI,22725.15,22731.3,22725.15,22731.3,2786,124,22800.9737,22730.5424,3.46,63323690.5
2026-09-29T06:44:40.510032+00:00,^NSEI,22731.3,22736.85,22723.9,22723.9,1885,113,22800.8757,22724.8963,2.63,42842688.42
2026-09-29T06:44:45.510032+00:00,^NSEI,22723.9,22729.65,22718.9,22718.9,1628,80,22800.7847,22718.3545,2.14,36992202.87
2026-09-29T06:44:50.510032+00:00,^NSEI,22718.9,22733.0,22713.6,22733.0,2351,142,22800.6604,22733.4376,2.75,53430079.87
2026-09-29T06:44:55.510032+00:00,^NSEI,22733.0,22733.0,22727.75,22730.55,1271,85,22800.5968,22730.9591,2.19,28890380.77
2026-09-29T06:45:00.510032+00:00,^NSEI,22730.55,22736.85,22726.4,22729.6,3147,311,22800.4412,22729.3588,1.49,71534299.65
2026-09-29T06:45:05.510032+00:00,^NSEI,22729.6,22734.8,22722.9,22722.9,2454,298,22800.3132,22723.001,1.32,55771730.8
2026-09-29T06:45:10.510032+00:00,^NSEI,22722.9,22724.95,22716.8,22719.85,994,60,22800.2571,22719.5535,1.83,22584210.13
2026-09-29T06:45:15.510032+00:00,^NSEI,22719.85,22721.05,22716.7,22721.05,2177,200,22800.1329,22721.399,3.42,49460569.2
2026-09-29T06:45:20.510032+00:00,^NSEI,22721.05,22723.35,22719.75,22722.55,1806,119,22800.0331,22722.2328,2.0,41035721.3
2026-09-29T06:45:25.510032+00:00,^NSEI,22722.55,22724.45,22720.2,22724.45,1246,49,22799.9654,22723.5983,2.46,28312899.53
2026-09-29T06:45:30.510032+00:00,^NSEI,22724.45,22729.2,22718.25,22718.25,1566,69,22799.8792,22718.0236,1.38,35582495.4
2026-09-29T06:45:35.510032+00:00,^NSEI,22718.25,22718.85,22710.15,22714.4,2855,155,22799.7077,22715.3947,2.92,64849802.33
2026-09-29T06:45:40.510032+00:00,^NSEI,22714.4,22717.3,22713.15,22713.15,934,56,22799.6517,22712.6651,1.7,21215374.13
2026-09-29T06:45:45.510032+00:00,^NSEI,22713.15,22716.65,22711.2,22711.2,2038,89,22799.5278,22709.8606,3.19,46289127.97
2026-09-29T06:45:50.510032+00:00,^NSEI,22711.2,22716.5,22711.2,22714.2,1114,66,22799.4609,22713.8961,0.85,25303358.87
2026-09-29T06:45:55.510032+00:00,^NSEI,22714.2,22714.2,22708.5,22708.5,1814,110,22799.3477,22708.1605,1.68,41196665.6
2026-09-29T06:46:00.510032+00:00,^NSEI,22708.5,22710.45,22703.6,22703.6,1680,104,22799.2379,22704.2183,1.77,38145884.0
2026-09-29T06:46:05.510032+00:00,^NSEI,22703.6,22705.35,22695.4,22695.4,2714,158,22799.0473,22695.1498,0.82,61604317.03
2026-09-29T06:46:10.510032+00:00,^NSEI,22695.4,22700.8,22692.9,22700.8,920,67,22798.9825,22700.4212,1.09,20882313.33
2026-09-29T06:46:15.510032+00:00,^NSEI,22700.8,22704.7,22697.15,22704.7,1528,111,22798.8794,22705.2812,2.25,34688936.13
2026-09-29T06:46:20.510032+00:00,^NSEI,22704.7,22708.35,22701.15,22708.35,894,58,22798.8215,22707.4893,2.33,20299119.3
2026-09-29T06:46:25.510032+00:00,^NSEI,22708.35,22709.65,22704.75,22704.75,2538,201,22798.6583,22704.1518,1.51,57628800.9
2026-09-29T06:46:30.510032+00:00,^NSEI,22704.75,22705.05,22696.8,22696.8,2255,124,22798.5031,22697.4554,1.98,51187485.25
2026-09-29T06:46:35.510032+00:00,^NSEI,22696.8,22704.65,22689.0,22704.65,877,86,22798.4428,22705.6105,3.32,19907403.03
2026-09-29T06:46:40.510032+00:00,^NSEI,22704.65,22708.45,22704.65,22707.85,1331,54,22798.3584,22707.2286,2.78,30222994.82
2026-09-29T06:46:45.510032+00:00,^NSEI,22707.85,22720.75,22706.35,22720.75,2292,97,22798.2277,22720.2499,1.95,52064957.4
2026-09-29T06:46:50.510032+00:00,^NSEI,22720.75,22720.75,22712.45,22716.9,1319,162,22798.1533,22716.5655,1.7,29963327.3
2026-09-29T06:46:55.510032+00:00,^NSEI,22716.9,22716.9,22712.4,22712.4,895,41,22798.1012,22711.6029,3.18,20328940.5
2026-09-29T06:47:00.510032+00:00,^NSEI,22712.4,22713.55,22711.1,22713.55,1137,51,22798.0341,22714.1131,1.52,25824377.8
2026-09-29T06:47:05.510032+00:00,^NSEI,22713.55,22714.95,22711.3,22714.95,658,40,22797.9958,22715.3358,3.33,14945636.53
2026-09-29T06:47:10.510032+00:00,^NSEI,22714.95,22716.15,22709.5,22709.5,2309,93,22797.8585,22709.5706,2.01,52441353.78
2026-09-29T06:47:15.510032+00:00,^NSEI,22709.5,22711.8,22706.7,22711.8,1429,119,22797.7721,22711.6966,2.3,32452732.9
2026-09-29T06:47:20.510032+00:00,^NSEI,22711.8,22711.8,22709.2,22709.5,1992,121,22797.6521,22709.1565,2.37,45238652.0
2026-09-29T06:47:25.510032+00:00,^NSEI,22709.5,22713.55,22707.0,22713.1,1978,106,22797.5347,22713.2148,1.67,44922786.57
2026-09-29T06:47:30.510032+00:00,^NSEI,22713.1,22716.95,22710.8,22710.8,1175,54,22797.4664,22711.4954,2.4,26687598.75
2026-09-29T06:47:35.510032+00:00,^NSEI,22710.8,22712.95,22709.1,22710.7,2008,107,22797.3473,22710.4184,2.77,45603520.67
2026-09-29T06:47:40.510032+00:00,^NSEI,22710.7,22713.2,22708.55,22708.55,1760,103,22797.2422,22708.7298,0.91,39969776.0
2026-09-29T06:47:45.510032+00:00,^NSEI,22708.55,22710.6,22702.5,22710.3,1285,51,22797.1637,22710.0515,1.08,29179523.0
2026-09-29T06:47:50.510032+00:00,^NSEI,22710.3,22711.3,22707.15,22711.3,831,36,22797.1141,22711.7593,2.16,18871940.75
2026-09-29T06:47:55.510032+00:00,^NSEI,22711.3,22711.3,22709.2,22709.3,1612,121,22797.0182,22710.3933,3.35,36608412.53
2026-09-29T06:48:00.510032+00:00,^NSEI,22709.3,22712.4,22708.2,22708.2,1018,93,22796.9575,22707.8673,0.82,23118372.8
2026-09-29T06:48:05.510032+00:00,^NSEI,22708.2,22711.55,22706.15,22706.15,1190,57,22796.8853,22705.2689,2.66,27022460.5
2026-09-29T06:48:10.510032+00:00,^NSEI,22706.15,22706.55,22706.15,22706.55,646,38,22796.8454,22707.2111,2.97,14668345.17
2026-09-29T06:48:15.510032+00:00,^NSEI,22706.55,22709.1,22700.8,22700.8,645,51,22796.8045,22700.7546,2.79,14643800.5
2026-09-29T06:48:20.510032+00:00,^NSEI,22700.8,22701.7,22698.9,22699.7,1511,127,22796.705,22700.1705,1.28,34299851.1
2026-09-29T06:48:25.510032+00:00,^NSEI,22699.7,22705.45,22697.9,22705.45,2004,208,22796.5774,22705.0603,3.39,45496678.4
2026-09-29T06:48:30.510032+00:00,^NSEI,22705.45,22707.65,22705.35,22707.65,873,43,22796.5242,22707.9224,1.11,19823109.15
2026-09-29T06:48:35.510032+00:00,^NSEI,22707.65,22709.65,22707.65,22707.85,678,28,22796.4836,22708.2339,1.65,15396283.9
2026-09-29T06:48:40.510032+00:00,^NSEI,22707.85,22708.2,22707.6,22707.85,1782,97,22796.3766,22707.5485,0.89,40465448.1
2026-09-29T06:48:45.510032+00:00,^NSEI,22707.85,22708.7,22706.1,22706.1,625,48,22796.3387,22706.6377,1.74,14191854.17
2026-09-29T06:48:50.510032+00:00,^NSEI,22706.1,22709.0,22705.5,22705.5,590,45,22796.3029,22705.8988,2.35,13396933.33
2026-09-29T06:48:55.510032+00:00,^NSEI,22705.5,22708.55,22705.05,22705.05,1647,70,22796.2025,22704.4425,2.6,37397138.85
2026-09-29T06:49:00.510032+00:00,^NSEI,22705.05,22710.1,22702.5,22710.1,1778,102,22796.096,22709.0935,2.63,40374053.53
2026-09-29T06:49:05.510032+00:00,^NSEI,22710.1,22714.1,22710.05,22710.05,813,53,22796.0495,22710.4594,1.16,18464368.2
2026-09-29T06:49:10.510032+00:00,^NSEI,22710.05,22710.05,22703.85,22709.25,1010,51,22795.9893,22709.1023,1.91,22934793.83
2026-09-29T06:49:15.510032+00:00,^NSEI,22709.25,22709.25,22705.4,22705.4,793,33,22795.9415,22706.6685,3.17,18006399.88
2026-09-29T06:49:20.510032+00:00,^NSEI,22705.4,22706.35,22705.4,22705.75,1694,179,22795.8387,22706.4133,1.9,38463681.67
2026-09-29T06:49:25.510032+00:00,^NSEI,22705.75,22710.5,22705.75,22710.5,1883,121,22795.7285,22711.4944,3.24,42760890.08
2026-09-29T06:49:30.510032+00:00,^NSEI,22710.5,22712.4,22710.5,22711.8,525,21,22795.6988,22711.7987,2.49,11923572.5
2026-09-29T06:49:35.510032+00:00,^NSEI,22711.8,22711.8,22709.8,22710.8,801,34,22795.6531,22711.1864,1.9,18191350.8
2026-09-29T06:49:40.510032+00:00,^NSEI,22710.8,22711.65,22703.4,22703.4,987,62,22795.5937,22703.1409,3.44,22410970.05
2026-09-29T06:49:45.510032+00:00,^NSEI,22703.4,22706.8,22703.4,22706.8,1846,198,22795.4823,22708.1034,2.95,41914660.67
2026-09-29T06:49:50.510032+00:00,^NSEI,22706.8,22707.8,22704.45,22707.25,579,35,22795.4478,22707.0631,1.6,13147063.5
2026-09-29T06:49:55.510032+00:00,^NSEI,22707.25,22710.3,22705.3,22710.3,663,31,22795.4092,22710.5852,3.24,15055823.9
2026-09-29T06:50:00.510032+00:00,^NSEI,22710.3,22710.55,22707.65,22707.65,1670,76,22795.3121,22707.1469,1.31,37923389.83
2026-09-29T06:50:05.510032+00:00,^NSEI,22707.65,22707.7,22706.65,22706.65,1878,223,22795.2012,22707.6174,2.3,42643746.0
2026-09-29T06:50:10.510032+00:00,^NSEI,22706.65,22710.35,22706.65,22708.85,1726,74,22795.1013,22708.7035,3.41,39195072.37
2026-09-29T06:50:15.510032+00:00,^NSEI,22708.85,22712.05,22706.85,22707.35,704,51,22795.0607,22707.7498,3.0,15986960.0
2026-09-29T06:50:20.510032+00:00,^NSEI,22707.35,22709.3,22706.55,22706.55,1453,148,22794.9758,22706.8577,2.57,32993949.07
2026-09-29T06:50:25.510032+00:00,^NSEI,22706.55,22707.75,22699.25,22699.25,597,33,22794.9388,22697.7799,3.32,13553143.75
2026-09-29T06:50:30.510032+00:00,^NSEI,22699.25,22708.2,22696.5,22708.2,1914,99,22794.8233,22707.8875,2.37,43456030.2
2026-09-29T06:50:35.510032+00:00,^NSEI,22708.2,22708.75,22702.85,22708.45,1530,83,22794.7335,22709.369,2.36,34741225.5
2026-09-29T06:50:40.510032+00:00,^NSEI,22708.45,22708.45,22705.1,22707.6,1792,132,22794.6291,22707.2392,0.95,40691033.6
2026-09-29T06:50:45.510032+00:00,^NSEI,22707.6,22709.2,22706.6,22709.2,1580,137,22794.5386,22710.5173,3.38,35879166.67
2026-09-29T06:50:50.510032+00:00,^NSEI,22709.2,22709.2,22704.85,22704.85,508,23,22794.5088,22704.2803,2.81,11534800.4
2026-09-29T06:50:55.510032+00:00,^NSEI,22704.85,22704.85,22700.35,22703.0,1958,193,22794.3897,22703.3321,0.95,44451951.87
2026-09-29T06:51:00.510032+00:00,^NSEI,22703.0,22704.4,22699.6,22702.6,1922,147,22794.2724,22703.579,3.2,43633628.4
2026-09-29T06:51:05.510032+00:00,^NSEI,22702.6,22702.6,22699.1,22701.3,614,27,22794.2345,22700.4381,2.32,13938414.0
2026-09-29T06:51:10.510032+00:00,^NSEI,22701.3,22704.2,22700.55,22700.55,1480,67,22794.1441,22701.0243,1.71,33598614.67
2026-09-29T06:51:15.510032+00:00,^NSEI,22700.55,22700.55,22697.5,22697.5,1734,105,22794.0346,22697.3326,1.1,39359227.9
2026-09-29T06:51:20.510032+00:00,^NSEI,22697.5,22698.55,22696.15,22696.15,1506,68,22793.9381,22695.9324,1.69,34181606.7
2026-09-29T06:51:25.510032+00:00,^NSEI,22696.15,22697.7,22693.9,22693.9,740,45,22793.8899,22694.3004,1.05,16794423.33
2026-09-29T06:51:30.510032+00:00,^NSEI,22693.9,22697.0,22690.4,22697.0,1275,81,22793.8067,22696.4455,1.99,28935870.0
2026-09-29T06:51:35.510032+00:00,^NSEI,22697.0,22699.4,22691.7,22693.1,1448,92,22793.7123,22692.7105,1.95,32861973.87
2026-09-29T06:51:40.510032+00:00,^NSEI,22693.1,22695.55,22691.8,22695.55,1026,98,22793.6452,22696.3975,1.9,23284351.8
2026-09-29T06:51:45.510032+00:00,^NSEI,22695.55,22703.35,22690.7,22703.35,1747,72,22793.5367,22703.6201,2.23,39655385.93
2026-09-29T06:51:50.510032+00:00,^NSEI,22703.35,22706.9,22703.35,22703.75,817,75,22793.4891,22704.8749,3.22,18549712.67
2026-09-29T06:51:55.510032+00:00,^NSEI,22703.75,22707.2,22701.85,22701.85,1764,100,22793.3851,22701.6289,1.32,40049209.2
2026-09-29T06:52:00.510032+00:00,^NSEI,22701.85,22705.8,22699.2,22705.8,1790,81,22793.2798,22705.305,1.1,40639444.0
2026-09-29T06:52:05.510032+00:00,^NSEI,22705.8,22706.05,22704.1,22705.75,1299,71,22793.205,22705.7182,1.13,29494184.7
2026-09-29T06:52:10.510032+00:00,^NSEI,22705.75,22705.75,22704.0,22704.0,1081,69,22793.1424,22704.4444,1.76,24543654.58
2026-09-29T06:52:15.510032+00:00,^NSEI,22704.0,22704.0,22697.0,22697.0,1380,56,22793.0578,22696.8573,1.1,31325080.0
2026-09-29T06:52:20.510032+00:00,^NSEI,22697.0,22697.05,22695.55,22695.55,1087,48,22792.9889,22696.2824,3.31,24670606.35
2026-09-29T06:52:25.510032+00:00,^NSEI,22695.55,22697.75,22690.85,22690.85,756,48,22792.9397,22690.9121,0.83,17156021.4
2026-09-29T06:52:30.510032+00:00,^NSEI,22690.85,22695.4,22690.85,22691.9,1356,67,22792.851,22691.6612,2.9,30771323.8
2026-09-29T06:52:35.510032+00:00,^NSEI,22691.9,22691.9,22689.1,22691.0,1764,113,22792.7336,22692.0058,2.33,40026336.0
2026-09-29T06:52:40.510032+00:00,^NSEI,22691.0,22691.0,22687.95,22690.45,1098,62,22792.6601,22691.8948,3.42,24913400.4
2026-09-29T06:52:45.510032+00:00,^NSEI,22690.45,22691.15,22684.85,22684.85,1805,76,22792.536,22683.3499,3.36,40949944.75
2026-09-29T06:52:50.510032+00:00,^NSEI,22684.85,22686.75,22684.75,22686.75,1601,159,22792.4253,22686.3149,1.3,36320419.42
2026-09-29T06:52:55.510032+00:00,^NSEI,22686.75,22689.95,22679.15,22679.15,1809,92,22792.2966,22679.6459,3.34,41033094.75
2026-09-29T06:53:00.510032+00:00,^NSEI,22679.15,22679.7,22678.6,22678.9,1566,138,22792.1817,22679.4074,2.44,35515418.4
2026-09-29T06:53:05.510032+00:00,^NSEI,22678.9,22678.9,22676.6,22678.55,697,42,22792.1302,22677.5639,2.79,15806577.62
2026-09-29T06:53:10.510032+00:00,^NSEI,22678.55,22678.85,22677.25,22677.25,1121,74,22792.0472,22677.534,1.46,25421795.12
2026-09-29T06:53:15.510032+00:00,^NSEI,22677.25,22680.75,22674.6,22674.6,484,43,22792.0111,22674.6876,2.21,10975498.6
2026-09-29T06:53:20.510032+00:00,^NSEI,22674.6,22676.55,22674.3,22674.3,650,28,22791.9619,22673.7998,2.07,14738782.5
2026-09-29T06:53:25.510032+00:00,^NSEI,22674.3,22675.45,22673.25,22673.4,1198,93,22791.8706,22673.7098,1.95,27163491.93
2026-09-29T06:53:30.510032+00:00,^NSEI,22673.4,22674.6,22673.4,22674.6,1477,80,22791.7584,22675.5607,3.09,33489793.4
2026-09-29T06:53:35.510032+00:00,^NSEI,22674.6,22678.95,22674.05,22674.2,1506,120,22791.6457,22674.3758,1.84,34149654.4
2026-09-29T06:53:40.510032+00:00,^NSEI,22674.2,22677.4,22672.75,22672.75,949,73,22791.5739,22673.1908,2.12,21517910.7
2026-09-29T06:53:45.510032+00:00,^NSEI,22672.75,22677.4,22672.75,22673.15,1197,88,22791.4836,22672.7996,1.03,27141296.7
2026-09-29T06:53:50.510032+00:00,^NSEI,22673.15,22676.15,22673.15,22676.15,1879,132,22791.3429,22675.6296,1.68,42606606.85
2026-09-29T06:53:55.510032+00:00,^NSEI,22676.15,22678.5,22672.45,22673.65,1160,57,22791.2561,22673.6777,1.51,26302845.33
2026-09-29T06:54:00.510032+00:00,^NSEI,22673.65,22679.05,22673.65,22679.05,1284,94,22791.1621,22679.2534,0.82,29117589.0
2026-09-29T06:54:05.510032+00:00,^NSEI,22679.05,22681.85,22671.05,22671.95,4412,186,22790.8336,22671.5675,2.87,100041879.4
2026-09-29T06:54:10.510032+00:00,^NSEI,22671.95,22678.35,22671.6,22671.6,3810,234,22790.5488,22671.1917,3.4,86387368.5
2026-09-29T06:54:15.510032+00:00,^NSEI,22671.6,22673.0,22659.05,22659.05,2334,97,22790.3599,22659.2874,2.04,52897075.8
2026-09-29T06:54:20.510032+00:00,^NSEI,22659.05,22664.2,22650.4,22652.75,1634,123,22790.2198,22652.959,1.39,37019549.97
2026-09-29T06:54:25.510032+00:00,^NSEI,22652.75,22652.75,22642.7,22651.9,3886,205,22789.8712,22651.3305,2.38,88014467.37
2026-09-29T06:54:30.510032+00:00,^NSEI,22651.9,22652.95,22644.15,22644.15,2556,102,22789.6395,22643.5722,1.6,57885945.0
2026-09-29T06:54:35.510032+00:00,^NSEI,22644.15,22645.45,22643.95,22643.95,2183,164,22789.4386,22643.5483,1.21,49432834.35
2026-09-29T06:54:40.510032+00:00,^NSEI,22643.95,22647.55,22640.95,22644.6,961,44,22789.3503,22645.9433,3.19,21761236.37
2026-09-29T06:54:45.510032+00:00,^NSEI,22644.6,22646.75,22628.9,22628.9,2272,120,22789.1282,22628.963,2.4,51426379.2
2026-09-29T06:54:50.510032+00:00,^NSEI,22628.9,22629.35,22621.45,22629.35,2117,112,22788.911,22628.7645,2.15,47900759.18
2026-09-29T06:54:55.510032+00:00,^NSEI,22629.35,22632.4,22622.95,22622.95,2102,92,22788.6951,22621.9849,2.29,47560062.2
2026-09-29T06:55:00.510032+00:00,^NSEI,22622.95,22629.7,22618.15,22629.7,2895,136,22788.3982,22630.2098,2.39,65501835.75
2026-09-29T06:55:05.510032+00:00,^NSEI,22629.7,22634.9,22625.7,22634.9,2602,130,22788.1421,22634.8989,2.91,58888030.33
2026-09-29T06:55:10.510032+00:00,^NSEI,22634.9,22640.35,22633.55,22636.85,3152,142,22787.843,22637.2336,1.92,71351561.33
2026-09-29T06:55:15.510032+00:00,^NSEI,22636.85,22638.9,22629.6,22629.6,1966,100,22787.6518,22630.9161,3.32,44495888.2
2026-09-29T06:55:20.510032+00:00,^NSEI,22629.6,22633.75,22624.65,22624.65,1824,87,22787.4692,22624.0633,2.13,41272894.4
2026-09-29T06:55:25.510032+00:00,^NSEI,22624.65,22628.7,22622.8,22622.8,1773,117,22787.2888,22621.931,2.07,40113711.3
2026-09-29T06:55:30.510032+00:00,^NSEI,22622.8,22629.35,22618.45,22620.85,1988,171,22787.0847,22621.285,1.54,44974292.07
2026-09-29T06:55:35.510032+00:00,^NSEI,22620.85,22622.3,22619.45,22622.3,760,30,22787.0061,22622.7019,1.61,17192226.0
2026-09-29T06:55:40.510032+00:00,^NSEI,22622.3,22633.8,22620.65,22633.8,2803,159,22786.7308,22634.7444,2.72,63430254.92
2026-09-29T06:55:45.510032+00:00,^NSEI,22633.8,22641.35,22628.95,22628.95,2032,114,22786.5365,22628.0199,3.13,45990425.33
2026-09-29T06:55:50.510032+00:00,^NSEI,22628.95,22644.45,22622.8,22633.95,3600,157,22786.1949,22633.8659,2.89,81481440.0
2026-09-29T06:55:55.510032+00:00,^NSEI,22633.95,22644.7,22628.3,22633.95,1541,148,22786.051,22634.4003,1.23,34881536.65
2026-09-29T06:56:00.510032+00:00,^NSEI,22633.95,22636.45,22631.25,22631.55,2798,159,22785.786,22631.9992,3.2,63327367.17
2026-09-29T06:56:05.510032+00:00,^NSEI,22631.55,22631.55,22626.95,22626.95,963,108,22785.6922,22628.0483,2.61,21791229.45
2026-09-29T06:56:10.510032+00:00,^NSEI,22626.95,22628.75,22621.85,22621.85,1423,59,22785.5501,22622.5806,2.47,32194165.45
2026-09-29T06:56:15.510032+00:00,^NSEI,22621.85,22625.1,22621.3,22625.1,886,86,22785.4615,22625.2122,3.03,20044716.33
2026-09-29T06:56:20.510032+00:00,^NSEI,22625.1,22626.55,22622.7,22626.55,793,36,22785.383,22627.1106,2.34,17941836.47
2026-09-29T06:56:25.510032+00:00,^NSEI,22626.55,22629.6,22625.45,22629.6,2919,138,22785.1002,22629.6407,1.07,66051764.45
2026-09-29T06:56:30.510032+00:00,^NSEI,22629.6,22631.95,22626.55,22630.4,1498,112,22784.9567,22630.0013,2.94,33899190.73
2026-09-29T06:56:35.510032+00:00,^NSEI,22630.4,22633.8,22623.65,22633.8,852,39,22784.8756,22634.6704,2.19,19281115.0
2026-09-29T06:56:40.510032+00:00,^NSEI,22633.8,22643.1,22631.75,22643.1,2341,201,22784.6661,22643.4673,2.8,52998640.32
2026-09-29T06:56:45.510032+00:00,^NSEI,22643.1,22646.65,22643.1,22644.5,2376,219,22784.462,22645.468,2.97,53803926.0
2026-09-29T06:56:50.510032+00:00,^NSEI,22644.5,22651.25,22642.95,22651.25,853,40,22784.3908,22651.3622,0.9,19319156.28
2026-09-29T06:56:55.510032+00:00,^NSEI,22651.25,22654.6,22644.4,22644.4,1606,84,22784.2564,22644.1018,2.45,36372366.8
2026-09-29T06:57:00.510032+00:00,^NSEI,22644.4,22644.4,22638.65,22639.7,1668,88,22784.11,22640.3744,2.83,37765049.0
2026-09-29T06:57:05.510032+00:00,^NSEI,22639.7,22639.7,22636.0,22637.8,1931,92,22783.9372,22637.7788,3.42,43713656.17
2026-09-29T06:57:10.510032+00:00,^NSEI,22637.8,22640.95,22633.9,22640.95,916,55,22783.8558,22640.7469,1.19,20736957.6
2026-09-29T06:57:15.510032+00:00,^NSEI,22640.95,22643.95,22639.85,22639.85,1378,81,22783.7357,22640.741,2.04,31199596.57
2026-09-29T06:57:20.510032+00:00,^NSEI,22639.85,22639.85,22636.35,22636.35,1938,108,22783.5629,22636.6971,2.45,43871507.3
2026-09-29T06:57:25.510032+00:00,^NSEI,22636.35,22637.8,22635.7,22635.7,1857,165,22783.3963,22635.2851,3.3,42035794.8
2026-09-29T06:57:30.510032+00:00,^NSEI,22635.7,22636.0,22629.7,22635.0,1512,156,22783.2584,22634.9956,1.89,34221952.8
2026-09-29T06:57:35.510032+00:00,^NSEI,22635.0,22641.85,22635.0,22641.85,1506,60,22783.1268,22641.3792,1.34,34095187.4
2026-09-29T06:57:40.510032+00:00,^NSEI,22641.85,22644.8,22641.85,22642.75,931,37,22783.0475,22643.2239,3.0,21080757.13
2026-09-29T06:57:45.510032+00:00,^NSEI,22642.75,22646.05,22642.75,22644.7,979,60,22782.9651,22645.2264,1.59,22168965.5
2026-09-29T06:57:50.510032+00:00,^NSEI,22644.7,22649.6,22644.7,22647.05,1391,85,22782.8504,22646.6725,1.16,31502139.28
2026-09-29T06:57:55.510032+00:00,^NSEI,22647.05,22651.45,22640.5,22640.5,1192,96,22782.7501,22640.1346,1.14,26991826.8
2026-09-29T06:58:00.510032+00:00,^NSEI,22640.5,22642.45,22633.8,22633.8,1532,86,22782.6145,22633.7351,1.15,34679398.87
2026-09-29T06:58:05.510032+00:00,^NSEI,22633.8,22635.75,22633.8,22635.75,1826,98,22782.4514,22635.1661,1.66,41331692.6
2026-09-29T06:58:10.510032+00:00,^NSEI,22635.75,22641.35,22635.75,22641.35,1427,138,22782.328,22641.2032,1.12,32306542.72
2026-09-29T06:58:15.510032+00:00,^NSEI,22641.35,22644.0,22638.85,22638.85,949,44,22782.2467,22638.185,2.6,21485897.77
2026-09-29T06:58:20.510032+00:00,^NSEI,22638.85,22644.55,22634.8,22644.55,1690,83,22782.1029,22643.9048,3.13,38263797.0
2026-09-29T06:58:25.510032+00:00,^NSEI,22644.55,22648.8,22642.1,22644.95,1017,57,22782.0189,22645.0194,0.96,23030253.15
2026-09-29T06:58:30.510032+00:00,^NSEI,22644.95,22646.9,22643.0,22644.65,820,72,22781.951,22643.8306,3.26,18568777.0
2026-09-29T06:58:35.510032+00:00,^NSEI,22644.65,22648.3,22644.45,22648.3,1886,79,22781.7977,22646.8617,3.49,42712273.43
2026-09-29T06:58:40.510032+00:00,^NSEI,22648.3,22648.3,22647.55,22648.1,2142,171,22781.6252,22648.4216,1.83,48511980.3
2026-09-29T06:58:45.510032+00:00,^NSEI,22648.1,22653.1,22646.8,22653.1,740,68,22781.5671,22652.5575,1.68,16761740.0
2026-09-29T06:58:50.510032+00:00,^NSEI,22653.1,22657.05,22652.55,22652.55,2055,98,22781.4096,22653.0166,2.44,46554072.75
2026-09-29T06:58:55.510032+00:00,^NSEI,22652.55,22655.0,22652.55,22653.25,1227,87,22781.3155,22653.2064,0.84,27795967.2
2026-09-29T06:59:00.510032+00:00,^NSEI,22653.25,22654.2,22647.15,22647.15,2079,84,22781.1512,22647.2466,1.21,47088310.5
2026-09-29T06:59:05.510032+00:00,^NSEI,22647.15,22650.65,22642.85,22644.2,1016,75,22781.0688,22644.6634,1.71,23008234.4
2026-09-29T06:59:10.510032+00:00,^NSEI,22644.2,22649.15,22639.95,22639.95,1423,107,22780.9512,22640.2689,1.8,32221012.72
2026-09-29T06:59:15.510032+00:00,^NSEI,22639.95,22639.95,22637.05,22637.55,1251,111,22780.8444,22637.7062,0.83,28320367.35
2026-09-29T06:59:20.510032+00:00,^NSEI,22637.55,22640.4,22637.5,22638.05,2048,235,22780.6704,22638.046,3.33,46363955.2
2026-09-29T06:59:25.510032+00:00,^NSEI,22638.05,22642.5,22636.15,22640.0,1788,73,22780.5198,22640.8833,2.29,40479515.4
2026-09-29T06:59:30.510032+00:00,^NSEI,22640.0,22642.8,22633.35,22633.35,799,42,22780.4511,22634.1836,3.24,18086563.5
2026-09-29T06:59:35.510032+00:00,^NSEI,22633.35,22638.1,22631.6,22638.1,1793,120,22780.2967,22638.3009,1.35,40586228.47
2026-09-29T06:59:40.510032+00:00,^NSEI,22638.1,22641.4,22633.45,22633.45,1349,117,22780.1809,22634.2348,2.53,30536098.9
2026-09-29T06:59:45.510032+00:00,^NSEI,22633.45,22637.8,22633.45,22637.8,999,48,22780.0954,22637.3444,2.93,22613713.65
2026-09-29T06:59:50.510032+00:00,^NSEI,22637.8,22641.5,22636.95,22641.5,1494,63,22779.9709,22641.1102,1.34,33824135.1
2026-09-29T06:59:55.510032+00:00,^NSEI,22641.5,22643.6,22639.9,22642.05,1152,75,22779.8763,22642.1342,1.25,26083411.2
2026-09-29T07:00:00.510032+00:00,^NSEI,22642.05,22643.9,22641.7,22642.45,1659,122,22779.7412,22642.5358,1.5,37564211.65
2026-09-29T07:00:05.510032+00:00,^NSEI,22642.45,22648.85,22642.45,22648.85,1167,64,22779.6492,22648.5975,3.18,26428718.35
2026-09-29T07:00:10.510032+00:00,^NSEI,22648.85,22653.7,22644.4,22653.7,1710,89,22779.5184,22653.0021,1.66,38732526.0
2026-09-29T07:00:15.510032+00:00,^NSEI,22653.7,22655.6,22646.95,22646.95,1531,77,22779.4008,22646.6542,1.6,34676894.83
2026-09-29T07:00:20.510032+00:00,^NSEI,22646.95,22650.0,22645.25,22650.0,2010,128,22779.2452,22649.1955,2.46,45523317.5
2026-09-29T07:00:25.510032+00:00,^NSEI,22650.0,22653.9,22650.0,22653.15,1268,77,22779.1501,22652.2474,3.28,28723179.8
2026-09-29T07:00:30.510032+00:00,^NSEI,22653.15,22653.15,22650.25,22652.8,1501,131,22779.0375,22652.7395,1.54,34000752.07
2026-09-29T07:00:35.510032+00:00,^NSEI,22652.8,22653.85,22648.65,22648.65,1263,70,22778.9416,22649.326,2.66,28607434.15
2026-09-29T07:00:40.510032+00:00,^NSEI,22648.65,22651.35,22647.05,22647.35,1149,46,22778.8533,22648.0546,2.48,26023222.25
2026-09-29T07:00:45.510032+00:00,^NSEI,22647.35,22647.75,22645.95,22647.55,1758,71,22778.7169,22647.2253,1.14,39813572.5
2026-09-29T07:00:50.510032+00:00,^NSEI,22647.55,22647.55,22643.65,22643.65,705,63,22778.6614,22642.4767,3.14,15964689.75
2026-09-29T07:00:55.510032+00:00,^NSEI,22643.65,22645.55,22642.35,22645.55,1167,115,22778.5692,22645.8267,1.6,26426112.05
2026-09-29T07:01:00.510032+00:00,^NSEI,22645.55,22646.75,22642.3,22645.95,1093,93,22778.4834,22644.7272,3.48,24750985.0
2026-09-29T07:01:05.510032+00:00,^NSEI,22645.95,22649.9,22641.55,22641.55,1899,98,22778.3338,22642.0803,2.43,43001589.0
2026-09-29T07:01:10.510032+00:00,^NSEI,22641.55,22641.55,22637.8,22639.4,567,39,22778.2876,22640.04,2.85,12836643.75
2026-09-29T07:01:15.510032+00:00,^NSEI,22639.4,22642.45,22635.8,22638.0,1279,52,22778.1829,22638.7154,3.0,28954961.25
2026-09-29T07:01:20.510032+00:00,^NSEI,22638.0,22638.0,22636.8,22637.65,1320,111,22778.0741,22636.6628,3.42,29881478.0
2026-09-29T07:01:25.510032+00:00,^NSEI,22637.65,22640.1,22636.85,22636.85,1827,144,22777.9242,22635.7788,2.53,41359504.2
2026-09-29T07:01:30.510032+00:00,^NSEI,22636.85,22649.0,22632.9,22649.0,892,55,22777.8541,22649.7209,1.98,20198120.93
2026-09-29T07:01:35.510032+00:00,^NSEI,22649.0,22649.3,22646.6,22647.1,907,42,22777.785,22646.8904,2.31,20541433.67
2026-09-29T07:01:40.510032+00:00,^NSEI,22647.1,22650.3,22644.15,22644.15,854,49,22777.7193,22643.1879,3.32,19339854.8
2026-09-29T07:01:45.510032+00:00,^NSEI,22644.15,22649.55,22642.7,22649.55,566,49,22777.6761,22649.8457,2.3,12818352.93
2026-09-29T07:01:50.510032+00:00,^NSEI,22649.55,22656.7,22648.45,22656.7,1271,91,22777.5843,22655.9757,2.43,28793170.45
2026-09-29T07:01:55.510032+00:00,^NSEI,22656.7,22657.55,22653.0,22653.0,1869,76,22777.4501,22653.3965,1.08,42341291.65
2026-09-29T07:02:00.510032+00:00,^NSEI,22653.0,22656.9,22653.0,22653.25,534,34,22777.4118,22653.0384,1.11,12097440.7
2026-09-29T07:02:05.510032+00:00,^NSEI,22653.25,22653.25,22647.55,22647.55,1256,59,22777.3181,22647.3199,2.11,28447709.2
2026-09-29T07:02:10.510032+00:00,^NSEI,22647.55,22654.25,22642.9,22642.9,1814,81,22777.1802,22642.6978,1.46,41081083.57
2026-09-29T07:02:15.510032+00:00,^NSEI,22642.9,22647.75,22640.75,22647.75,1140,78,22777.0928,22647.1679,1.49,25815775.0
2026-09-29T07:02:20.510032+00:00,^NSEI,22647.75,22652.9,22647.2,22652.9,1055,45,22777.0155,22653.2968,1.98,23896805.0
2026-09-29T07:02:25.510032+00:00,^NSEI,22652.9,22656.0,22642.15,22642.15,1191,112,22776.9253,22641.9586,1.04,26972299.1
2026-09-29T07:02:30.510032+00:00,^NSEI,22642.15,22644.25,22640.65,22644.25,651,30,22776.8747,22644.1786,1.62,14740625.55
2026-09-29T07:02:35.510032+00:00,^NSEI,22644.25,22645.4,22642.8,22645.1,838,56,22776.8103,22644.4247,2.05,18976035.13
2026-09-29T07:02:40.510032+00:00,^NSEI,22645.1,22646.9,22643.15,22646.9,799,36,22776.7495,22647.595,3.26,18093874.35
2026-09-29T07:02:45.510032+00:00,^NSEI,22646.9,22649.8,22642.15,22646.5,1179,64,22776.6602,22645.9763,1.5,26699810.85
2026-09-29T07:02:50.510032+00:00,^NSEI,22646.5,22648.25,22644.35,22648.25,1814,119,22776.5239,22648.1856,2.73,41081567.3
2026-09-29T07:02:55.510032+00:00,^NSEI,22648.25,22648.4,22643.25,22643.25,1129,65,22776.438,22643.311,2.43,25566167.37
2026-09-29T07:03:00.510032+00:00,^NSEI,22643.25,22644.7,22643.1,22643.7,1150,56,22776.3497,22643.8269,0.88,26040408.33
2026-09-29T07:03:05.510032+00:00,^NSEI,22643.7,22647.35,22641.4,22641.4,840,44,22776.2852,22642.2735,2.96,19020442.0
2026-09-29T07:03:10.510032+00:00,^NSEI,22641.4,22646.1,22641.0,22646.1,1590,91,22776.164,22646.8496,1.76,36004596.0
2026-09-29T07:03:15.510032+00:00,^NSEI,22646.1,22648.95,22643.55,22643.55,559,22,22776.1218,22643.7879,2.39,12658750.65
2026-09-29T07:03:20.510032+00:00,^NSEI,22643.55,22646.9,22643.1,22643.1,680,76,22776.0701,22643.5195,0.95,15398169.33
2026-09-29T07:03:25.510032+00:00,^NSEI,22643.1,22646.3,22639.55,22646.3,976,45,22775.9958,22647.0368,2.12,22100592.8
2026-09-29T07:03:30.510032+00:00,^NSEI,22646.3,22646.3,22643.1,22643.1,515,21,22775.9566,22643.0034,1.13,11661745.83
2026-09-29T07:03:35.510032+00:00,^NSEI,22643.1,22645.55,22643.1,22645.55,802,73,22775.8959,22644.8278,2.11,18161076.13
2026-09-29T07:03:40.510032+00:00,^NSEI,22645.55,22645.55,22643.0,22643.0,1708,198,22775.7661,22644.2092,3.0,38675695.8
2026-09-29T07:03:45.510032+00:00,^NSEI,22643.0,22645.5,22639.65,22643.45,911,103,22775.6964,22643.7379,1.83,20627651.53
2026-09-29T07:03:50.510032+00:00,^NSEI,22643.45,22643.45,22641.3,22641.3,1607,155,22775.5728,22640.8423,2.54,36385720.78
2026-09-29T07:03:55.510032+00:00,^NSEI,22641.3,22644.85,22635.45,22635.45,944,87,22775.4985,22636.4571,3.04,21370822.67
2026-09-29T07:04:00.510032+00:00,^NSEI,22635.45,22637.55,22635.45,22637.55,1253,63,22775.3987,22636.8368,2.08,28363973.05
2026-09-29T07:04:05.510032+00:00,^NSEI,22637.55,22638.55,22634.85,22636.2,1390,60,22775.288,22635.7315,2.44,31464781.33
2026-09-29T07:04:10.510032+00:00,^NSEI,22636.2,22641.85,22629.85,22634.6,2380,213,22775.0972,22634.5908,2.9,53872331.33
2026-09-29T07:04:15.510032+00:00,^NSEI,22634.6,22638.75,22626.65,22638.75,2295,155,22774.9128,22638.5473,1.71,51946674.75
2026-09-29T07:04:20.510032+00:00,^NSEI,22638.75,22650.3,22634.15,22650.3,3868,201,22774.6257,22649.3442,2.68,87590537.67
2026-09-29T07:04:25.510032+00:00,^NSEI,22650.3,22657.55,22643.8,22643.8,1057,47,22774.5495,22644.1104,2.23,23939341.18
2026-09-29T07:04:30.510032+00:00,^NSEI,22643.8,22645.75,22640.55,22643.05,2135,99,22774.3896,22643.514,1.89,48343054.08
2026-09-29T07:04:35.510032+00:00,^NSEI,22643.05,22648.65,22641.15,22648.65,1474,82,22774.2819,22648.6499,1.88,33380425.1
2026-09-29T07:04:40.510032+00:00,^NSEI,22648.65,22652.95,22648.65,22652.95,2323,111,22774.1197,22652.385,2.81,52619473.22
2026-09-29T07:04:45.510032+00:00,^NSEI,22652.95,22660.25,22643.1,22655.35,2064,203,22773.9775,22655.3679,1.0,46755585.6
2026-09-29T07:04:50.510032+00:00,^NSEI,22655.35,22655.35,22649.25,22649.25,1852,225,22773.8486,22649.9371,2.73,41950176.73
2026-09-29T07:04:55.510032+00:00,^NSEI,22649.25,22657.85,22642.8,22657.85,2267,160,22773.6931,22657.4372,3.0,51353973.17
2026-09-29T07:05:00.510032+00:00,^NSEI,22657.85,22657.85,22650.3,22655.9,2163,98,22773.5473,22655.1504,1.8,49002080.05
2026-09-29T07:05:05.510032+00:00,^NSEI,22655.9,22663.1,22652.5,22663.1,3159,216,22773.3439,22663.2918,1.33,71581571.1
2026-09-29T07:05:10.510032+00:00,^NSEI,22663.1,22663.1,22657.25,22657.25,907,38,22773.2854,22656.8946,3.19,20551894.4
2026-09-29T07:05:15.510032+00:00,^NSEI,22657.25,22660.15,22656.05,22656.05,3040,180,22773.0868,22656.4488,3.14,68878546.67
2026-09-29T07:05:20.510032+00:00,^NSEI,22656.05,22660.95,22653.7,22660.9,893,45,22773.0291,22660.582,1.9,20234055.38
