session_id,trader_id,experience_tier,capital_allocated_inr,instrument,trades_count,sl_dragback_count,post_loss_martingale_multiplier,pnl_protect_tamper_count,expiry_otm_theta_trap,gross_pnl_inr,brokerage_and_stt_inr,net_pnl_inr,brokerage_to_loss_burn_ratio,adverse_holding_time_min,favorable_holding_time_min,tilt_score,sahi_nudge_triggered,nudge_accepted
SESS_2026090000,TRD_10000,NOVICE_UNDER_6M,52482,FINNIFTY,13,4,3.77,3,False,-20869.06,692.22,-21561.28,0.0321,29.3,4.1,53.8,SL_DRAG_FRICTION_WARNING,True
SESS_2026090001,TRD_10001,INTERMEDIATE_1_2Y,194571,BANKNIFTY,29,6,3.95,1,False,-64286.3,2058.22,-66344.52,0.031,59.9,3.7,54.9,SL_DRAG_FRICTION_WARNING,True
SESS_2026090002,TRD_10002,NOVICE_UNDER_6M,31794,NIFTY,19,0,1.15,0,False,-717.5,1163.73,-1881.23,0.6186,12.4,34.4,15.1,NONE,True
SESS_2026090003,TRD_10003,NOVICE_UNDER_6M,62958,SENSEX,38,0,1.1,0,False,5422.4,2170.68,3251.72,0.0,17.8,31.7,12.9,NONE,True
SESS_2026090004,TRD_10004,INTERMEDIATE_1_2Y,155797,BANKNIFTY,41,5,3.62,3,True,-35571.98,2208.89,-37780.87,0.0585,28.6,5.2,65.4,SL_DRAG_FRICTION_WARNING,False
SESS_2026090005,TRD_10005,NOVICE_UNDER_6M,54409,MIDCPNIFTY,25,7,2.3,4,False,-6902.07,1540.31,-8442.38,0.1824,45.1,2.3,60.5,SL_DRAG_FRICTION_WARNING,True
SESS_2026090006,TRD_10006,EXPERIENCED_3Y_PLUS,487965,NIFTY,15,1,0.98,0,True,24780.22,874.24,23905.98,0.0,14.9,24.4,15.2,0DTE_HERO_OR_ZERO_THETA_DECAY_WARNING,False
SESS_2026090007,TRD_10007,NOVICE_UNDER_6M,34404,NIFTY,35,0,0.98,0,False,-740.45,2180.55,-2921.0,0.7465,14.2,25.7,13.9,NONE,True
SESS_2026090008,TRD_10008,NOVICE_UNDER_6M,46577,BANKNIFTY,26,0,1.1,0,True,2627.79,1460.27,1167.52,0.0,16.6,29.3,18.6,0DTE_HERO_OR_ZERO_THETA_DECAY_WARNING,True
SESS_2026090009,TRD_10009,NOVICE_UNDER_6M,55842,NIFTY,45,0,1.06,0,True,-14.61,2374.82,-2389.43,0.9939,13.5,31.4,25.6,0DTE_HERO_OR_ZERO_THETA_DECAY_WARNING,True
SESS_2026090010,TRD_10010,INTERMEDIATE_1_2Y,108245,NIFTY,50,0,1.08,0,False,16114.93,3368.13,12746.8,0.0,7.3,20.3,20.2,NONE,True
SESS_2026090011,TRD_10011,NOVICE_UNDER_6M,49857,NIFTY,18,0,1.25,0,False,6021.32,935.33,5085.99,0.0,7.5,27.2,15.8,NONE,True
SESS_2026090012,TRD_10012,INTERMEDIATE_1_2Y,169471,SENSEX,31,0,1.11,0,False,16710.35,1823.91,14886.44,0.0,14.1,20.6,15.5,NONE,True
SESS_2026090013,TRD_10013,NOVICE_UNDER_6M,25617,BANKNIFTY,37,0,0.95,0,False,2145.42,1838.92,306.5,0.0,8.7,32.8,17.2,NONE,True
SESS_2026090014,TRD_10014,INTERMEDIATE_1_2Y,120701,NIFTY,33,3,4.39,3,True,-38340.13,1660.77,-40000.9,0.0415,64.2,6.0,63.1,SL_DRAG_FRICTION_WARNING,True
SESS_2026090015,TRD_10015,INTERMEDIATE_1_2Y,213274,NIFTY,34,0,0.95,0,False,-12655.7,2069.61,-14725.31,0.1405,15.6,14.5,16.7,NONE,True
SESS_2026090016,TRD_10016,NOVICE_UNDER_6M,34500,FINNIFTY,23,9,2.38,4,False,-7831.11,1112.15,-8943.26,0.1244,29.9,5.3,69.8,SL_DRAG_FRICTION_WARNING,True
SESS_2026090017,TRD_10017,ALGO_SEMI_AUTOMATED,1365638,SENSEX,71,0,0.98,0,True,83186.55,3894.06,79292.49,0.0,10.7,33.3,30.1,0DTE_HERO_OR_ZERO_THETA_DECAY_WARNING,False
SESS_2026090018,TRD_10018,NOVICE_UNDER_6M,56210,NIFTY,48,1,0.98,0,False,347.1,3165.67,-2818.57,0.9012,17.6,25.3,25.7,NONE,True
SESS_2026090019,TRD_10019,INTERMEDIATE_1_2Y,164788,BANKNIFTY,42,10,2.4,1,True,-56848.28,2913.41,-59761.69,0.0488,58.8,3.2,63.9,SL_DRAG_FRICTION_WARNING,True
SESS_2026090020,TRD_10020,NOVICE_UNDER_6M,50819,BANKNIFTY,40,6,3.34,4,True,-13171.27,2564.82,-15736.09,0.163,60.8,3.2,72.4,SL_DRAG_FRICTION_WARNING,True
SESS_2026090021,TRD_10021,NOVICE_UNDER_6M,30431,FINNIFTY,33,0,0.95,0,False,2779.16,2280.38,498.78,0.0,9.2,33.5,17.8,NONE,True
SESS_2026090022,TRD_10022,NOVICE_UNDER_6M,43543,BANKNIFTY,22,0,1.08,0,False,3053.73,1214.07,1839.66,0.0,13.8,12.2,8.8,NONE,True
SESS_2026090023,TRD_10023,NOVICE_UNDER_6M,34192,BANKNIFTY,20,6,2.9,3,True,-10057.87,1194.5,-11252.37,0.1062,35.2,5.2,53.2,SL_DRAG_FRICTION_WARNING,False
SESS_2026090024,TRD_10024,INTERMEDIATE_1_2Y,246952,NIFTY,14,0,0.94,0,False,-16482.11,820.46,-17302.57,0.0474,7.6,34.5,8.8,NONE,True
SESS_2026090025,TRD_10025,ALGO_SEMI_AUTOMATED,942469,SENSEX,117,0,1.07,0,False,-71682.35,6481.59,-78163.94,0.0829,13.0,15.4,18.2,NONE,True
SESS_2026090026,TRD_10026,EXPERIENCED_3Y_PLUS,1137613,SENSEX,22,0,0.99,0,False,105288.64,1270.57,104018.07,0.0,7.2,29.9,11.0,NONE,True
SESS_2026090027,TRD_10027,INTERMEDIATE_1_2Y,280442,FINNIFTY,43,0,1.18,0,True,31529.17,2891.91,28637.26,0.0,14.8,19.6,22.6,0DTE_HERO_OR_ZERO_THETA_DECAY_WARNING,False
SESS_2026090028,TRD_10028,NOVICE_UNDER_6M,60064,NIFTY,26,0,1.03,0,True,6405.03,1466.19,4938.84,0.0,11.6,16.6,21.7,0DTE_HERO_OR_ZERO_THETA_DECAY_WARNING,True
SESS_2026090029,TRD_10029,NOVICE_UNDER_6M,53280,NIFTY,31,3,3.86,2,True,-14676.27,1508.53,-16184.8,0.0932,59.0,6.2,50.9,SL_DRAG_FRICTION_WARNING,False
SESS_2026090030,TRD_10030,NOVICE_UNDER_6M,39794,NIFTY,38,0,0.97,0,False,747.54,2290.42,-1542.88,0.7539,14.7,19.2,12.8,NONE,True
SESS_2026090031,TRD_10031,EXPERIENCED_3Y_PLUS,515692,NIFTY,20,9,3.37,3,False,-190685.06,1278.83,-191963.89,0.0067,58.5,3.8,69.1,SL_DRAG_FRICTION_WARNING,True
SESS_2026090032,TRD_10032,NOVICE_UNDER_6M,41699,BANKNIFTY,53,0,1.06,0,False,354.86,2788.02,-2433.16,0.8871,9.9,28.0,18.9,NONE,True
SESS_2026090033,TRD_10033,NOVICE_UNDER_6M,57001,SENSEX,23,1,1.07,0,True,769.73,1465.4,-695.67,0.6556,9.4,21.9,17.8,0DTE_HERO_OR_ZERO_THETA_DECAY_WARNING,True
SESS_2026090034,TRD_10034,NOVICE_UNDER_6M,45773,MIDCPNIFTY,24,9,3.92,1,True,-12559.86,1623.41,-14183.27,0.1145,50.8,5.2,66.0,SL_DRAG_FRICTION_WARNING,True
SESS_2026090035,TRD_10035,INTERMEDIATE_1_2Y,114666,NIFTY,10,5,4.07,1,True,-22210.09,598.65,-22808.74,0.0262,56.5,3.0,48.3,SL_DRAG_FRICTION_WARNING,True
SESS_2026090036,TRD_10036,NOVICE_UNDER_6M,53124,SENSEX,10,0,1.14,0,False,-424.39,613.78,-1038.17,0.5912,15.6,28.0,12.0,NONE,True
SESS_2026090037,TRD_10037,INTERMEDIATE_1_2Y,102916,BANKNIFTY,26,0,1.22,0,False,-81.19,1766.28,-1847.47,0.9561,13.4,28.5,14.2,NONE,True
SESS_2026090038,TRD_10038,INTERMEDIATE_1_2Y,173373,NIFTY,45,1,1.04,0,False,10205.76,2683.36,7522.4,0.0,16.1,18.4,21.3,NONE,True
SESS_2026090039,TRD_10039,NOVICE_UNDER_6M,55473,NIFTY,25,9,2.4,1,True,-14125.32,1398.53,-15523.85,0.0901,32.6,3.1,59.3,SL_DRAG_FRICTION_WARNING,True
SESS_2026090040,TRD_10040,EXPERIENCED_3Y_PLUS,355832,BANKNIFTY,23,0,1.17,0,False,-9663.26,1519.92,-11183.18,0.1359,10.6,12.1,19.2,NONE,True
SESS_2026090041,TRD_10041,NOVICE_UNDER_6M,45070,NIFTY,46,6,2.79,2,True,-8910.81,2654.37,-11565.18,0.2295,26.5,3.7,54.1,SL_DRAG_FRICTION_WARNING,True
SESS_2026090042,TRD_10042,NOVICE_UNDER_6M,46556,NIFTY,21,0,1.19,0,False,-660.85,1444.89,-2105.74,0.6862,14.0,13.9,14.7,NONE,True
SESS_2026090043,TRD_10043,INTERMEDIATE_1_2Y,134564,BANKNIFTY,26,9,2.92,5,True,-24307.4,1280.5,-25587.9,0.05,66.7,4.4,76.9,MANDATORY_COOLOFF_15MIN_LOCKOUT,False
SESS_2026090044,TRD_10044,EXPERIENCED_3Y_PLUS,495713,BANKNIFTY,7,0,1.13,0,False,-34277.08,357.21,-34634.29,0.0103,8.4,12.5,7.5,NONE,True
SESS_2026090045,TRD_10045,NOVICE_UNDER_6M,38081,BANKNIFTY,44,0,1.08,0,False,-2520.25,2440.46,-4960.71,0.492,14.6,29.9,14.6,NONE,True
SESS_2026090046,TRD_10046,INTERMEDIATE_1_2Y,179498,BANKNIFTY,47,1,1.03,0,False,4155.33,2370.94,1784.39,0.0,6.9,27.9,22.4,NONE,True
SESS_2026090047,TRD_10047,INTERMEDIATE_1_2Y,183953,BANKNIFTY,16,0,1.02,0,False,-5336.3,1094.24,-6430.54,0.1702,10.4,23.6,5.0,NONE,True
SESS_2026090048,TRD_10048,INTERMEDIATE_1_2Y,239278,BANKNIFTY,15,1,1.11,0,False,-10135.63,1010.95,-11146.58,0.0907,14.8,34.2,10.1,NONE,True
SESS_2026090049,TRD_10049,NOVICE_UNDER_6M,45571,NIFTY,45,8,4.01,1,False,-9696.61,2569.31,-12265.92,0.2095,37.2,4.3,63.4,SL_DRAG_FRICTION_WARNING,True
SESS_2026090050,TRD_10050,NOVICE_UNDER_6M,62308,BANKNIFTY,23,8,3.03,4,True,-6818.27,1151.26,-7969.53,0.1445,38.8,2.1,71.2,SL_DRAG_FRICTION_WARNING,True
SESS_2026090051,TRD_10051,NOVICE_UNDER_6M,54510,BANKNIFTY,41,8,2.45,2,True,-13155.32,2490.43,-15645.75,0.1592,40.3,4.9,58.4,SL_DRAG_FRICTION_WARNING,True
SESS_2026090052,TRD_10052,EXPERIENCED_3Y_PLUS,925296,NIFTY,12,0,1.01,0,False,46016.47,849.85,45166.62,0.0,14.7,19.3,9.2,NONE,True
SESS_2026090053,TRD_10053,NOVICE_UNDER_6M,56570,SENSEX,27,0,1.25,0,False,-2043.65,1754.8,-3798.45,0.462,9.6,20.3,13.4,NONE,True
SESS_2026090054,TRD_10054,NOVICE_UNDER_6M,33779,NIFTY,15,4,4.43,3,False,-9737.2,892.34,-10629.54,0.0839,30.1,2.1,54.9,SL_DRAG_FRICTION_WARNING,True
SESS_2026090055,TRD_10055,NOVICE_UNDER_6M,62959,NIFTY,20,6,3.44,3,True,-22758.12,1079.13,-23837.25,0.0453,65.6,6.7,71.7,SL_DRAG_FRICTION_WARNING,True
SESS_2026090056,TRD_10056,EXPERIENCED_3Y_PLUS,628808,SENSEX,17,1,1.04,0,False,-22348.6,1069.38,-23417.98,0.0457,16.3,34.8,9.6,NONE,True
SESS_2026090057,TRD_10057,INTERMEDIATE_1_2Y,289864,SENSEX,19,7,2.64,1,True,-62667.2,1044.81,-63712.01,0.0164,25.1,4.3,47.1,SL_DRAG_FRICTION_WARNING,True
SESS_2026090058,TRD_10058,EXPERIENCED_3Y_PLUS,882782,NIFTY,20,0,1.2,0,False,100490.99,1164.07,99326.92,0.0,13.5,27.2,8.5,NONE,True
SESS_2026090059,TRD_10059,EXPERIENCED_3Y_PLUS,1154941,BANKNIFTY,23,4,2.97,3,True,-225789.56,1490.25,-227279.81,0.0066,39.4,2.6,55.1,SL_DRAG_FRICTION_WARNING,False
SESS_2026090060,TRD_10060,EXPERIENCED_3Y_PLUS,694154,SENSEX,15,3,3.19,2,True,-108021.71,927.07,-108948.78,0.0085,29.6,6.8,61.7,SL_DRAG_FRICTION_WARNING,True
SESS_2026090061,TRD_10061,NOVICE_UNDER_6M,40106,NIFTY,15,1,1.06,0,False,-519.57,1013.13,-1532.7,0.661,9.3,34.9,9.5,NONE,True
SESS_2026090062,TRD_10062,NOVICE_UNDER_6M,71938,BANKNIFTY,34,5,2.48,1,True,-18564.2,2252.57,-20816.77,0.1082,49.8,5.3,49.8,SL_DRAG_FRICTION_WARNING,True
SESS_2026090063,TRD_10063,EXPERIENCED_3Y_PLUS,412625,SENSEX,22,0,1.1,0,False,-10488.67,1455.4,-11944.07,0.1219,11.0,16.3,13.5,NONE,True
SESS_2026090064,TRD_10064,NOVICE_UNDER_6M,51952,BANKNIFTY,47,6,4.35,2,True,-11070.19,2525.93,-13596.12,0.1858,31.1,6.9,74.6,SL_DRAG_FRICTION_WARNING,True
SESS_2026090065,TRD_10065,NOVICE_UNDER_6M,31824,NIFTY,70,1,1.22,0,False,-1212.6,4545.09,-5757.69,0.7894,7.8,33.5,29.8,NONE,True
SESS_2026090066,TRD_10066,NOVICE_UNDER_6M,44964,NIFTY,34,5,2.6,1,True,-16630.35,2262.5,-18892.85,0.1198,62.3,2.7,51.1,SL_DRAG_FRICTION_WARNING,False
SESS_2026090067,TRD_10067,EXPERIENCED_3Y_PLUS,523949,NIFTY,3,1,1.17,0,False,28763.98,171.16,28592.82,0.0,11.8,19.6,8.9,NONE,True
SESS_2026090068,TRD_10068,INTERMEDIATE_1_2Y,281932,BANKNIFTY,43,0,1.07,0,False,14151.44,2791.8,11359.64,0.0,15.3,13.0,19.5,NONE,True
SESS_2026090069,TRD_10069,NOVICE_UNDER_6M,53424,MIDCPNIFTY,51,1,1.24,0,True,-4508.06,3482.33,-7990.39,0.4358,17.6,19.6,25.7,0DTE_HERO_OR_ZERO_THETA_DECAY_WARNING,True
SESS_2026090070,TRD_10070,ALGO_SEMI_AUTOMATED,2365167,NIFTY,29,0,0.95,0,False,-45918.28,1447.9,-47366.18,0.0306,9.2,26.3,11.4,NONE,True
SESS_2026090071,TRD_10071,INTERMEDIATE_1_2Y,170611,NIFTY,50,1,1.18,0,True,18384.97,3596.91,14788.06,0.0,6.8,26.5,32.9,0DTE_HERO_OR_ZERO_THETA_DECAY_WARNING,False
SESS_2026090072,TRD_10072,NOVICE_UNDER_6M,45523,NIFTY,19,0,1.04,0,False,2913.76,1045.78,1867.98,0.0,16.8,13.1,10.6,NONE,True
SESS_2026090073,TRD_10073,INTERMEDIATE_1_2Y,170140,BANKNIFTY,30,0,0.98,0,False,-354.28,1859.87,-2214.15,0.84,10.6,27.7,15.7,NONE,True
SESS_2026090074,TRD_10074,NOVICE_UNDER_6M,38662,NIFTY,41,7,4.24,2,True,-4292.43,2939.85,-7232.28,0.4065,52.3,2.4,69.7,SL_DRAG_FRICTION_WARNING,True
SESS_2026090075,TRD_10075,EXPERIENCED_3Y_PLUS,659694,NIFTY,12,1,0.97,0,False,25806.28,582.32,25223.96,0.0,10.3,18.8,20.8,NONE,True
SESS_2026090076,TRD_10076,NOVICE_UNDER_6M,61107,BANKNIFTY,31,8,3.87,5,False,-8019.87,2065.15,-10085.02,0.2048,62.3,6.2,75.6,MANDATORY_COOLOFF_15MIN_LOCKOUT,True
SESS_2026090077,TRD_10077,ALGO_SEMI_AUTOMATED,1076828,NIFTY,56,0,1.09,0,False,-13038.75,3466.95,-16505.7,0.21,13.8,19.1,27.9,NONE,True
SESS_2026090078,TRD_10078,INTERMEDIATE_1_2Y,214106,SENSEX,14,7,2.69,1,True,-27127.22,951.04,-28078.26,0.0339,73.6,4.7,49.5,SL_DRAG_FRICTION_WARNING,True
SESS_2026090079,TRD_10079,NOVICE_UNDER_6M,59841,BANKNIFTY,46,3,4.54,1,False,-5202.06,3275.87,-8477.93,0.3864,68.0,5.6,62.3,SL_DRAG_FRICTION_WARNING,False
SESS_2026090080,TRD_10080,NOVICE_UNDER_6M,43423,BANKNIFTY,49,6,3.23,3,True,-4938.03,2479.42,-7417.45,0.3343,54.2,6.1,69.9,SL_DRAG_FRICTION_WARNING,False
SESS_2026090081,TRD_10081,INTERMEDIATE_1_2Y,176037,BANKNIFTY,46,3,3.99,4,True,-19443.31,2544.02,-21987.33,0.1157,45.4,2.7,72.7,SL_DRAG_FRICTION_WARNING,True
SESS_2026090082,TRD_10082,NOVICE_UNDER_6M,32074,SENSEX,56,5,3.62,3,False,-10609.07,3245.6,-13854.67,0.2343,46.0,5.7,70.1,SL_DRAG_FRICTION_WARNING,True
SESS_2026090083,TRD_10083,NOVICE_UNDER_6M,69910,NIFTY,14,5,4.47,4,True,-6209.15,792.51,-7001.66,0.1132,59.3,4.7,74.7,SL_DRAG_FRICTION_WARNING,True
SESS_2026090084,TRD_10084,NOVICE_UNDER_6M,36873,BANKNIFTY,20,1,0.96,0,False,-3813.36,1120.08,-4933.44,0.227,13.7,34.3,20.4,NONE,True
SESS_2026090085,TRD_10085,INTERMEDIATE_1_2Y,115645,NIFTY,41,0,1.15,0,False,1931.87,2240.84,-308.97,0.537,15.3,30.1,17.9,NONE,True
SESS_2026090086,TRD_10086,INTERMEDIATE_1_2Y,316802,NIFTY,54,0,0.97,0,False,19588.71,3355.15,16233.56,0.0,7.6,20.2,23.0,NONE,True
SESS_2026090087,TRD_10087,INTERMEDIATE_1_2Y,101593,NIFTY,25,3,3.22,2,True,-21515.36,1636.35,-23151.71,0.0707,47.6,3.1,51.6,SL_DRAG_FRICTION_WARNING,False
SESS_2026090088,TRD_10088,INTERMEDIATE_1_2Y,196586,NIFTY,22,0,0.95,0,False,-671.98,1536.32,-2208.3,0.6957,10.8,27.8,13.4,NONE,True
SESS_2026090089,TRD_10089,EXPERIENCED_3Y_PLUS,786408,NIFTY,7,0,1.03,0,False,-10950.61,469.24,-11419.85,0.0411,9.5,23.6,9.6,NONE,True
SESS_2026090090,TRD_10090,NOVICE_UNDER_6M,33100,NIFTY,42,0,1.04,0,False,-635.78,2751.45,-3387.23,0.8123,11.0,31.0,16.6,NONE,True
SESS_2026090091,TRD_10091,EXPERIENCED_3Y_PLUS,515803,SENSEX,29,1,0.95,0,False,25120.05,1956.99,23163.06,0.0,7.1,14.2,19.2,NONE,True
SESS_2026090092,TRD_10092,NOVICE_UNDER_6M,49477,BANKNIFTY,38,0,1.1,0,False,-749.91,2659.25,-3409.16,0.78,16.5,33.6,19.9,NONE,True
SESS_2026090093,TRD_10093,EXPERIENCED_3Y_PLUS,554581,BANKNIFTY,8,0,1.1,0,False,-13547.21,530.42,-14077.63,0.0377,7.3,31.4,10.6,NONE,True
SESS_2026090094,TRD_10094,INTERMEDIATE_1_2Y,178573,NIFTY,40,0,1.08,0,False,-7451.1,2651.91,-10103.01,0.2625,14.3,12.7,20.4,NONE,True
SESS_2026090095,TRD_10095,NOVICE_UNDER_6M,36495,SENSEX,21,0,0.98,0,False,-1968.22,1219.6,-3187.82,0.3826,6.4,29.2,10.6,NONE,True
SESS_2026090096,TRD_10096,EXPERIENCED_3Y_PLUS,574346,BANKNIFTY,13,0,1.18,0,False,-52173.87,762.25,-52936.12,0.0144,15.1,13.1,7.3,NONE,True
SESS_2026090097,TRD_10097,NOVICE_UNDER_6M,44925,NIFTY,24,5,2.5,3,True,-13817.36,1719.04,-15536.4,0.1106,51.3,3.5,58.2,SL_DRAG_FRICTION_WARNING,True
SESS_2026090098,TRD_10098,INTERMEDIATE_1_2Y,115520,SENSEX,49,0,1.01,0,True,-8728.11,2978.32,-11706.43,0.2544,12.0,21.9,24.9,0DTE_HERO_OR_ZERO_THETA_DECAY_WARNING,False
SESS_2026090099,TRD_10099,EXPERIENCED_3Y_PLUS,583712,SENSEX,13,1,0.93,0,False,7123.41,845.36,6278.05,0.0,16.3,25.2,16.7,NONE,True
SESS_2026090100,TRD_10100,INTERMEDIATE_1_2Y,149552,NIFTY,15,5,3.93,3,False,-22856.8,807.59,-23664.39,0.0341,71.0,2.4,55.1,SL_DRAG_FRICTION_WARNING,True
SESS_2026090101,TRD_10101,NOVICE_UNDER_6M,41573,SENSEX,29,4,3.32,1,True,-7739.03,1961.99,-9701.02,0.2022,70.3,3.7,48.2,SL_DRAG_FRICTION_WARNING,False
SESS_2026090102,TRD_10102,INTERMEDIATE_1_2Y,120440,NIFTY,17,6,3.82,3,True,-21585.2,1126.03,-22711.23,0.0496,63.6,4.5,58.4,SL_DRAG_FRICTION_WARNING,True
SESS_2026090103,TRD_10103,NOVICE_UNDER_6M,52325,BANKNIFTY,40,0,0.98,0,True,-2168.78,1973.93,-4142.71,0.4765,11.3,19.0,24.4,0DTE_HERO_OR_ZERO_THETA_DECAY_WARNING,True
SESS_2026090104,TRD_10104,NOVICE_UNDER_6M,41578,NIFTY,33,8,2.39,4,False,-10131.57,2023.02,-12154.59,0.1664,55.8,4.5,66.9,SL_DRAG_FRICTION_WARNING,True
SESS_2026090105,TRD_10105,INTERMEDIATE_1_2Y,235445,BANKNIFTY,33,5,2.62,1,True,-44588.37,1983.6,-46571.97,0.0426,70.0,3.7,41.9,SL_DRAG_FRICTION_WARNING,True
SESS_2026090106,TRD_10106,INTERMEDIATE_1_2Y,122171,NIFTY,26,0,1.02,0,False,4205.46,1280.68,2924.78,0.0,10.6,29.8,11.5,NONE,True
SESS_2026090107,TRD_10107,INTERMEDIATE_1_2Y,134938,NIFTY,29,0,1.12,0,False,-4103.77,1797.59,-5901.36,0.3046,16.9,32.1,12.8,NONE,True
SESS_2026090108,TRD_10108,NOVICE_UNDER_6M,34565,BANKNIFTY,29,1,0.97,0,False,919.67,1620.62,-700.95,0.638,7.0,24.9,20.3,NONE,True
SESS_2026090109,TRD_10109,INTERMEDIATE_1_2Y,289588,SENSEX,57,0,1.09,0,False,-17972.1,3029.02,-21001.12,0.1442,10.3,20.3,25.8,NONE,True
SESS_2026090110,TRD_10110,INTERMEDIATE_1_2Y,289909,BANKNIFTY,27,4,2.39,4,True,-40278.8,1320.46,-41599.26,0.0317,63.5,6.2,55.4,SL_DRAG_FRICTION_WARNING,True
SESS_2026090111,TRD_10111,NOVICE_UNDER_6M,43771,NIFTY,22,0,1.12,0,True,5917.78,1378.39,4539.39,0.0,10.4,28.6,23.4,0DTE_HERO_OR_ZERO_THETA_DECAY_WARNING,False
SESS_2026090112,TRD_10112,NOVICE_UNDER_6M,58692,NIFTY,25,10,3.89,4,True,-14594.77,1661.66,-16256.43,0.1022,58.9,4.9,84.2,MANDATORY_COOLOFF_15MIN_LOCKOUT,True
SESS_2026090113,TRD_10113,ALGO_SEMI_AUTOMATED,1032542,NIFTY,52,0,0.95,0,False,43353.54,3139.85,40213.69,0.0,10.5,33.5,15.6,NONE,True
SESS_2026090114,TRD_10114,EXPERIENCED_3Y_PLUS,420509,BANKNIFTY,7,5,3.33,4,True,-58271.19,492.32,-58763.51,0.0084,70.5,6.1,59.5,SL_DRAG_FRICTION_WARNING,True
SESS_2026090115,TRD_10115,INTERMEDIATE_1_2Y,144197,BANKNIFTY,14,5,2.47,3,True,-18016.99,830.74,-18847.73,0.0441,32.3,2.2,55.1,SL_DRAG_FRICTION_WARNING,False
SESS_2026090116,TRD_10116,INTERMEDIATE_1_2Y,221004,BANKNIFTY,26,0,0.93,0,False,4272.65,1512.11,2760.54,0.0,7.8,33.6,13.4,NONE,True
SESS_2026090117,TRD_10117,NOVICE_UNDER_6M,33519,BANKNIFTY,25,1,0.95,0,False,809.3,1545.03,-735.73,0.6563,12.0,24.3,12.9,NONE,True
SESS_2026090118,TRD_10118,NOVICE_UNDER_6M,55688,NIFTY,27,5,3.43,1,True,-5919.07,1648.57,-7567.64,0.2178,51.2,3.8,54.2,SL_DRAG_FRICTION_WARNING,True
SESS_2026090119,TRD_10119,INTERMEDIATE_1_2Y,256511,NIFTY,12,0,1.0,0,True,12116.93,756.94,11359.99,0.0,15.5,19.9,10.9,0DTE_HERO_OR_ZERO_THETA_DECAY_WARNING,False
SESS_2026090120,TRD_10120,EXPERIENCED_3Y_PLUS,913265,FINNIFTY,12,6,3.96,1,False,-190184.26,809.71,-190993.97,0.0042,48.2,5.5,56.3,SL_DRAG_FRICTION_WARNING,True
SESS_2026090121,TRD_10121,EXPERIENCED_3Y_PLUS,541603,NIFTY,6,0,1.01,0,False,-3481.74,293.27,-3775.01,0.0777,10.8,30.8,10.9,NONE,True
SESS_2026090122,TRD_10122,NOVICE_UNDER_6M,52769,FINNIFTY,27,0,1.17,0,False,4991.72,1777.66,3214.06,0.0,7.5,20.5,17.7,NONE,True
SESS_2026090123,TRD_10123,NOVICE_UNDER_6M,72571,MIDCPNIFTY,35,9,3.34,4,False,-11605.02,2138.2,-13743.22,0.1556,28.9,5.0,72.5,SL_DRAG_FRICTION_WARNING,True
SESS_2026090124,TRD_10124,ALGO_SEMI_AUTOMATED,874326,SENSEX,84,1,0.98,0,False,90597.56,5271.54,85326.02,0.0,11.4,28.7,19.8,NONE,True
SESS_2026090125,TRD_10125,NOVICE_UNDER_6M,59074,NIFTY,16,1,1.02,0,False,-4237.74,1001.31,-5239.05,0.1911,14.2,33.9,15.6,NONE,True
SESS_2026090126,TRD_10126,EXPERIENCED_3Y_PLUS,966807,NIFTY,6,8,3.08,2,True,-105373.77,341.57,-105715.34,0.0032,55.3,5.4,58.4,SL_DRAG_FRICTION_WARNING,True
SESS_2026090127,TRD_10127,NOVICE_UNDER_6M,44434,BANKNIFTY,41,3,3.77,2,True,-13119.27,2407.13,-15526.4,0.155,53.1,3.3,54.6,SL_DRAG_FRICTION_WARNING,False
SESS_2026090128,TRD_10128,EXPERIENCED_3Y_PLUS,536283,BANKNIFTY,27,0,0.97,0,True,89322.34,1821.21,87501.13,0.0,8.1,28.4,28.6,0DTE_HERO_OR_ZERO_THETA_DECAY_WARNING,False
SESS_2026090129,TRD_10129,INTERMEDIATE_1_2Y,208431,NIFTY,29,4,2.64,3,True,-63856.53,2077.65,-65934.18,0.0315,33.7,3.8,53.6,SL_DRAG_FRICTION_WARNING,False
SESS_2026090130,TRD_10130,INTERMEDIATE_1_2Y,120510,MIDCPNIFTY,27,6,3.25,5,True,-31164.91,1760.57,-32925.48,0.0535,69.2,2.3,65.9,SL_DRAG_FRICTION_WARNING,True
SESS_2026090131,TRD_10131,NOVICE_UNDER_6M,50121,BANKNIFTY,20,3,3.25,2,True,-10897.47,1328.54,-12226.01,0.1087,66.5,4.8,50.7,SL_DRAG_FRICTION_WARNING,True
SESS_2026090132,TRD_10132,EXPERIENCED_3Y_PLUS,696086,BANKNIFTY,25,0,1.01,0,False,84314.32,1511.34,82802.98,0.0,17.2,17.2,13.0,NONE,True
SESS_2026090133,TRD_10133,INTERMEDIATE_1_2Y,114205,BANKNIFTY,50,6,3.51,1,True,-37059.43,3149.38,-40208.81,0.0783,54.6,4.9,63.5,SL_DRAG_FRICTION_WARNING,False
SESS_2026090134,TRD_10134,NOVICE_UNDER_6M,42503,NIFTY,59,8,2.4,4,False,-9375.03,3707.24,-13082.27,0.2834,38.2,3.1,78.8,MANDATORY_COOLOFF_15MIN_LOCKOUT,True
SESS_2026090135,TRD_10135,EXPERIENCED_3Y_PLUS,817709,SENSEX,12,1,1.01,0,True,-3677.86,634.76,-4312.62,0.1472,6.7,22.1,19.0,0DTE_HERO_OR_ZERO_THETA_DECAY_WARNING,False
SESS_2026090136,TRD_10136,EXPERIENCED_3Y_PLUS,554673,FINNIFTY,20,0,1.25,0,True,-18301.67,1183.91,-19485.58,0.0608,10.4,24.9,18.5,0DTE_HERO_OR_ZERO_THETA_DECAY_WARNING,True
SESS_2026090137,TRD_10137,INTERMEDIATE_1_2Y,128696,BANKNIFTY,24,0,1.23,0,False,5705.49,1261.34,4444.15,0.0,15.8,33.5,17.2,NONE,True
SESS_2026090138,TRD_10138,INTERMEDIATE_1_2Y,107846,BANKNIFTY,57,0,1.05,0,True,-5217.25,3534.01,-8751.26,0.4038,10.7,22.5,29.3,0DTE_HERO_OR_ZERO_THETA_DECAY_WARNING,False
SESS_2026090139,TRD_10139,INTERMEDIATE_1_2Y,245868,SENSEX,34,2,2.49,1,True,-94778.21,1673.74,-96451.95,0.0174,43.3,4.0,41.8,PNL_PROTECT_DAILY_LIMIT_ENFORCEMENT,True
SESS_2026090140,TRD_10140,EXPERIENCED_3Y_PLUS,589659,NIFTY,12,1,1.13,0,False,-46351.19,856.82,-47208.01,0.0181,17.9,27.6,8.5,NONE,True
SESS_2026090141,TRD_10141,NOVICE_UNDER_6M,42552,NIFTY,61,0,1.08,0,False,1808.97,4105.01,-2296.04,0.6941,6.5,12.9,26.4,NONE,True
SESS_2026090142,TRD_10142,INTERMEDIATE_1_2Y,167884,NIFTY,17,0,1.02,0,False,8198.19,938.09,7260.1,0.0,8.0,34.8,8.0,NONE,True
SESS_2026090143,TRD_10143,INTERMEDIATE_1_2Y,170365,BANKNIFTY,35,8,3.08,3,False,-31801.58,2257.96,-34059.54,0.0663,54.2,6.0,70.9,SL_DRAG_FRICTION_WARNING,True
SESS_2026090144,TRD_10144,NOVICE_UNDER_6M,46783,BANKNIFTY,64,0,1.12,0,False,1009.5,4364.03,-3354.53,0.8121,8.0,26.5,26.0,NONE,True
SESS_2026090145,TRD_10145,NOVICE_UNDER_6M,26881,NIFTY,62,2,2.99,1,True,-3320.23,4274.75,-7594.98,0.5628,45.5,5.9,55.2,MARTINGALE_LOT_SIZE_OVERRIDE_ALERT,False
SESS_2026090146,TRD_10146,EXPERIENCED_3Y_PLUS,355851,NIFTY,9,0,1.28,0,False,-3147.29,547.16,-3694.45,0.1481,10.5,34.0,6.2,NONE,True
SESS_2026090147,TRD_10147,NOVICE_UNDER_6M,63328,BANKNIFTY,43,0,1.08,0,False,-3279.24,3068.04,-6347.28,0.4834,9.0,24.8,16.8,NONE,True
SESS_2026090148,TRD_10148,INTERMEDIATE_1_2Y,129853,NIFTY,21,7,2.99,2,False,-44683.88,1349.02,-46032.9,0.0293,64.8,3.4,46.5,SL_DRAG_FRICTION_WARNING,False
SESS_2026090149,TRD_10149,INTERMEDIATE_1_2Y,294035,NIFTY,39,4,3.72,2,True,-92225.23,2376.11,-94601.34,0.0251,37.8,4.4,67.5,SL_DRAG_FRICTION_WARNING,False
SESS_2026090150,TRD_10150,NOVICE_UNDER_6M,54740,BANKNIFTY,21,0,1.0,0,False,-5613.38,1216.3,-6829.68,0.1781,12.4,26.7,11.9,NONE,True
SESS_2026090151,TRD_10151,INTERMEDIATE_1_2Y,224233,BANKNIFTY,8,0,1.03,0,False,-12892.9,569.07,-13461.97,0.0423,16.5,23.0,7.6,NONE,True
SESS_2026090152,TRD_10152,INTERMEDIATE_1_2Y,133575,MIDCPNIFTY,33,0,1.1,0,False,-14693.09,2313.8,-17006.89,0.1361,14.9,31.6,10.1,NONE,True
SESS_2026090153,TRD_10153,INTERMEDIATE_1_2Y,282477,NIFTY,11,1,0.99,0,False,-31046.73,606.78,-31653.51,0.0192,16.5,18.7,15.5,NONE,True
SESS_2026090154,TRD_10154,INTERMEDIATE_1_2Y,184446,NIFTY,47,5,3.56,2,False,-53778.37,3168.34,-56946.71,0.0556,31.7,4.5,56.4,SL_DRAG_FRICTION_WARNING,True
SESS_2026090155,TRD_10155,NOVICE_UNDER_6M,55690,NIFTY,12,4,3.63,1,True,-14013.55,670.44,-14683.99,0.0457,56.9,4.0,53.4,SL_DRAG_FRICTION_WARNING,True
SESS_2026090156,TRD_10156,NOVICE_UNDER_6M,31961,MIDCPNIFTY,67,9,1.97,2,True,-6983.52,4137.19,-11120.71,0.372,38.3,3.6,66.1,SL_DRAG_FRICTION_WARNING,True
SESS_2026090157,TRD_10157,EXPERIENCED_3Y_PLUS,842825,BANKNIFTY,15,7,4.33,4,False,-95690.68,852.32,-96543.0,0.0088,59.5,5.2,74.9,SL_DRAG_FRICTION_WARNING,True
SESS_2026090158,TRD_10158,NOVICE_UNDER_6M,70537,NIFTY,34,11,3.09,3,False,-11208.25,2253.68,-13461.93,0.1674,62.9,6.0,68.1,SL_DRAG_FRICTION_WARNING,False
SESS_2026090159,TRD_10159,NOVICE_UNDER_6M,48433,NIFTY,36,9,2.51,4,False,-15835.93,2466.28,-18302.21,0.1348,35.1,4.7,64.8,SL_DRAG_FRICTION_WARNING,True
SESS_2026090160,TRD_10160,INTERMEDIATE_1_2Y,201475,BANKNIFTY,35,1,1.15,0,False,-20194.13,2068.4,-22262.53,0.0929,12.2,22.5,21.3,NONE,True
SESS_2026090161,TRD_10161,INTERMEDIATE_1_2Y,145844,NIFTY,40,0,0.94,0,False,16668.81,1986.26,14682.55,0.0,6.8,34.9,11.3,NONE,True
SESS_2026090162,TRD_10162,ALGO_SEMI_AUTOMATED,2454097,BANKNIFTY,33,0,1.13,0,False,388451.08,1886.92,386564.16,0.0,13.8,21.7,21.4,NONE,True
SESS_2026090163,TRD_10163,INTERMEDIATE_1_2Y,142441,BANKNIFTY,34,0,1.1,0,False,521.09,2225.93,-1704.84,0.8103,8.1,24.4,10.6,NONE,True
SESS_2026090164,TRD_10164,NOVICE_UNDER_6M,38276,NIFTY,10,4,3.63,2,True,-10393.6,546.16,-10939.76,0.0499,66.2,3.2,58.1,SL_DRAG_FRICTION_WARNING,True
SESS_2026090165,TRD_10165,NOVICE_UNDER_6M,59997,SENSEX,32,0,1.0,0,True,1972.26,2205.86,-233.6,0.528,13.1,22.3,17.8,0DTE_HERO_OR_ZERO_THETA_DECAY_WARNING,True
SESS_2026090166,TRD_10166,NOVICE_UNDER_6M,28145,NIFTY,32,7,3.86,1,False,-6185.65,1979.5,-8165.15,0.2424,36.7,6.6,58.4,SL_DRAG_FRICTION_WARNING,True
SESS_2026090167,TRD_10167,NOVICE_UNDER_6M,63879,NIFTY,68,5,2.91,3,True,-12635.3,4171.15,-16806.45,0.2482,61.8,2.9,61.5,SL_DRAG_FRICTION_WARNING,True
SESS_2026090168,TRD_10168,EXPERIENCED_3Y_PLUS,576820,BANKNIFTY,18,0,1.11,0,False,3095.71,968.1,2127.61,0.0,9.6,16.2,13.3,NONE,True
SESS_2026090169,TRD_10169,INTERMEDIATE_1_2Y,105058,NIFTY,26,5,3.17,2,True,-38315.64,1528.67,-39844.31,0.0384,37.7,3.7,63.0,SL_DRAG_FRICTION_WARNING,True
SESS_2026090170,TRD_10170,INTERMEDIATE_1_2Y,170999,BANKNIFTY,41,5,3.49,1,True,-34109.22,2181.54,-36290.76,0.0601,65.2,4.9,59.1,SL_DRAG_FRICTION_WARNING,True
SESS_2026090171,TRD_10171,NOVICE_UNDER_6M,66175,BANKNIFTY,24,7,3.79,3,False,-17137.74,1289.85,-18427.59,0.07,59.8,5.5,72.4,SL_DRAG_FRICTION_WARNING,True
SESS_2026090172,TRD_10172,NOVICE_UNDER_6M,40605,BANKNIFTY,34,0,1.0,0,False,5883.1,2015.1,3868.0,0.0,12.0,14.3,19.6,NONE,True
SESS_2026090173,TRD_10173,INTERMEDIATE_1_2Y,141622,NIFTY,25,0,1.12,0,True,6240.11,1377.12,4862.99,0.0,12.6,25.4,12.5,0DTE_HERO_OR_ZERO_THETA_DECAY_WARNING,True
SESS_2026090174,TRD_10174,NOVICE_UNDER_6M,38574,BANKNIFTY,38,6,4.43,2,False,-7061.74,2244.28,-9306.02,0.2412,49.4,5.6,65.2,SL_DRAG_FRICTION_WARNING,True
SESS_2026090175,TRD_10175,INTERMEDIATE_1_2Y,173114,SENSEX,18,0,1.06,0,False,-18069.48,866.76,-18936.24,0.0458,6.9,30.8,8.7,NONE,True
SESS_2026090176,TRD_10176,INTERMEDIATE_1_2Y,103733,NIFTY,32,4,2.79,2,True,-13176.72,2042.33,-15219.05,0.1342,56.9,6.7,56.8,SL_DRAG_FRICTION_WARNING,True
SESS_2026090177,TRD_10177,NOVICE_UNDER_6M,25008,BANKNIFTY,45,4,3.31,3,True,-3117.26,2726.34,-5843.6,0.4666,72.0,2.9,64.8,SL_DRAG_FRICTION_WARNING,True
SESS_2026090178,TRD_10178,NOVICE_UNDER_6M,51742,BANKNIFTY,26,8,2.39,5,True,-14688.24,1764.71,-16452.95,0.1073,37.2,5.5,77.7,MANDATORY_COOLOFF_15MIN_LOCKOUT,False
SESS_2026090179,TRD_10179,EXPERIENCED_3Y_PLUS,311161,BANKNIFTY,14,1,0.95,0,True,-4136.09,935.55,-5071.64,0.1845,8.1,23.5,22.9,0DTE_HERO_OR_ZERO_THETA_DECAY_WARNING,True
SESS_2026090180,TRD_10180,NOVICE_UNDER_6M,62729,BANKNIFTY,19,3,2.77,4,False,-23040.08,1334.07,-24374.15,0.0547,48.8,2.2,55.3,SL_DRAG_FRICTION_WARNING,True
SESS_2026090181,TRD_10181,INTERMEDIATE_1_2Y,279892,BANKNIFTY,22,0,1.13,0,False,-18618.07,1182.97,-19801.04,0.0597,10.8,13.8,10.7,NONE,True
SESS_2026090182,TRD_10182,EXPERIENCED_3Y_PLUS,1036368,NIFTY,13,0,1.03,0,False,-95340.96,856.58,-96197.54,0.0089,15.5,27.9,9.6,NONE,True
SESS_2026090183,TRD_10183,ALGO_SEMI_AUTOMATED,1137379,FINNIFTY,40,1,1.24,0,False,-11863.17,2139.01,-14002.18,0.1528,13.6,30.0,22.5,NONE,True
SESS_2026090184,TRD_10184,NOVICE_UNDER_6M,49363,NIFTY,30,6,3.1,3,True,-14462.66,1713.6,-16176.26,0.1059,37.3,2.4,64.6,SL_DRAG_FRICTION_WARNING,True
SESS_2026090185,TRD_10185,NOVICE_UNDER_6M,43260,NIFTY,19,1,1.02,0,False,-464.0,1164.96,-1628.96,0.7152,7.6,16.3,12.4,NONE,True
SESS_2026090186,TRD_10186,NOVICE_UNDER_6M,44739,BANKNIFTY,13,3,3.48,2,True,-16183.25,905.15,-17088.4,0.053,39.6,3.9,58.1,SL_DRAG_FRICTION_WARNING,True
SESS_2026090187,TRD_10187,NOVICE_UNDER_6M,35949,NIFTY,30,5,3.29,1,True,-13152.89,1621.22,-14774.11,0.1097,46.1,4.4,47.6,SL_DRAG_FRICTION_WARNING,True
SESS_2026090188,TRD_10188,EXPERIENCED_3Y_PLUS,801819,NIFTY,17,0,0.97,0,True,-17912.0,1167.78,-19079.78,0.0612,10.7,31.4,12.6,0DTE_HERO_OR_ZERO_THETA_DECAY_WARNING,False
SESS_2026090189,TRD_10189,EXPERIENCED_3Y_PLUS,826463,NIFTY,17,0,1.05,0,False,39437.9,1074.22,38363.68,0.0,10.8,19.3,13.0,NONE,True
SESS_2026090190,TRD_10190,NOVICE_UNDER_6M,71772,BANKNIFTY,48,4,3.89,2,False,-23063.24,3188.3,-26251.54,0.1215,35.0,7.0,64.8,SL_DRAG_FRICTION_WARNING,False
SESS_2026090191,TRD_10191,INTERMEDIATE_1_2Y,116352,SENSEX,39,0,1.15,0,False,2843.3,2098.53,744.77,0.0,10.9,23.5,18.7,NONE,True
SESS_2026090192,TRD_10192,INTERMEDIATE_1_2Y,196532,SENSEX,35,0,1.04,0,False,21410.53,2410.49,19000.04,0.0,13.0,24.3,15.2,NONE,True
SESS_2026090193,TRD_10193,NOVICE_UNDER_6M,71857,NIFTY,44,0,0.97,0,False,1445.39,2706.76,-1261.37,0.6519,14.0,15.8,18.3,NONE,True
SESS_2026090194,TRD_10194,INTERMEDIATE_1_2Y,193498,SENSEX,33,0,1.24,0,False,56.28,1994.89,-1938.61,0.9726,6.1,18.0,12.9,NONE,True
SESS_2026090195,TRD_10195,ALGO_SEMI_AUTOMATED,1420760,BANKNIFTY,65,0,1.02,0,True,184330.91,3301.07,181029.84,0.0,7.3,21.6,24.9,0DTE_HERO_OR_ZERO_THETA_DECAY_WARNING,False
SESS_2026090196,TRD_10196,NOVICE_UNDER_6M,34577,SENSEX,28,4,3.27,2,True,-9812.76,1888.44,-11701.2,0.1614,59.8,3.6,60.0,SL_DRAG_FRICTION_WARNING,True
SESS_2026090197,TRD_10197,NOVICE_UNDER_6M,53961,FINNIFTY,22,0,1.06,0,False,-454.69,1477.22,-1931.91,0.7646,10.0,21.8,17.4,NONE,True
SESS_2026090198,TRD_10198,EXPERIENCED_3Y_PLUS,806233,BANKNIFTY,10,1,0.93,0,False,-16805.8,649.14,-17454.94,0.0372,8.4,25.6,13.1,NONE,True
SESS_2026090199,TRD_10199,INTERMEDIATE_1_2Y,235118,SENSEX,13,9,2.72,2,True,-53997.16,823.4,-54820.56,0.015,38.1,6.3,65.4,SL_DRAG_FRICTION_WARNING,True
SESS_2026090200,TRD_10200,NOVICE_UNDER_6M,51429,FINNIFTY,38,8,3.52,4,True,-18601.78,1946.16,-20547.94,0.0947,39.9,5.1,81.3,MANDATORY_COOLOFF_15MIN_LOCKOUT,True
SESS_2026090201,TRD_10201,INTERMEDIATE_1_2Y,204559,SENSEX,28,0,1.07,0,False,21878.88,1969.43,19909.45,0.0,11.8,24.4,16.5,NONE,True
SESS_2026090202,TRD_10202,NOVICE_UNDER_6M,36119,SENSEX,22,4,4.05,3,False,-11414.17,1258.72,-12672.89,0.0993,72.6,4.4,54.1,SL_DRAG_FRICTION_WARNING,True
SESS_2026090203,TRD_10203,NOVICE_UNDER_6M,47329,NIFTY,44,4,3.42,3,True,-13585.07,2936.46,-16521.53,0.1777,26.6,3.1,63.0,SL_DRAG_FRICTION_WARNING,True
SESS_2026090204,TRD_10204,EXPERIENCED_3Y_PLUS,956227,NIFTY,15,0,1.0,0,False,50969.85,993.6,49976.25,0.0,17.9,24.5,8.5,NONE,True
SESS_2026090205,TRD_10205,NOVICE_UNDER_6M,45255,FINNIFTY,46,0,1.01,0,False,3168.69,2692.73,475.96,0.0,11.4,20.0,19.5,NONE,True
SESS_2026090206,TRD_10206,ALGO_SEMI_AUTOMATED,2835104,BANKNIFTY,95,0,1.17,0,False,172477.74,6414.85,166062.89,0.0,11.1,26.2,24.7,NONE,True
SESS_2026090207,TRD_10207,INTERMEDIATE_1_2Y,170354,BANKNIFTY,31,10,2.94,3,False,-27615.36,1588.88,-29204.24,0.0544,50.7,6.5,64.1,SL_DRAG_FRICTION_WARNING,True
SESS_2026090208,TRD_10208,NOVICE_UNDER_6M,44847,NIFTY,16,7,3.69,1,True,-6867.95,918.8,-7786.75,0.118,41.1,3.2,60.4,SL_DRAG_FRICTION_WARNING,True
SESS_2026090209,TRD_10209,INTERMEDIATE_1_2Y,142363,SENSEX,14,0,1.03,0,False,-1382.42,835.98,-2218.4,0.3768,14.3,32.2,14.6,NONE,True
SESS_2026090210,TRD_10210,INTERMEDIATE_1_2Y,180161,SENSEX,43,0,1.12,0,False,-17633.48,2615.53,-20249.01,0.1292,14.0,20.2,19.3,NONE,True
SESS_2026090211,TRD_10211,NOVICE_UNDER_6M,37826,BANKNIFTY,26,0,1.07,0,True,3647.14,1723.65,1923.49,0.0,16.2,30.1,22.6,0DTE_HERO_OR_ZERO_THETA_DECAY_WARNING,True
SESS_2026090212,TRD_10212,NOVICE_UNDER_6M,51981,BANKNIFTY,52,9,2.64,2,False,-6678.92,3596.92,-10275.84,0.35,46.4,7.0,61.7,SL_DRAG_FRICTION_WARNING,False
SESS_2026090213,TRD_10213,NOVICE_UNDER_6M,31832,SENSEX,30,7,3.58,1,True,-7998.78,1505.66,-9504.44,0.1584,61.3,5.8,66.8,SL_DRAG_FRICTION_WARNING,True
SESS_2026090214,TRD_10214,NOVICE_UNDER_6M,37892,NIFTY,18,1,0.92,0,False,-578.31,921.1,-1499.41,0.6143,15.8,34.7,16.5,NONE,True
SESS_2026090215,TRD_10215,NOVICE_UNDER_6M,56221,SENSEX,19,9,2.58,3,False,-18854.24,1153.91,-20008.15,0.0577,31.7,7.0,61.8,SL_DRAG_FRICTION_WARNING,True
SESS_2026090216,TRD_10216,INTERMEDIATE_1_2Y,194601,NIFTY,26,0,1.2,0,False,18951.66,1335.37,17616.29,0.0,11.3,17.0,19.0,NONE,True
SESS_2026090217,TRD_10217,NOVICE_UNDER_6M,42963,BANKNIFTY,32,0,1.01,0,True,819.25,2134.25,-1315.0,0.7226,12.6,25.8,24.0,0DTE_HERO_OR_ZERO_THETA_DECAY_WARNING,False
SESS_2026090218,TRD_10218,NOVICE_UNDER_6M,62127,SENSEX,42,6,3.32,3,True,-6555.57,2514.85,-9070.42,0.2773,27.7,6.5,71.9,SL_DRAG_FRICTION_WARNING,True
SESS_2026090219,TRD_10219,INTERMEDIATE_1_2Y,169588,NIFTY,53,0,0.97,0,False,5993.64,3514.19,2479.45,0.0,12.8,20.4,22.7,NONE,True
SESS_2026090220,TRD_10220,NOVICE_UNDER_6M,70219,MIDCPNIFTY,48,3,2.88,1,True,-14670.51,2881.21,-17551.72,0.1642,64.5,4.5,45.0,SL_DRAG_FRICTION_WARNING,True
SESS_2026090221,TRD_10221,NOVICE_UNDER_6M,48803,NIFTY,40,5,3.32,2,False,-10136.18,2721.15,-12857.33,0.2116,51.8,4.0,58.5,SL_DRAG_FRICTION_WARNING,True
SESS_2026090222,TRD_10222,EXPERIENCED_3Y_PLUS,360576,FINNIFTY,20,0,0.95,0,True,6967.45,1108.46,5858.99,0.0,11.2,22.4,16.4,0DTE_HERO_OR_ZERO_THETA_DECAY_WARNING,True
SESS_2026090223,TRD_10223,ALGO_SEMI_AUTOMATED,1853506,SENSEX,88,0,1.06,0,False,-141251.18,5873.73,-147124.91,0.0399,14.6,15.8,16.7,NONE,True
SESS_2026090224,TRD_10224,NOVICE_UNDER_6M,40078,NIFTY,56,0,1.02,0,False,5587.71,3531.4,2056.31,0.0,12.3,18.0,17.0,NONE,True
SESS_2026090225,TRD_10225,INTERMEDIATE_1_2Y,84120,BANKNIFTY,43,4,3.86,4,True,-36560.9,2950.17,-39511.07,0.0747,30.8,5.7,72.9,SL_DRAG_FRICTION_WARNING,True
SESS_2026090226,TRD_10226,NOVICE_UNDER_6M,28304,FINNIFTY,30,0,1.21,0,False,1391.75,1741.95,-350.2,0.5559,12.6,33.0,14.4,NONE,True
SESS_2026090227,TRD_10227,NOVICE_UNDER_6M,55763,BANKNIFTY,27,5,3.31,4,True,-5904.2,1340.66,-7244.86,0.185,65.2,6.9,70.7,SL_DRAG_FRICTION_WARNING,True
SESS_2026090228,TRD_10228,NOVICE_UNDER_6M,40578,BANKNIFTY,52,6,1.99,2,True,-9876.91,3234.43,-13111.34,0.2467,40.2,5.1,50.9,SL_DRAG_FRICTION_WARNING,True
SESS_2026090229,TRD_10229,NOVICE_UNDER_6M,65540,NIFTY,47,2,3.16,2,True,-7060.57,2257.65,-9318.22,0.2423,67.0,6.4,54.1,MARTINGALE_LOT_SIZE_OVERRIDE_ALERT,True
SESS_2026090230,TRD_10230,NOVICE_UNDER_6M,62193,BANKNIFTY,45,6,2.83,2,True,-22233.26,3154.98,-25388.24,0.1243,74.8,5.6,64.4,SL_DRAG_FRICTION_WARNING,True
SESS_2026090231,TRD_10231,INTERMEDIATE_1_2Y,141918,BANKNIFTY,52,3,2.57,4,True,-14096.3,2791.49,-16887.79,0.1653,53.4,4.2,60.9,SL_DRAG_FRICTION_WARNING,True
SESS_2026090232,TRD_10232,ALGO_SEMI_AUTOMATED,1244306,NIFTY,97,0,1.01,0,False,74016.03,6017.2,67998.83,0.0,6.9,16.7,23.2,NONE,True
SESS_2026090233,TRD_10233,NOVICE_UNDER_6M,46514,SENSEX,31,10,2.76,2,True,-9121.88,2102.83,-11224.71,0.1873,31.0,2.8,68.8,SL_DRAG_FRICTION_WARNING,True
SESS_2026090234,TRD_10234,NOVICE_UNDER_6M,27777,MIDCPNIFTY,52,3,2.85,2,True,-2088.25,2534.79,-4623.04,0.5483,58.9,3.3,52.3,SL_DRAG_FRICTION_WARNING,True
SESS_2026090235,TRD_10235,NOVICE_UNDER_6M,39359,MIDCPNIFTY,33,0,0.97,0,True,-2275.15,1901.26,-4176.41,0.4552,15.4,17.1,22.2,0DTE_HERO_OR_ZERO_THETA_DECAY_WARNING,False
SESS_2026090236,TRD_10236,NOVICE_UNDER_6M,68550,SENSEX,18,0,0.93,0,True,-5187.08,1254.99,-6442.07,0.1948,16.8,22.2,17.5,0DTE_HERO_OR_ZERO_THETA_DECAY_WARNING,True
SESS_2026090237,TRD_10237,INTERMEDIATE_1_2Y,157149,MIDCPNIFTY,18,1,1.05,0,False,16061.56,982.79,15078.77,0.0,11.1,20.1,11.6,NONE,True
SESS_2026090238,TRD_10238,NOVICE_UNDER_6M,45891,BANKNIFTY,22,0,1.09,0,False,-4068.45,1258.23,-5326.68,0.2362,16.6,23.0,8.7,NONE,True
SESS_2026090239,TRD_10239,ALGO_SEMI_AUTOMATED,2044694,BANKNIFTY,56,0,1.26,0,False,-9039.86,3914.64,-12954.5,0.3022,10.3,24.5,25.3,NONE,True
SESS_2026090240,TRD_10240,INTERMEDIATE_1_2Y,164703,BANKNIFTY,24,5,2.79,4,False,-37766.67,1593.7,-39360.37,0.0405,27.9,7.0,67.5,SL_DRAG_FRICTION_WARNING,True
SESS_2026090241,TRD_10241,INTERMEDIATE_1_2Y,196128,BANKNIFTY,21,0,1.13,0,False,-4101.72,1479.34,-5581.06,0.2651,12.9,34.6,13.1,NONE,True
SESS_2026090242,TRD_10242,INTERMEDIATE_1_2Y,325842,FINNIFTY,18,5,3.77,2,True,-72165.68,925.39,-73091.07,0.0127,60.2,3.8,64.7,SL_DRAG_FRICTION_WARNING,False
SESS_2026090243,TRD_10243,NOVICE_UNDER_6M,72114,NIFTY,37,3,2.3,3,True,-15287.02,2492.12,-17779.14,0.1402,48.9,3.7,50.7,SL_DRAG_FRICTION_WARNING,True
SESS_2026090244,TRD_10244,ALGO_SEMI_AUTOMATED,1057274,SENSEX,97,0,0.93,0,False,83885.03,6659.64,77225.39,0.0,17.0,29.8,24.8,NONE,True
SESS_2026090245,TRD_10245,INTERMEDIATE_1_2Y,286696,BANKNIFTY,24,5,2.58,1,False,-58615.87,1252.34,-59868.21,0.0209,64.6,6.8,40.7,SL_DRAG_FRICTION_WARNING,False
SESS_2026090246,TRD_10246,NOVICE_UNDER_6M,54632,NIFTY,60,0,1.1,0,False,-2053.91,3135.9,-5189.81,0.6042,10.5,28.9,28.1,NONE,True
SESS_2026090247,TRD_10247,INTERMEDIATE_1_2Y,178318,NIFTY,42,0,0.99,0,False,4597.32,2120.94,2476.38,0.0,15.7,26.1,17.5,NONE,True
SESS_2026090248,TRD_10248,INTERMEDIATE_1_2Y,163550,NIFTY,22,5,3.0,3,False,-30367.66,1233.28,-31600.94,0.039,66.1,5.4,56.4,SL_DRAG_FRICTION_WARNING,True
SESS_2026090249,TRD_10249,ALGO_SEMI_AUTOMATED,1290369,MIDCPNIFTY,96,0,1.03,0,False,-3756.81,5480.55,-9237.36,0.5933,17.6,32.3,22.4,NONE,True
SESS_2026090250,TRD_10250,INTERMEDIATE_1_2Y,173013,BANKNIFTY,15,0,0.98,0,True,-5721.3,1062.6,-6783.9,0.1566,16.1,18.8,17.5,0DTE_HERO_OR_ZERO_THETA_DECAY_WARNING,True
SESS_2026090251,TRD_10251,NOVICE_UNDER_6M,56275,SENSEX,37,0,1.02,0,False,-772.85,2356.43,-3129.28,0.753,16.7,28.2,17.4,NONE,True
SESS_2026090252,TRD_10252,INTERMEDIATE_1_2Y,185394,NIFTY,25,5,4.62,2,True,-37434.55,1378.44,-38812.99,0.0355,71.3,4.7,69.0,SL_DRAG_FRICTION_WARNING,True
SESS_2026090253,TRD_10253,EXPERIENCED_3Y_PLUS,686509,SENSEX,6,3,3.99,3,True,-142006.82,428.7,-142435.52,0.003,29.8,3.0,58.9,SL_DRAG_FRICTION_WARNING,True
SESS_2026090254,TRD_10254,EXPERIENCED_3Y_PLUS,412246,BANKNIFTY,22,0,0.96,0,False,-9940.82,1291.37,-11232.19,0.115,8.2,32.4,11.9,NONE,True
SESS_2026090255,TRD_10255,INTERMEDIATE_1_2Y,118928,BANKNIFTY,21,7,3.62,1,True,-25810.79,1287.02,-27097.81,0.0475,52.1,6.9,62.0,SL_DRAG_FRICTION_WARNING,False
SESS_2026090256,TRD_10256,EXPERIENCED_3Y_PLUS,1014126,SENSEX,14,1,1.07,0,False,82972.38,683.67,82288.71,0.0,9.6,21.1,9.7,NONE,True
SESS_2026090257,TRD_10257,NOVICE_UNDER_6M,50001,NIFTY,67,10,3.22,4,True,-19367.42,3342.02,-22709.44,0.1472,35.6,3.0,85.7,MANDATORY_COOLOFF_15MIN_LOCKOUT,False
SESS_2026090258,TRD_10258,NOVICE_UNDER_6M,37403,SENSEX,51,6,3.0,3,False,-8402.06,3496.51,-11898.57,0.2939,29.4,4.8,56.0,SL_DRAG_FRICTION_WARNING,True
SESS_2026090259,TRD_10259,ALGO_SEMI_AUTOMATED,1838903,NIFTY,79,0,1.03,0,True,214946.04,5545.66,209400.38,0.0,13.1,29.4,26.2,0DTE_HERO_OR_ZERO_THETA_DECAY_WARNING,True
SESS_2026090260,TRD_10260,INTERMEDIATE_1_2Y,96052,NIFTY,21,0,1.18,0,False,-623.48,1094.79,-1718.27,0.6371,13.9,25.2,9.5,NONE,True
SESS_2026090261,TRD_10261,ALGO_SEMI_AUTOMATED,1801525,SENSEX,66,0,1.11,0,True,-42510.67,3703.18,-46213.85,0.0801,11.7,18.2,30.6,0DTE_HERO_OR_ZERO_THETA_DECAY_WARNING,False
SESS_2026090262,TRD_10262,EXPERIENCED_3Y_PLUS,553550,BANKNIFTY,24,0,1.24,0,False,32037.96,1336.82,30701.14,0.0,9.6,29.1,14.0,NONE,True
SESS_2026090263,TRD_10263,NOVICE_UNDER_6M,31572,NIFTY,33,1,1.12,0,False,35.88,1709.91,-1674.03,0.9794,16.4,30.9,13.9,NONE,True
SESS_2026090264,TRD_10264,NOVICE_UNDER_6M,41602,SENSEX,35,8,4.17,1,True,-12418.08,2063.42,-14481.5,0.1425,66.6,6.2,72.7,SL_DRAG_FRICTION_WARNING,True
SESS_2026090265,TRD_10265,EXPERIENCED_3Y_PLUS,1020999,MIDCPNIFTY,15,0,1.1,0,False,131662.3,890.85,130771.45,0.0,11.9,22.3,8.8,NONE,True
SESS_2026090266,TRD_10266,ALGO_SEMI_AUTOMATED,1579085,BANKNIFTY,63,0,1.13,0,False,-104853.44,3889.25,-108742.69,0.0358,9.4,20.9,29.6,NONE,True
SESS_2026090267,TRD_10267,INTERMEDIATE_1_2Y,194016,FINNIFTY,34,5,2.1,3,False,-39744.31,2122.53,-41866.84,0.0507,25.4,6.6,49.2,SL_DRAG_FRICTION_WARNING,True
SESS_2026090268,TRD_10268,EXPERIENCED_3Y_PLUS,514153,NIFTY,23,0,1.04,0,False,-3913.28,1477.81,-5391.09,0.2741,10.2,17.8,14.6,NONE,True
SESS_2026090269,TRD_10269,INTERMEDIATE_1_2Y,96352,NIFTY,28,0,1.07,0,False,-476.62,1569.98,-2046.6,0.7671,9.4,27.7,11.3,NONE,True
SESS_2026090270,TRD_10270,ALGO_SEMI_AUTOMATED,1195590,BANKNIFTY,61,0,0.99,0,False,99183.53,4113.88,95069.65,0.0,8.9,13.3,19.4,NONE,True
SESS_2026090271,TRD_10271,NOVICE_UNDER_6M,34487,BANKNIFTY,13,4,4.27,2,False,-5581.81,731.07,-6312.88,0.1158,54.2,7.0,54.9,SL_DRAG_FRICTION_WARNING,True
SESS_2026090272,TRD_10272,INTERMEDIATE_1_2Y,202880,NIFTY,32,0,1.06,0,False,-12547.78,1610.96,-14158.74,0.1138,16.1,32.2,17.3,NONE,True
SESS_2026090273,TRD_10273,NOVICE_UNDER_6M,59938,BANKNIFTY,47,7,3.03,1,True,-10191.92,2629.73,-12821.65,0.2051,62.2,3.5,62.4,SL_DRAG_FRICTION_WARNING,True
SESS_2026090274,TRD_10274,INTERMEDIATE_1_2Y,129295,SENSEX,42,0,1.05,0,False,497.11,2432.41,-1935.3,0.8303,7.4,27.7,19.2,NONE,True
SESS_2026090275,TRD_10275,INTERMEDIATE_1_2Y,327021,SENSEX,23,1,0.98,0,False,-9988.44,1648.63,-11637.07,0.1417,8.2,13.9,13.7,NONE,True
SESS_2026090276,TRD_10276,INTERMEDIATE_1_2Y,132343,BANKNIFTY,13,0,1.13,0,False,7289.76,651.47,6638.29,0.0,15.2,23.3,7.4,NONE,True
SESS_2026090277,TRD_10277,EXPERIENCED_3Y_PLUS,619324,BANKNIFTY,29,0,1.06,0,False,33021.8,1761.6,31260.2,0.0,17.4,32.5,11.4,NONE,True
SESS_2026090278,TRD_10278,NOVICE_UNDER_6M,25184,NIFTY,10,0,1.11,0,False,383.66,520.08,-136.42,0.5755,7.5,20.8,11.6,NONE,True
SESS_2026090279,TRD_10279,INTERMEDIATE_1_2Y,128792,BANKNIFTY,36,0,1.04,0,False,-442.33,2376.1,-2818.43,0.8431,7.6,34.9,13.6,NONE,True
SESS_2026090280,TRD_10280,INTERMEDIATE_1_2Y,108843,NIFTY,46,0,1.0,0,False,1680.44,2394.56,-714.12,0.5876,7.6,28.9,15.1,NONE,True
SESS_2026090281,TRD_10281,NOVICE_UNDER_6M,27486,NIFTY,55,6,2.27,5,True,-5366.59,3190.14,-8556.73,0.3728,57.7,2.1,73.4,SL_DRAG_FRICTION_WARNING,True
SESS_2026090282,TRD_10282,NOVICE_UNDER_6M,49166,BANKNIFTY,34,7,3.54,2,True,-10509.65,1743.93,-12253.58,0.1423,58.1,3.3,66.6,SL_DRAG_FRICTION_WARNING,True
SESS_2026090283,TRD_10283,NOVICE_UNDER_6M,33289,BANKNIFTY,20,4,2.75,2,True,-9492.68,978.91,-10471.59,0.0935,35.1,5.5,47.8,SL_DRAG_FRICTION_WARNING,True
SESS_2026090284,TRD_10284,EXPERIENCED_3Y_PLUS,484606,NIFTY,27,0,0.92,0,True,-1321.49,1911.24,-3232.73,0.5912,7.3,25.2,18.4,0DTE_HERO_OR_ZERO_THETA_DECAY_WARNING,False
SESS_2026090285,TRD_10285,INTERMEDIATE_1_2Y,268943,SENSEX,32,0,1.0,0,True,21851.59,1812.64,20038.95,0.0,15.8,32.1,18.6,0DTE_HERO_OR_ZERO_THETA_DECAY_WARNING,False
SESS_2026090286,TRD_10286,NOVICE_UNDER_6M,45280,BANKNIFTY,20,0,0.92,0,True,4372.52,1418.44,2954.08,0.0,13.8,19.6,15.8,0DTE_HERO_OR_ZERO_THETA_DECAY_WARNING,True
SESS_2026090287,TRD_10287,EXPERIENCED_3Y_PLUS,575629,FINNIFTY,8,1,1.0,0,False,15981.14,537.01,15444.13,0.0,16.2,30.4,17.2,NONE,True
SESS_2026090288,TRD_10288,NOVICE_UNDER_6M,33022,FINNIFTY,44,9,2.65,2,True,-10595.59,2513.02,-13108.61,0.1917,65.1,5.4,66.5,SL_DRAG_FRICTION_WARNING,True
SESS_2026090289,TRD_10289,INTERMEDIATE_1_2Y,244449,NIFTY,52,9,2.51,2,True,-46869.91,3342.06,-50211.97,0.0666,38.1,3.6,68.7,SL_DRAG_FRICTION_WARNING,True
SESS_2026090290,TRD_10290,INTERMEDIATE_1_2Y,179087,MIDCPNIFTY,30,0,1.06,0,False,8181.29,1786.99,6394.3,0.0,13.4,22.0,12.3,NONE,True
SESS_2026090291,TRD_10291,INTERMEDIATE_1_2Y,105872,NIFTY,41,0,0.92,0,False,-255.58,2130.76,-2386.34,0.8929,12.1,22.8,12.4,NONE,True
SESS_2026090292,TRD_10292,INTERMEDIATE_1_2Y,219036,NIFTY,22,4,3.31,3,True,-54287.66,1358.56,-55646.22,0.0244,65.9,2.4,62.2,SL_DRAG_FRICTION_WARNING,True
SESS_2026090293,TRD_10293,NOVICE_UNDER_6M,73628,NIFTY,46,5,2.2,2,False,-15240.62,3190.68,-18431.3,0.1731,64.6,6.8,51.6,SL_DRAG_FRICTION_WARNING,True
SESS_2026090294,TRD_10294,NOVICE_UNDER_6M,53067,NIFTY,33,8,3.97,4,True,-10019.4,1871.73,-11891.13,0.1574,63.4,5.0,79.5,MANDATORY_COOLOFF_15MIN_LOCKOUT,False
SESS_2026090295,TRD_10295,NOVICE_UNDER_6M,21815,BANKNIFTY,29,0,1.07,0,False,-66.11,1964.0,-2030.11,0.9674,7.3,32.6,15.2,NONE,True
SESS_2026090296,TRD_10296,NOVICE_UNDER_6M,56746,NIFTY,31,4,2.54,4,True,-15530.06,2051.32,-17581.38,0.1167,66.2,3.0,65.3,SL_DRAG_FRICTION_WARNING,True
SESS_2026090297,TRD_10297,EXPERIENCED_3Y_PLUS,419215,BANKNIFTY,26,0,1.23,0,True,-5651.02,1613.12,-7264.14,0.2221,14.8,24.7,21.5,0DTE_HERO_OR_ZERO_THETA_DECAY_WARNING,False
SESS_2026090298,TRD_10298,INTERMEDIATE_1_2Y,227096,NIFTY,46,0,1.12,0,True,20895.32,2764.54,18130.78,0.0,10.6,25.8,17.0,0DTE_HERO_OR_ZERO_THETA_DECAY_WARNING,False
SESS_2026090299,TRD_10299,NOVICE_UNDER_6M,57661,NIFTY,27,0,1.04,0,True,2949.02,1489.7,1459.32,0.0,11.0,28.1,25.5,0DTE_HERO_OR_ZERO_THETA_DECAY_WARNING,False
SESS_2026090300,TRD_10300,NOVICE_UNDER_6M,62896,NIFTY,44,0,0.99,0,False,2072.5,3148.29,-1075.79,0.603,9.5,19.9,12.7,NONE,True
SESS_2026090301,TRD_10301,NOVICE_UNDER_6M,47722,NIFTY,43,3,3.06,2,True,-8634.75,2932.31,-11567.06,0.2535,58.4,4.1,47.5,SL_DRAG_FRICTION_WARNING,True
SESS_2026090302,TRD_10302,NOVICE_UNDER_6M,62092,BANKNIFTY,50,2,2.61,3,True,-17858.64,2700.67,-20559.31,0.1314,62.5,2.8,58.6,MARTINGALE_LOT_SIZE_OVERRIDE_ALERT,True
SESS_2026090303,TRD_10303,NOVICE_UNDER_6M,57252,NIFTY,14,0,1.09,0,False,1568.08,802.67,765.41,0.0,12.7,17.2,6.6,NONE,True
SESS_2026090304,TRD_10304,INTERMEDIATE_1_2Y,166298,BANKNIFTY,39,0,1.21,0,False,-5685.08,2388.79,-8073.87,0.2959,17.5,34.4,20.9,NONE,True
SESS_2026090305,TRD_10305,NOVICE_UNDER_6M,51771,SENSEX,48,0,1.2,0,False,363.23,2999.1,-2635.87,0.892,13.8,29.4,20.6,NONE,True
SESS_2026090306,TRD_10306,INTERMEDIATE_1_2Y,225718,NIFTY,51,4,3.65,1,True,-56756.44,3129.28,-59885.72,0.0523,50.7,3.9,61.5,SL_DRAG_FRICTION_WARNING,True
SESS_2026090307,TRD_10307,EXPERIENCED_3Y_PLUS,567118,FINNIFTY,20,4,3.0,1,False,-134724.64,1234.88,-135959.52,0.0091,55.8,5.3,44.4,SL_DRAG_FRICTION_WARNING,True
SESS_2026090308,TRD_10308,NOVICE_UNDER_6M,58703,NIFTY,28,4,2.35,2,True,-18042.12,1487.37,-19529.49,0.0762,51.9,2.5,46.8,SL_DRAG_FRICTION_WARNING,True
SESS_2026090309,TRD_10309,EXPERIENCED_3Y_PLUS,932948,BANKNIFTY,16,0,0.97,0,False,99551.74,861.63,98690.11,0.0,8.9,26.8,13.7,NONE,True
SESS_2026090310,TRD_10310,NOVICE_UNDER_6M,27734,NIFTY,56,8,2.51,2,False,-4851.38,3379.23,-8230.61,0.4106,26.2,4.6,57.5,SL_DRAG_FRICTION_WARNING,True
SESS_2026090311,TRD_10311,NOVICE_UNDER_6M,52948,BANKNIFTY,28,3,4.6,3,True,-11051.47,1487.25,-12538.72,0.1186,56.3,3.1,66.5,SL_DRAG_FRICTION_WARNING,True
SESS_2026090312,TRD_10312,INTERMEDIATE_1_2Y,243514,NIFTY,19,1,1.09,0,False,-2172.38,1063.26,-3235.64,0.3286,15.0,15.5,15.9,NONE,True
SESS_2026090313,TRD_10313,INTERMEDIATE_1_2Y,230839,BANKNIFTY,29,0,1.2,0,False,-7731.63,1663.09,-9394.72,0.177,11.4,21.3,16.3,NONE,True
SESS_2026090314,TRD_10314,NOVICE_UNDER_6M,33321,NIFTY,10,0,1.13,0,False,3701.57,505.47,3196.1,0.0,14.4,13.7,11.1,NONE,True
SESS_2026090315,TRD_10315,INTERMEDIATE_1_2Y,92621,SENSEX,38,1,1.15,0,True,4697.41,2550.65,2146.76,0.0,7.9,17.1,22.2,0DTE_HERO_OR_ZERO_THETA_DECAY_WARNING,False
SESS_2026090316,TRD_10316,INTERMEDIATE_1_2Y,129440,BANKNIFTY,32,9,4.55,4,True,-18416.9,1644.58,-20061.48,0.082,72.9,2.1,91.8,MANDATORY_COOLOFF_15MIN_LOCKOUT,True
SESS_2026090317,TRD_10317,NOVICE_UNDER_6M,49174,BANKNIFTY,18,7,3.74,2,False,-15730.51,1130.49,-16861.0,0.067,67.6,2.7,59.4,SL_DRAG_FRICTION_WARNING,True
SESS_2026090318,TRD_10318,INTERMEDIATE_1_2Y,99061,NIFTY,34,0,1.17,0,False,752.76,1869.17,-1116.41,0.7129,17.9,22.6,18.1,NONE,True
SESS_2026090319,TRD_10319,NOVICE_UNDER_6M,55994,NIFTY,34,3,3.59,1,True,-13796.03,2134.94,-15930.97,0.134,70.0,3.6,51.8,SL_DRAG_FRICTION_WARNING,True
SESS_2026090320,TRD_10320,NOVICE_UNDER_6M,50449,NIFTY,38,5,3.19,1,True,-12596.7,2590.18,-15186.88,0.1706,36.1,5.7,58.1,SL_DRAG_FRICTION_WARNING,False
SESS_2026090321,TRD_10321,NOVICE_UNDER_6M,46414,NIFTY,30,6,2.69,3,False,-10554.32,1629.53,-12183.85,0.1337,67.9,2.7,60.6,SL_DRAG_FRICTION_WARNING,False
SESS_2026090322,TRD_10322,NOVICE_UNDER_6M,30709,SENSEX,18,6,2.17,3,True,-6901.23,1098.78,-8000.01,0.1373,54.5,6.5,58.6,SL_DRAG_FRICTION_WARNING,True
SESS_2026090323,TRD_10323,INTERMEDIATE_1_2Y,140814,BANKNIFTY,19,0,0.97,0,False,-18120.47,1020.93,-19141.4,0.0533,7.1,20.4,11.5,NONE,True
SESS_2026090324,TRD_10324,INTERMEDIATE_1_2Y,300160,BANKNIFTY,53,0,1.04,0,False,40177.62,3480.09,36697.53,0.0,17.4,27.2,17.2,NONE,True
SESS_2026090325,TRD_10325,NOVICE_UNDER_6M,38117,BANKNIFTY,34,5,2.24,2,False,-9357.08,1669.89,-11026.97,0.1514,43.1,4.3,47.0,SL_DRAG_FRICTION_WARNING,False
SESS_2026090326,TRD_10326,INTERMEDIATE_1_2Y,134039,BANKNIFTY,35,0,1.16,0,False,3862.1,1986.85,1875.25,0.0,12.5,16.0,13.1,NONE,True
SESS_2026090327,TRD_10327,NOVICE_UNDER_6M,48140,NIFTY,30,1,1.02,0,False,884.66,1801.32,-916.66,0.6706,11.8,23.1,11.7,NONE,True
SESS_2026090328,TRD_10328,NOVICE_UNDER_6M,34437,NIFTY,22,7,2.77,1,True,-10483.51,1484.3,-11967.81,0.124,60.9,2.6,51.6,SL_DRAG_FRICTION_WARNING,True
SESS_2026090329,TRD_10329,INTERMEDIATE_1_2Y,116519,BANKNIFTY,17,0,1.0,0,True,76.01,1179.45,-1103.44,0.9395,13.1,15.1,12.3,0DTE_HERO_OR_ZERO_THETA_DECAY_WARNING,True
SESS_2026090330,TRD_10330,NOVICE_UNDER_6M,35795,MIDCPNIFTY,59,5,4.58,3,False,-3933.49,3138.7,-7072.19,0.4438,61.4,6.1,71.2,SL_DRAG_FRICTION_WARNING,True
SESS_2026090331,TRD_10331,INTERMEDIATE_1_2Y,117872,NIFTY,25,6,3.84,3,True,-14458.66,1557.92,-16016.58,0.0973,33.4,5.4,65.7,SL_DRAG_FRICTION_WARNING,True
SESS_2026090332,TRD_10332,NOVICE_UNDER_6M,43818,NIFTY,21,6,4.28,3,False,-5775.05,1310.31,-7085.36,0.1849,55.3,2.9,68.3,SL_DRAG_FRICTION_WARNING,True
SESS_2026090333,TRD_10333,NOVICE_UNDER_6M,31823,NIFTY,42,0,1.19,0,False,-762.09,2059.79,-2821.88,0.7299,13.8,24.0,15.8,NONE,True
SESS_2026090334,TRD_10334,NOVICE_UNDER_6M,48577,NIFTY,25,1,1.02,0,False,618.85,1455.29,-836.44,0.7016,16.9,31.3,15.7,NONE,True
SESS_2026090335,TRD_10335,NOVICE_UNDER_6M,66258,SENSEX,18,1,1.0,0,True,164.51,1088.54,-924.03,0.8687,14.9,12.2,25.0,0DTE_HERO_OR_ZERO_THETA_DECAY_WARNING,True
SESS_2026090336,TRD_10336,NOVICE_UNDER_6M,37553,BANKNIFTY,50,3,3.18,3,True,-7978.38,3590.16,-11568.54,0.3103,51.8,4.8,60.4,SL_DRAG_FRICTION_WARNING,True
SESS_2026090337,TRD_10337,NOVICE_UNDER_6M,49518,MIDCPNIFTY,23,1,1.0,0,False,2374.17,1575.96,798.21,0.0,10.1,28.2,16.7,NONE,True
SESS_2026090338,TRD_10338,NOVICE_UNDER_6M,53251,NIFTY,46,7,2.65,2,True,-10305.52,2988.3,-13293.82,0.2248,41.9,4.8,67.4,SL_DRAG_FRICTION_WARNING,True
SESS_2026090339,TRD_10339,ALGO_SEMI_AUTOMATED,899255,SENSEX,48,1,0.96,0,False,40605.28,3376.15,37229.13,0.0,10.5,26.0,28.9,NONE,True
SESS_2026090340,TRD_10340,EXPERIENCED_3Y_PLUS,617298,NIFTY,19,0,1.22,0,False,-35171.91,1211.54,-36383.45,0.0333,13.7,22.1,14.2,NONE,True
SESS_2026090341,TRD_10341,NOVICE_UNDER_6M,27100,BANKNIFTY,39,4,2.67,1,True,-1753.69,2601.77,-4355.46,0.5974,25.0,2.8,45.7,SL_DRAG_FRICTION_WARNING,True
SESS_2026090342,TRD_10342,EXPERIENCED_3Y_PLUS,613256,BANKNIFTY,17,0,1.2,0,False,8640.16,957.77,7682.39,0.0,14.7,24.9,13.7,NONE,True
SESS_2026090343,TRD_10343,INTERMEDIATE_1_2Y,299511,NIFTY,26,0,1.0,0,False,-11275.42,1838.94,-13114.36,0.1402,7.3,13.7,11.2,NONE,True
SESS_2026090344,TRD_10344,INTERMEDIATE_1_2Y,233393,NIFTY,50,0,1.11,0,False,12482.36,3553.49,8928.87,0.0,12.8,29.7,16.5,NONE,True
SESS_2026090345,TRD_10345,NOVICE_UNDER_6M,50543,BANKNIFTY,14,3,3.55,5,True,-5309.17,845.55,-6154.72,0.1374,36.5,3.6,61.8,SL_DRAG_FRICTION_WARNING,True
SESS_2026090346,TRD_10346,INTERMEDIATE_1_2Y,242390,NIFTY,20,7,3.98,1,False,-32667.68,1089.16,-33756.84,0.0323,48.8,3.8,60.4,SL_DRAG_FRICTION_WARNING,False
SESS_2026090347,TRD_10347,NOVICE_UNDER_6M,47563,BANKNIFTY,24,0,0.99,0,False,-3243.51,1213.45,-4456.96,0.2723,9.0,26.2,11.2,NONE,True
SESS_2026090348,TRD_10348,NOVICE_UNDER_6M,67053,BANKNIFTY,43,0,1.13,0,False,1459.91,2572.1,-1112.19,0.6379,6.5,23.1,26.1,NONE,True
SESS_2026090349,TRD_10349,NOVICE_UNDER_6M,63399,BANKNIFTY,34,0,1.03,0,False,-958.36,2398.76,-3357.12,0.7145,7.5,24.1,15.0,NONE,True
SESS_2026090350,TRD_10350,INTERMEDIATE_1_2Y,76149,NIFTY,23,0,1.04,0,True,-9975.2,1476.1,-11451.3,0.1289,12.2,19.3,16.9,0DTE_HERO_OR_ZERO_THETA_DECAY_WARNING,True
SESS_2026090351,TRD_10351,NOVICE_UNDER_6M,62966,NIFTY,23,4,4.51,2,True,-11321.93,1305.52,-12627.45,0.1034,46.2,4.1,63.4,SL_DRAG_FRICTION_WARNING,True
SESS_2026090352,TRD_10352,NOVICE_UNDER_6M,46037,MIDCPNIFTY,38,0,1.15,0,False,3803.4,2002.81,1800.59,0.0,15.6,24.8,19.3,NONE,True
SESS_2026090353,TRD_10353,NOVICE_UNDER_6M,46732,SENSEX,11,4,4.22,3,True,-13928.35,754.64,-14682.99,0.0514,40.8,4.4,56.8,SL_DRAG_FRICTION_WARNING,True
SESS_2026090354,TRD_10354,NOVICE_UNDER_6M,32184,BANKNIFTY,22,4,4.04,1,False,-7194.05,1483.69,-8677.74,0.171,38.0,3.8,46.8,SL_DRAG_FRICTION_WARNING,True
SESS_2026090355,TRD_10355,INTERMEDIATE_1_2Y,201310,BANKNIFTY,31,0,1.25,0,False,11690.12,1820.52,9869.6,0.0,9.9,23.7,19.5,NONE,True
SESS_2026090356,TRD_10356,INTERMEDIATE_1_2Y,90577,BANKNIFTY,31,0,1.17,0,False,1815.07,1789.15,25.92,0.0,17.1,21.7,17.1,NONE,True
SESS_2026090357,TRD_10357,NOVICE_UNDER_6M,42703,FINNIFTY,28,0,1.08,0,False,4971.89,1846.59,3125.3,0.0,16.7,30.0,13.8,NONE,True
SESS_2026090358,TRD_10358,EXPERIENCED_3Y_PLUS,710833,MIDCPNIFTY,14,8,2.55,2,True,-220937.27,805.41,-221742.68,0.0036,62.2,5.7,63.1,SL_DRAG_FRICTION_WARNING,True
SESS_2026090359,TRD_10359,NOVICE_UNDER_6M,28985,BANKNIFTY,48,11,2.48,3,True,-8832.86,3153.71,-11986.57,0.2631,71.6,3.9,79.0,MANDATORY_COOLOFF_15MIN_LOCKOUT,True
SESS_2026090360,TRD_10360,EXPERIENCED_3Y_PLUS,422037,NIFTY,16,3,3.06,4,False,-49190.89,978.64,-50169.53,0.0195,48.4,6.4,58.6,SL_DRAG_FRICTION_WARNING,True
SESS_2026090361,TRD_10361,NOVICE_UNDER_6M,50686,BANKNIFTY,33,1,1.06,0,False,288.7,2221.33,-1932.63,0.885,9.7,20.0,24.6,NONE,True
SESS_2026090362,TRD_10362,INTERMEDIATE_1_2Y,153756,SENSEX,23,5,1.82,4,False,-64937.04,1612.99,-66550.03,0.0242,42.2,4.3,54.8,SL_DRAG_FRICTION_WARNING,True
SESS_2026090363,TRD_10363,NOVICE_UNDER_6M,45415,SENSEX,27,2,3.09,2,True,-8342.79,1548.54,-9891.33,0.1566,44.7,2.8,47.1,MARTINGALE_LOT_SIZE_OVERRIDE_ALERT,True
SESS_2026090364,TRD_10364,NOVICE_UNDER_6M,39861,NIFTY,32,7,4.28,4,True,-6538.08,1853.11,-8391.19,0.2208,39.2,5.7,81.8,MANDATORY_COOLOFF_15MIN_LOCKOUT,True
SESS_2026090365,TRD_10365,NOVICE_UNDER_6M,52386,SENSEX,40,6,2.72,1,True,-18492.21,2178.43,-20670.64,0.1054,51.7,2.9,52.3,SL_DRAG_FRICTION_WARNING,True
SESS_2026090366,TRD_10366,INTERMEDIATE_1_2Y,212778,BANKNIFTY,20,6,3.04,2,False,-35979.25,1118.52,-37097.77,0.0302,74.9,4.3,56.1,SL_DRAG_FRICTION_WARNING,True
SESS_2026090367,TRD_10367,NOVICE_UNDER_6M,58294,SENSEX,17,4,4.04,4,False,-17409.94,1130.66,-18540.6,0.061,31.1,5.8,55.4,SL_DRAG_FRICTION_WARNING,True
SESS_2026090368,TRD_10368,NOVICE_UNDER_6M,56526,SENSEX,14,7,3.34,5,True,-15691.61,883.4,-16575.01,0.0533,59.1,3.6,77.3,MANDATORY_COOLOFF_15MIN_LOCKOUT,True
SESS_2026090369,TRD_10369,NOVICE_UNDER_6M,39492,NIFTY,41,9,4.11,2,True,-12871.02,2239.68,-15110.7,0.1482,56.6,3.6,78.7,MANDATORY_COOLOFF_15MIN_LOCKOUT,True
SESS_2026090370,TRD_10370,INTERMEDIATE_1_2Y,229380,NIFTY,8,8,3.26,3,True,-82186.79,502.78,-82689.57,0.0061,29.5,2.8,75.6,MANDATORY_COOLOFF_15MIN_LOCKOUT,True
SESS_2026090371,TRD_10371,INTERMEDIATE_1_2Y,85429,BANKNIFTY,32,0,0.97,0,False,4551.66,2154.64,2397.02,0.0,17.8,30.1,9.8,NONE,True
SESS_2026090372,TRD_10372,NOVICE_UNDER_6M,45667,SENSEX,24,0,1.12,0,False,429.27,1464.61,-1035.34,0.7733,6.5,28.3,9.3,NONE,True
SESS_2026090373,TRD_10373,NOVICE_UNDER_6M,49042,BANKNIFTY,28,8,3.48,4,True,-7886.6,1707.96,-9594.56,0.178,51.6,4.2,76.6,MANDATORY_COOLOFF_15MIN_LOCKOUT,True
SESS_2026090374,TRD_10374,EXPERIENCED_3Y_PLUS,960271,BANKNIFTY,15,0,1.09,0,False,-93983.34,1068.18,-95051.52,0.0112,13.4,19.4,12.3,NONE,True
SESS_2026090375,TRD_10375,NOVICE_UNDER_6M,54207,FINNIFTY,47,4,3.15,2,True,-6235.74,2457.5,-8693.24,0.2827,57.9,2.2,56.7,SL_DRAG_FRICTION_WARNING,True
SESS_2026090376,TRD_10376,INTERMEDIATE_1_2Y,97414,NIFTY,18,6,3.12,2,True,-29954.72,1174.11,-31128.83,0.0377,54.5,2.2,64.2,SL_DRAG_FRICTION_WARNING,True
SESS_2026090377,TRD_10377,NOVICE_UNDER_6M,67738,SENSEX,52,6,3.07,3,False,-25521.2,3265.93,-28787.13,0.1135,66.1,6.0,65.1,SL_DRAG_FRICTION_WARNING,True
SESS_2026090378,TRD_10378,INTERMEDIATE_1_2Y,214599,BANKNIFTY,41,4,3.34,1,True,-43509.83,2528.91,-46038.74,0.0549,44.3,3.0,57.9,SL_DRAG_FRICTION_WARNING,True
SESS_2026090379,TRD_10379,EXPERIENCED_3Y_PLUS,925492,SENSEX,21,1,1.11,0,False,7086.04,1262.37,5823.67,0.0,7.2,30.2,14.1,NONE,True
SESS_2026090380,TRD_10380,NOVICE_UNDER_6M,53182,NIFTY,36,0,1.19,0,False,-900.9,2275.12,-3176.02,0.7163,18.0,31.4,18.8,NONE,True
SESS_2026090381,TRD_10381,NOVICE_UNDER_6M,39002,BANKNIFTY,37,6,3.79,2,True,-15348.41,2028.62,-17377.03,0.1167,73.0,2.0,63.0,SL_DRAG_FRICTION_WARNING,True
SESS_2026090382,TRD_10382,NOVICE_UNDER_6M,34234,BANKNIFTY,56,10,2.78,2,False,-4250.65,3375.15,-7625.8,0.4426,72.2,6.1,64.3,SL_DRAG_FRICTION_WARNING,True
SESS_2026090383,TRD_10383,INTERMEDIATE_1_2Y,157037,SENSEX,17,9,2.86,2,True,-48455.92,847.5,-49303.42,0.0172,53.5,4.8,59.8,SL_DRAG_FRICTION_WARNING,True
SESS_2026090384,TRD_10384,NOVICE_UNDER_6M,47035,SENSEX,34,0,1.08,0,False,-4326.13,1677.63,-6003.76,0.2794,14.8,25.3,16.5,NONE,True
SESS_2026090385,TRD_10385,NOVICE_UNDER_6M,60404,SENSEX,32,0,1.13,0,False,1461.47,1577.57,-116.1,0.5191,17.1,26.6,12.7,NONE,True
SESS_2026090386,TRD_10386,NOVICE_UNDER_6M,48396,NIFTY,28,0,1.06,0,False,-976.36,1643.45,-2619.81,0.6273,6.6,28.8,11.0,NONE,True
SESS_2026090387,TRD_10387,INTERMEDIATE_1_2Y,118292,NIFTY,21,0,1.02,0,False,-5189.38,1208.86,-6398.24,0.1889,14.9,24.6,10.1,NONE,True
SESS_2026090388,TRD_10388,NOVICE_UNDER_6M,45538,BANKNIFTY,44,1,1.07,0,False,947.25,2888.87,-1941.62,0.7531,13.8,16.5,21.0,NONE,True
SESS_2026090389,TRD_10389,INTERMEDIATE_1_2Y,225892,BANKNIFTY,22,0,0.97,0,False,-6421.32,1402.06,-7823.38,0.1792,10.4,16.4,13.6,NONE,True
SESS_2026090390,TRD_10390,INTERMEDIATE_1_2Y,223936,BANKNIFTY,18,8,3.93,3,True,-43952.42,931.39,-44883.81,0.0208,71.2,3.2,71.8,SL_DRAG_FRICTION_WARNING,True
SESS_2026090391,TRD_10391,NOVICE_UNDER_6M,39093,NIFTY,40,8,2.94,2,False,-10760.9,2630.41,-13391.31,0.1964,40.3,4.4,59.1,SL_DRAG_FRICTION_WARNING,True
SESS_2026090392,TRD_10392,NOVICE_UNDER_6M,49137,FINNIFTY,46,6,4.79,3,True,-11294.2,2490.02,-13784.22,0.1806,43.8,6.5,82.2,MANDATORY_COOLOFF_15MIN_LOCKOUT,False
SESS_2026090393,TRD_10393,INTERMEDIATE_1_2Y,125764,BANKNIFTY,26,0,1.03,0,False,10734.79,1259.9,9474.89,0.0,16.2,27.2,14.6,NONE,True
SESS_2026090394,TRD_10394,INTERMEDIATE_1_2Y,254351,FINNIFTY,33,5,4.63,1,True,-81148.26,1980.52,-83128.78,0.0238,68.3,4.7,55.4,SL_DRAG_FRICTION_WARNING,True
SESS_2026090395,TRD_10395,NOVICE_UNDER_6M,39263,BANKNIFTY,36,5,2.64,2,True,-3473.32,2161.08,-5634.4,0.3836,56.3,3.2,57.1,SL_DRAG_FRICTION_WARNING,False
SESS_2026090396,TRD_10396,INTERMEDIATE_1_2Y,189312,BANKNIFTY,44,0,1.22,0,False,-3820.4,2256.95,-6077.35,0.3714,8.7,19.9,19.0,NONE,True
SESS_2026090397,TRD_10397,NOVICE_UNDER_6M,53995,SENSEX,54,1,1.0,0,False,-1681.72,3294.73,-4976.45,0.6621,17.6,32.9,18.8,NONE,True
SESS_2026090398,TRD_10398,EXPERIENCED_3Y_PLUS,483963,BANKNIFTY,9,0,1.17,0,False,-35729.52,647.07,-36376.59,0.0178,14.5,24.0,12.4,NONE,True
SESS_2026090399,TRD_10399,INTERMEDIATE_1_2Y,282022,FINNIFTY,46,6,4.46,1,True,-49719.06,3179.67,-52898.73,0.0601,69.0,5.6,67.4,SL_DRAG_FRICTION_WARNING,True
SESS_2026090400,TRD_10400,INTERMEDIATE_1_2Y,148446,NIFTY,26,0,0.98,0,False,22200.76,1632.97,20567.79,0.0,7.6,12.6,9.6,NONE,True
SESS_2026090401,TRD_10401,INTERMEDIATE_1_2Y,183113,BANKNIFTY,20,3,3.87,1,False,-58577.97,1145.98,-59723.95,0.0192,48.4,5.2,41.6,SL_DRAG_FRICTION_WARNING,True
SESS_2026090402,TRD_10402,NOVICE_UNDER_6M,35674,BANKNIFTY,25,10,4.34,5,True,-11159.36,1306.25,-12465.61,0.1048,58.6,3.0,90.2,MANDATORY_COOLOFF_15MIN_LOCKOUT,True
SESS_2026090403,TRD_10403,EXPERIENCED_3Y_PLUS,862992,FINNIFTY,25,1,1.03,0,True,-29463.43,1566.9,-31030.33,0.0505,14.8,20.7,19.9,0DTE_HERO_OR_ZERO_THETA_DECAY_WARNING,False
SESS_2026090404,TRD_10404,INTERMEDIATE_1_2Y,182586,NIFTY,28,0,1.06,0,False,29838.74,1692.57,28146.17,0.0,15.9,13.0,9.9,NONE,True
SESS_2026090405,TRD_10405,ALGO_SEMI_AUTOMATED,1589203,SENSEX,74,0,0.99,0,False,-62374.97,3847.68,-66222.65,0.0581,16.6,29.8,25.4,NONE,True
SESS_2026090406,TRD_10406,NOVICE_UNDER_6M,41014,FINNIFTY,59,0,1.05,0,False,-2550.29,3660.99,-6211.28,0.5894,7.1,23.5,25.6,NONE,True
SESS_2026090407,TRD_10407,EXPERIENCED_3Y_PLUS,611735,BANKNIFTY,12,5,4.23,4,False,-125152.36,780.9,-125933.26,0.0062,29.5,3.6,62.4,SL_DRAG_FRICTION_WARNING,True
SESS_2026090408,TRD_10408,INTERMEDIATE_1_2Y,214335,NIFTY,14,0,0.96,0,False,4284.55,725.73,3558.82,0.0,14.7,34.4,9.2,NONE,True
SESS_2026090409,TRD_10409,NOVICE_UNDER_6M,36010,NIFTY,29,0,0.98,0,True,-1261.78,1900.19,-3161.97,0.601,15.2,13.2,18.8,0DTE_HERO_OR_ZERO_THETA_DECAY_WARNING,False
SESS_2026090410,TRD_10410,EXPERIENCED_3Y_PLUS,538446,NIFTY,10,0,0.91,0,False,-1026.01,673.79,-1699.8,0.3964,6.1,23.4,5.7,NONE,True
SESS_2026090411,TRD_10411,NOVICE_UNDER_6M,38036,NIFTY,42,5,3.48,1,False,-6108.48,2225.3,-8333.78,0.267,38.9,5.1,49.8,SL_DRAG_FRICTION_WARNING,True
SESS_2026090412,TRD_10412,INTERMEDIATE_1_2Y,84005,FINNIFTY,23,2,3.44,3,True,-5934.11,1193.06,-7127.17,0.1674,29.4,2.5,53.7,MARTINGALE_LOT_SIZE_OVERRIDE_ALERT,True
SESS_2026090413,TRD_10413,NOVICE_UNDER_6M,50029,NIFTY,37,0,1.21,0,True,-1125.6,1836.09,-2961.69,0.6199,9.6,20.5,27.7,0DTE_HERO_OR_ZERO_THETA_DECAY_WARNING,True
SESS_2026090414,TRD_10414,INTERMEDIATE_1_2Y,173882,BANKNIFTY,21,7,2.91,2,True,-60810.25,1375.78,-62186.03,0.0221,59.8,5.1,51.0,SL_DRAG_FRICTION_WARNING,True
SESS_2026090415,TRD_10415,NOVICE_UNDER_6M,54429,BANKNIFTY,60,0,1.04,0,False,1214.35,4215.03,-3000.68,0.7763,9.1,25.2,14.8,NONE,True
SESS_2026090416,TRD_10416,NOVICE_UNDER_6M,51539,NIFTY,35,1,1.05,0,False,7370.08,1681.33,5688.75,0.0,13.3,28.3,23.4,NONE,True
SESS_2026090417,TRD_10417,INTERMEDIATE_1_2Y,99763,BANKNIFTY,42,1,1.03,0,False,-12768.18,2218.8,-14986.98,0.148,12.7,26.7,20.9,NONE,True
SESS_2026090418,TRD_10418,EXPERIENCED_3Y_PLUS,533622,NIFTY,22,0,1.13,0,True,6043.39,1562.94,4480.45,0.0,10.0,21.1,19.5,0DTE_HERO_OR_ZERO_THETA_DECAY_WARNING,False
SESS_2026090419,TRD_10419,INTERMEDIATE_1_2Y,276769,BANKNIFTY,27,0,1.09,0,False,1435.16,1513.15,-77.99,0.5132,13.5,32.5,12.4,NONE,True
SESS_2026090420,TRD_10420,NOVICE_UNDER_6M,58701,BANKNIFTY,32,0,1.07,0,False,762.63,1790.76,-1028.13,0.7013,12.7,12.4,20.9,NONE,True
SESS_2026090421,TRD_10421,NOVICE_UNDER_6M,29965,MIDCPNIFTY,22,0,1.26,0,False,-620.98,1370.26,-1991.24,0.6881,16.1,25.1,11.2,NONE,True
SESS_2026090422,TRD_10422,NOVICE_UNDER_6M,63137,BANKNIFTY,47,0,1.11,0,False,-1499.04,3191.63,-4690.67,0.6804,7.0,32.2,18.1,NONE,True
SESS_2026090423,TRD_10423,NOVICE_UNDER_6M,36202,MIDCPNIFTY,30,4,2.44,2,False,-9887.07,1788.1,-11675.17,0.1532,70.2,2.8,48.6,SL_DRAG_FRICTION_WARNING,False
SESS_2026090424,TRD_10424,INTERMEDIATE_1_2Y,131859,BANKNIFTY,22,0,1.15,0,False,5956.46,1298.55,4657.91,0.0,14.1,15.1,12.6,NONE,True
SESS_2026090425,TRD_10425,NOVICE_UNDER_6M,22482,BANKNIFTY,60,0,1.02,0,False,1133.33,2912.37,-1779.04,0.7199,7.2,29.6,18.0,NONE,True
SESS_2026090426,TRD_10426,NOVICE_UNDER_6M,57479,SENSEX,41,4,2.93,2,False,-18946.64,2080.63,-21027.27,0.0989,58.6,3.4,55.1,SL_DRAG_FRICTION_WARNING,True
SESS_2026090427,TRD_10427,NOVICE_UNDER_6M,49005,NIFTY,37,10,3.94,3,True,-11123.69,1821.04,-12944.73,0.1407,40.6,6.5,80.7,MANDATORY_COOLOFF_15MIN_LOCKOUT,True
SESS_2026090428,TRD_10428,NOVICE_UNDER_6M,65749,BANKNIFTY,16,3,3.13,3,False,-16271.14,904.56,-17175.7,0.0527,56.5,5.5,47.3,SL_DRAG_FRICTION_WARNING,True
SESS_2026090429,TRD_10429,INTERMEDIATE_1_2Y,235290,NIFTY,14,1,1.07,0,True,-20094.82,776.29,-20871.11,0.0372,15.6,28.1,20.5,0DTE_HERO_OR_ZERO_THETA_DECAY_WARNING,False
SESS_2026090430,TRD_10430,INTERMEDIATE_1_2Y,223067,BANKNIFTY,27,0,1.17,0,False,8743.6,1727.04,7016.56,0.0,17.0,21.0,16.7,NONE,True
SESS_2026090431,TRD_10431,INTERMEDIATE_1_2Y,155774,BANKNIFTY,11,0,1.05,0,False,1940.21,662.1,1278.11,0.0,9.4,20.0,5.0,NONE,True
SESS_2026090432,TRD_10432,NOVICE_UNDER_6M,44668,BANKNIFTY,45,6,2.36,2,True,-13412.39,2331.74,-15744.13,0.1481,54.5,3.2,56.5,SL_DRAG_FRICTION_WARNING,True
SESS_2026090433,TRD_10433,NOVICE_UNDER_6M,54652,NIFTY,32,0,1.07,0,False,6145.61,1976.98,4168.63,0.0,14.0,13.8,15.6,NONE,True
SESS_2026090434,TRD_10434,EXPERIENCED_3Y_PLUS,683066,FINNIFTY,17,0,1.15,0,False,-55805.22,1148.14,-56953.36,0.0202,17.5,13.6,12.8,NONE,True
SESS_2026090435,TRD_10435,NOVICE_UNDER_6M,47411,NIFTY,42,8,4.19,4,True,-15779.98,2551.51,-18331.49,0.1392,25.0,2.7,81.4,MANDATORY_COOLOFF_15MIN_LOCKOUT,True
SESS_2026090436,TRD_10436,INTERMEDIATE_1_2Y,179346,BANKNIFTY,19,0,1.01,0,False,20687.94,1239.31,19448.63,0.0,14.2,33.1,21.0,NONE,True
SESS_2026090437,TRD_10437,NOVICE_UNDER_6M,50398,NIFTY,40,8,4.08,1,False,-11239.44,2859.55,-14098.99,0.2028,73.4,2.0,58.1,SL_DRAG_FRICTION_WARNING,True
SESS_2026090438,TRD_10438,INTERMEDIATE_1_2Y,127452,BANKNIFTY,11,1,1.09,0,False,-6985.62,573.78,-7559.4,0.0759,10.9,22.0,15.7,NONE,True
SESS_2026090439,TRD_10439,NOVICE_UNDER_6M,61861,NIFTY,30,4,4.14,1,True,-8566.11,1913.71,-10479.82,0.1826,57.4,2.7,59.9,SL_DRAG_FRICTION_WARNING,False
SESS_2026090440,TRD_10440,NOVICE_UNDER_6M,34271,BANKNIFTY,21,1,1.19,0,False,-334.59,1221.76,-1556.35,0.785,17.2,26.3,17.6,NONE,True
SESS_2026090441,TRD_10441,NOVICE_UNDER_6M,38401,NIFTY,32,6,3.76,3,True,-15149.8,1565.08,-16714.88,0.0936,71.3,4.9,66.2,SL_DRAG_FRICTION_WARNING,True
SESS_2026090442,TRD_10442,INTERMEDIATE_1_2Y,141270,NIFTY,30,0,0.98,0,False,8362.04,1774.75,6587.29,0.0,17.8,34.6,20.8,NONE,True
SESS_2026090443,TRD_10443,INTERMEDIATE_1_2Y,93097,NIFTY,27,0,1.11,0,False,9331.04,1642.7,7688.34,0.0,13.0,26.1,18.0,NONE,True
SESS_2026090444,TRD_10444,NOVICE_UNDER_6M,24021,NIFTY,33,0,1.04,0,False,-2668.03,2314.91,-4982.94,0.4646,15.6,18.7,15.5,NONE,True
SESS_2026090445,TRD_10445,INTERMEDIATE_1_2Y,176494,SENSEX,13,0,1.07,0,False,-20434.27,775.25,-21209.52,0.0366,9.5,29.0,5.1,NONE,True
SESS_2026090446,TRD_10446,EXPERIENCED_3Y_PLUS,422396,NIFTY,7,0,0.97,0,False,-34139.27,365.34,-34504.61,0.0106,16.3,12.3,6.9,NONE,True
SESS_2026090447,TRD_10447,INTERMEDIATE_1_2Y,154600,NIFTY,40,7,3.28,3,False,-51709.54,2816.58,-54526.12,0.0517,42.1,2.4,64.4,SL_DRAG_FRICTION_WARNING,True
SESS_2026090448,TRD_10448,NOVICE_UNDER_6M,47465,SENSEX,70,0,1.1,0,False,3694.13,3451.27,242.86,0.0,8.0,25.3,22.1,NONE,True
SESS_2026090449,TRD_10449,NOVICE_UNDER_6M,28876,NIFTY,33,5,4.45,4,True,-8505.72,2004.11,-10509.83,0.1907,59.2,4.0,83.4,MANDATORY_COOLOFF_15MIN_LOCKOUT,True
SESS_2026090450,TRD_10450,NOVICE_UNDER_6M,40813,NIFTY,49,5,3.36,5,True,-6240.97,3069.93,-9310.9,0.3297,51.6,3.8,71.7,SL_DRAG_FRICTION_WARNING,True
SESS_2026090451,TRD_10451,NOVICE_UNDER_6M,59625,BANKNIFTY,26,1,1.14,0,False,-3491.3,1458.54,-4949.84,0.2947,14.8,25.5,14.7,NONE,True
SESS_2026090452,TRD_10452,NOVICE_UNDER_6M,54496,SENSEX,23,7,4.02,1,True,-16780.49,1260.38,-18040.87,0.0699,30.2,4.2,61.7,SL_DRAG_FRICTION_WARNING,True
SESS_2026090453,TRD_10453,EXPERIENCED_3Y_PLUS,1217258,NIFTY,19,0,1.11,0,True,35797.11,1322.35,34474.76,0.0,16.3,15.0,18.2,0DTE_HERO_OR_ZERO_THETA_DECAY_WARNING,True
SESS_2026090454,TRD_10454,NOVICE_UNDER_6M,71696,NIFTY,56,0,1.01,0,False,11635.48,3722.02,7913.46,0.0,6.9,22.4,19.2,NONE,True
SESS_2026090455,TRD_10455,INTERMEDIATE_1_2Y,224056,NIFTY,20,0,1.14,0,False,28202.0,1087.04,27114.96,0.0,10.0,13.4,8.1,NONE,True
SESS_2026090456,TRD_10456,INTERMEDIATE_1_2Y,153530,BANKNIFTY,27,1,0.98,0,False,-8168.95,1712.88,-9881.83,0.1733,7.7,29.7,20.8,NONE,True
SESS_2026090457,TRD_10457,INTERMEDIATE_1_2Y,96572,BANKNIFTY,13,0,1.14,0,True,-13896.62,635.8,-14532.42,0.0438,12.0,27.0,13.3,0DTE_HERO_OR_ZERO_THETA_DECAY_WARNING,True
SESS_2026090458,TRD_10458,NOVICE_UNDER_6M,35080,FINNIFTY,29,2,3.7,3,True,-5717.46,1440.79,-7158.25,0.2013,45.2,5.6,58.7,MARTINGALE_LOT_SIZE_OVERRIDE_ALERT,True
SESS_2026090459,TRD_10459,INTERMEDIATE_1_2Y,226745,NIFTY,16,0,1.02,0,False,6208.11,908.3,5299.81,0.0,6.7,34.9,14.5,NONE,True
SESS_2026090460,TRD_10460,EXPERIENCED_3Y_PLUS,1063359,BANKNIFTY,12,0,1.09,0,False,-63247.62,776.41,-64024.03,0.0121,6.5,20.8,14.6,NONE,True
SESS_2026090461,TRD_10461,EXPERIENCED_3Y_PLUS,587333,SENSEX,7,0,0.97,0,False,-2117.1,346.58,-2463.68,0.1407,14.6,25.6,5.5,NONE,True
SESS_2026090462,TRD_10462,NOVICE_UNDER_6M,48938,NIFTY,28,8,3.22,5,True,-18950.7,1423.42,-20374.12,0.0699,27.8,5.9,76.4,MANDATORY_COOLOFF_15MIN_LOCKOUT,True
SESS_2026090463,TRD_10463,NOVICE_UNDER_6M,53999,BANKNIFTY,55,6,4.34,1,True,-6731.73,2700.46,-9432.19,0.2863,57.7,4.4,64.3,SL_DRAG_FRICTION_WARNING,True
SESS_2026090464,TRD_10464,INTERMEDIATE_1_2Y,102357,NIFTY,18,5,3.91,2,True,-35936.89,1078.77,-37015.66,0.0291,54.6,6.1,60.1,SL_DRAG_FRICTION_WARNING,False
SESS_2026090465,TRD_10465,NOVICE_UNDER_6M,45287,SENSEX,50,1,1.02,0,False,3446.21,3351.72,94.49,0.0,12.9,15.2,19.8,NONE,True
SESS_2026090466,TRD_10466,ALGO_SEMI_AUTOMATED,1969963,BANKNIFTY,79,0,1.0,0,False,-129750.86,4253.95,-134004.81,0.0317,8.0,20.5,20.4,NONE,True
SESS_2026090467,TRD_10467,NOVICE_UNDER_6M,59052,NIFTY,40,4,4.17,1,True,-12767.73,2192.38,-14960.11,0.1465,71.3,5.5,58.3,SL_DRAG_FRICTION_WARNING,True
SESS_2026090468,TRD_10468,NOVICE_UNDER_6M,59112,FINNIFTY,34,4,2.9,2,True,-12749.93,2217.23,-14967.16,0.1481,33.7,5.5,52.7,SL_DRAG_FRICTION_WARNING,False
SESS_2026090469,TRD_10469,NOVICE_UNDER_6M,41255,BANKNIFTY,32,0,0.97,0,False,2245.89,1950.51,295.38,0.0,7.1,20.3,13.8,NONE,True
SESS_2026090470,TRD_10470,NOVICE_UNDER_6M,38135,BANKNIFTY,48,0,0.95,0,True,3949.52,2877.14,1072.38,0.0,7.8,31.4,27.9,0DTE_HERO_OR_ZERO_THETA_DECAY_WARNING,True
SESS_2026090471,TRD_10471,INTERMEDIATE_1_2Y,140546,SENSEX,19,6,4.2,2,True,-46298.28,925.25,-47223.53,0.0196,27.6,4.7,70.8,SL_DRAG_FRICTION_WARNING,True
SESS_2026090472,TRD_10472,NOVICE_UNDER_6M,30309,NIFTY,25,6,3.17,3,False,-9251.47,1342.27,-10593.74,0.1267,36.5,2.6,56.4,SL_DRAG_FRICTION_WARNING,False
SESS_2026090473,TRD_10473,NOVICE_UNDER_6M,30502,FINNIFTY,38,5,2.78,3,True,-9649.32,2151.03,-11800.35,0.1823,43.7,4.3,62.7,SL_DRAG_FRICTION_WARNING,True
SESS_2026090474,TRD_10474,EXPERIENCED_3Y_PLUS,570838,BANKNIFTY,6,0,0.97,0,False,-16322.56,415.64,-16738.2,0.0248,11.5,15.9,5.0,NONE,True
SESS_2026090475,TRD_10475,INTERMEDIATE_1_2Y,191955,BANKNIFTY,31,10,4.09,1,False,-41587.21,2110.72,-43697.93,0.0483,49.5,7.0,62.6,SL_DRAG_FRICTION_WARNING,True
SESS_2026090476,TRD_10476,NOVICE_UNDER_6M,56189,FINNIFTY,46,5,3.44,4,True,-24070.62,3290.12,-27360.74,0.1202,32.4,4.9,76.9,MANDATORY_COOLOFF_15MIN_LOCKOUT,False
SESS_2026090477,TRD_10477,NOVICE_UNDER_6M,27101,NIFTY,36,8,3.99,2,True,-5015.04,2548.74,-7563.78,0.337,52.9,2.1,72.9,SL_DRAG_FRICTION_WARNING,True
SESS_2026090478,TRD_10478,INTERMEDIATE_1_2Y,129567,NIFTY,33,5,2.97,3,False,-31800.75,2195.29,-33996.04,0.0646,62.4,2.1,59.1,SL_DRAG_FRICTION_WARNING,False
SESS_2026090479,TRD_10479,NOVICE_UNDER_6M,43571,BANKNIFTY,33,0,1.03,0,False,2278.4,2136.86,141.54,0.0,12.4,18.8,12.9,NONE,True
SESS_2026090480,TRD_10480,NOVICE_UNDER_6M,51473,BANKNIFTY,38,7,3.52,2,False,-13743.55,1871.03,-15614.58,0.1198,50.7,6.6,58.7,SL_DRAG_FRICTION_WARNING,True
SESS_2026090481,TRD_10481,NOVICE_UNDER_6M,43444,NIFTY,41,0,0.97,0,False,2100.32,2708.24,-607.92,0.5632,12.5,26.9,19.7,NONE,True
SESS_2026090482,TRD_10482,NOVICE_UNDER_6M,63549,NIFTY,44,0,1.01,0,False,-6460.67,2505.69,-8966.36,0.2795,12.0,21.7,14.1,NONE,True
SESS_2026090483,TRD_10483,INTERMEDIATE_1_2Y,241554,NIFTY,27,0,1.04,0,False,34292.96,1868.27,32424.69,0.0,14.1,27.9,15.2,NONE,True
SESS_2026090484,TRD_10484,INTERMEDIATE_1_2Y,112892,BANKNIFTY,44,5,2.7,5,True,-37630.35,2270.93,-39901.28,0.0569,33.2,2.6,69.8,SL_DRAG_FRICTION_WARNING,True
SESS_2026090485,TRD_10485,INTERMEDIATE_1_2Y,149353,FINNIFTY,34,1,1.02,0,False,-14641.57,2343.38,-16984.95,0.138,13.7,18.7,26.4,NONE,True
SESS_2026090486,TRD_10486,INTERMEDIATE_1_2Y,119849,NIFTY,49,1,1.08,0,False,3774.72,2975.48,799.24,0.0,15.4,23.2,18.6,NONE,True
SESS_2026090487,TRD_10487,NOVICE_UNDER_6M,49854,NIFTY,57,8,2.81,2,True,-14370.4,4044.1,-18414.5,0.2196,67.3,2.7,67.8,SL_DRAG_FRICTION_WARNING,True
SESS_2026090488,TRD_10488,INTERMEDIATE_1_2Y,108108,NIFTY,29,4,3.7,4,False,-7629.99,1791.87,-9421.86,0.1902,33.1,2.6,60.0,SL_DRAG_FRICTION_WARNING,True
SESS_2026090489,TRD_10489,INTERMEDIATE_1_2Y,207846,BANKNIFTY,33,0,1.03,0,False,22350.46,1904.41,20446.05,0.0,8.0,18.9,16.7,NONE,True
SESS_2026090490,TRD_10490,NOVICE_UNDER_6M,47577,SENSEX,21,5,1.94,3,False,-11475.31,1154.07,-12629.38,0.0914,41.6,5.5,55.6,SL_DRAG_FRICTION_WARNING,True
SESS_2026090491,TRD_10491,NOVICE_UNDER_6M,34853,NIFTY,37,1,1.02,0,True,1192.71,1879.79,-687.08,0.6118,11.7,12.9,20.5,0DTE_HERO_OR_ZERO_THETA_DECAY_WARNING,True
SESS_2026090492,TRD_10492,INTERMEDIATE_1_2Y,187546,BANKNIFTY,19,5,3.5,1,True,-59229.68,950.12,-60179.8,0.0158,64.1,5.8,54.8,SL_DRAG_FRICTION_WARNING,False
SESS_2026090493,TRD_10493,INTERMEDIATE_1_2Y,309170,BANKNIFTY,24,0,1.2,0,False,-7443.24,1366.75,-8809.99,0.1551,7.8,31.6,10.1,NONE,True
SESS_2026090494,TRD_10494,NOVICE_UNDER_6M,40663,SENSEX,29,0,0.99,0,False,-480.62,1506.0,-1986.62,0.7581,14.9,21.6,13.2,NONE,True
SESS_2026090495,TRD_10495,INTERMEDIATE_1_2Y,213156,BANKNIFTY,25,0,0.98,0,False,-6404.12,1759.89,-8164.01,0.2156,17.9,24.1,5.7,NONE,True
SESS_2026090496,TRD_10496,NOVICE_UNDER_6M,50681,BANKNIFTY,30,6,2.91,1,True,-15944.52,2039.24,-17983.76,0.1134,53.4,6.6,51.9,SL_DRAG_FRICTION_WARNING,False
SESS_2026090497,TRD_10497,NOVICE_UNDER_6M,41283,NIFTY,38,7,2.8,3,True,-8554.1,1937.25,-10491.35,0.1847,40.0,5.2,70.5,SL_DRAG_FRICTION_WARNING,True
SESS_2026090498,TRD_10498,EXPERIENCED_3Y_PLUS,537708,NIFTY,10,0,0.93,0,False,9299.24,566.82,8732.42,0.0,11.9,34.3,5.3,NONE,True
SESS_2026090499,TRD_10499,ALGO_SEMI_AUTOMATED,1171822,BANKNIFTY,86,0,1.03,0,False,16212.17,4429.63,11782.54,0.0,6.2,18.0,22.7,NONE,True
SESS_2026090500,TRD_10500,NOVICE_UNDER_6M,46357,BANKNIFTY,43,3,3.07,3,False,-9581.51,2143.29,-11724.8,0.1828,27.4,3.5,56.4,SL_DRAG_FRICTION_WARNING,True
SESS_2026090501,TRD_10501,EXPERIENCED_3Y_PLUS,777775,BANKNIFTY,9,0,1.16,0,False,28451.48,452.7,27998.78,0.0,9.6,27.8,15.0,NONE,True
SESS_2026090502,TRD_10502,EXPERIENCED_3Y_PLUS,761122,BANKNIFTY,23,6,3.09,2,True,-251745.92,1226.05,-252971.97,0.0048,70.5,2.5,60.2,SL_DRAG_FRICTION_WARNING,True
SESS_2026090503,TRD_10503,INTERMEDIATE_1_2Y,242146,SENSEX,28,0,1.04,0,False,-29710.04,1578.0,-31288.04,0.0504,7.4,15.0,21.2,NONE,True
SESS_2026090504,TRD_10504,NOVICE_UNDER_6M,54528,BANKNIFTY,21,11,3.34,5,True,-18841.86,1072.87,-19914.73,0.0539,40.2,5.7,76.8,MANDATORY_COOLOFF_15MIN_LOCKOUT,True
SESS_2026090505,TRD_10505,NOVICE_UNDER_6M,37741,MIDCPNIFTY,67,7,2.51,1,True,-14910.47,4276.94,-19187.41,0.2229,46.6,3.0,55.1,SL_DRAG_FRICTION_WARNING,True
SESS_2026090506,TRD_10506,EXPERIENCED_3Y_PLUS,669221,NIFTY,26,5,2.01,1,True,-210366.35,1666.45,-212032.8,0.0079,55.1,4.9,45.0,SL_DRAG_FRICTION_WARNING,True
SESS_2026090507,TRD_10507,INTERMEDIATE_1_2Y,126704,FINNIFTY,30,8,3.88,3,True,-22411.84,1820.76,-24232.6,0.0751,28.4,6.1,75.0,MANDATORY_COOLOFF_15MIN_LOCKOUT,False
SESS_2026090508,TRD_10508,NOVICE_UNDER_6M,71337,BANKNIFTY,23,0,1.24,0,True,2933.26,1306.29,1626.97,0.0,8.6,23.6,16.2,0DTE_HERO_OR_ZERO_THETA_DECAY_WARNING,False
SESS_2026090509,TRD_10509,EXPERIENCED_3Y_PLUS,465576,NIFTY,13,0,1.06,0,False,-3608.74,786.16,-4394.9,0.1789,15.1,19.2,8.7,NONE,True
SESS_2026090510,TRD_10510,INTERMEDIATE_1_2Y,163482,NIFTY,23,7,2.41,2,True,-32022.78,1568.28,-33591.06,0.0467,47.8,5.7,55.7,SL_DRAG_FRICTION_WARNING,False
SESS_2026090511,TRD_10511,EXPERIENCED_3Y_PLUS,637648,MIDCPNIFTY,24,1,1.21,0,False,20971.49,1380.31,19591.18,0.0,6.2,27.5,20.5,NONE,True
SESS_2026090512,TRD_10512,EXPERIENCED_3Y_PLUS,712257,BANKNIFTY,19,5,3.67,5,False,-190226.5,1002.78,-191229.28,0.0052,69.6,2.8,65.0,SL_DRAG_FRICTION_WARNING,True
SESS_2026090513,TRD_10513,EXPERIENCED_3Y_PLUS,501366,SENSEX,14,0,1.13,0,False,15882.44,991.25,14891.19,0.0,17.3,20.2,17.8,NONE,True
SESS_2026090514,TRD_10514,NOVICE_UNDER_6M,74881,SENSEX,35,5,2.54,2,True,-13742.76,2377.46,-16120.22,0.1475,72.1,2.1,53.2,SL_DRAG_FRICTION_WARNING,True
SESS_2026090515,TRD_10515,NOVICE_UNDER_6M,51183,BANKNIFTY,28,6,3.82,3,True,-14620.91,1678.59,-16299.5,0.103,49.6,4.3,68.7,SL_DRAG_FRICTION_WARNING,True
SESS_2026090516,TRD_10516,NOVICE_UNDER_6M,49001,NIFTY,50,2,3.83,5,False,-7351.26,2931.07,-10282.33,0.2851,31.0,4.3,66.4,MARTINGALE_LOT_SIZE_OVERRIDE_ALERT,True
SESS_2026090517,TRD_10517,NOVICE_UNDER_6M,58475,BANKNIFTY,55,5,2.98,2,False,-13114.95,3352.0,-16466.95,0.2036,53.4,4.5,57.6,SL_DRAG_FRICTION_WARNING,True
SESS_2026090518,TRD_10518,NOVICE_UNDER_6M,49680,BANKNIFTY,22,4,3.47,2,True,-18621.4,1367.76,-19989.16,0.0684,63.3,3.4,57.1,SL_DRAG_FRICTION_WARNING,False
SESS_2026090519,TRD_10519,NOVICE_UNDER_6M,50442,NIFTY,47,1,0.96,0,False,1537.15,2535.31,-998.16,0.6226,10.3,20.1,23.4,NONE,True
SESS_2026090520,TRD_10520,INTERMEDIATE_1_2Y,194172,SENSEX,31,0,1.17,0,True,-21350.43,1977.38,-23327.81,0.0848,8.0,24.4,17.2,0DTE_HERO_OR_ZERO_THETA_DECAY_WARNING,True
SESS_2026090521,TRD_10521,NOVICE_UNDER_6M,25532,BANKNIFTY,34,5,3.43,2,True,-7975.29,2037.33,-10012.62,0.2035,49.4,5.5,62.0,SL_DRAG_FRICTION_WARNING,False
SESS_2026090522,TRD_10522,EXPERIENCED_3Y_PLUS,842431,BANKNIFTY,9,1,0.99,0,False,67910.21,478.24,67431.97,0.0,17.7,13.7,11.4,NONE,True
SESS_2026090523,TRD_10523,NOVICE_UNDER_6M,50073,NIFTY,50,0,1.12,0,False,542.7,3037.28,-2494.58,0.8484,13.1,18.3,23.3,NONE,True
SESS_2026090524,TRD_10524,EXPERIENCED_3Y_PLUS,637003,NIFTY,13,8,3.31,2,True,-189801.0,784.8,-190585.8,0.0041,40.7,4.1,59.3,SL_DRAG_FRICTION_WARNING,False
SESS_2026090525,TRD_10525,EXPERIENCED_3Y_PLUS,804440,BANKNIFTY,16,1,0.99,0,False,92993.97,972.56,92021.41,0.0,14.9,22.7,9.5,NONE,True
SESS_2026090526,TRD_10526,EXPERIENCED_3Y_PLUS,792009,SENSEX,21,0,1.06,0,False,28419.52,1159.34,27260.18,0.0,7.8,15.5,9.9,NONE,True
SESS_2026090527,TRD_10527,ALGO_SEMI_AUTOMATED,2125908,NIFTY,38,1,1.0,0,False,-104918.34,2041.5,-106959.84,0.0191,7.9,27.8,20.2,NONE,True
SESS_2026090528,TRD_10528,INTERMEDIATE_1_2Y,106117,BANKNIFTY,10,0,1.05,0,False,-11689.54,518.25,-12207.79,0.0425,11.2,26.9,11.6,NONE,True
SESS_2026090529,TRD_10529,INTERMEDIATE_1_2Y,233570,BANKNIFTY,33,8,4.54,2,True,-50122.74,2270.8,-52393.54,0.0433,68.0,2.4,77.1,MANDATORY_COOLOFF_15MIN_LOCKOUT,False
SESS_2026090530,TRD_10530,EXPERIENCED_3Y_PLUS,621995,MIDCPNIFTY,13,0,1.03,0,False,7294.22,780.08,6514.14,0.0,16.1,17.4,14.2,NONE,True
SESS_2026090531,TRD_10531,INTERMEDIATE_1_2Y,179849,BANKNIFTY,38,1,1.18,0,False,-5601.51,2356.91,-7958.42,0.2962,7.5,30.6,23.8,NONE,True
SESS_2026090532,TRD_10532,NOVICE_UNDER_6M,44185,BANKNIFTY,46,5,2.6,1,False,-9591.62,2749.36,-12340.98,0.2228,47.0,3.3,41.2,SL_DRAG_FRICTION_WARNING,True
SESS_2026090533,TRD_10533,NOVICE_UNDER_6M,45214,NIFTY,43,0,1.02,0,False,6022.21,2689.2,3333.01,0.0,15.9,12.5,23.9,NONE,True
SESS_2026090534,TRD_10534,NOVICE_UNDER_6M,61754,NIFTY,42,0,1.0,0,False,6178.63,2706.73,3471.9,0.0,13.7,28.1,15.0,NONE,True
SESS_2026090535,TRD_10535,NOVICE_UNDER_6M,45780,NIFTY,11,0,1.01,0,False,3830.64,570.3,3260.34,0.0,15.1,18.8,9.3,NONE,True
SESS_2026090536,TRD_10536,NOVICE_UNDER_6M,45671,NIFTY,28,1,1.14,0,False,-144.41,1839.23,-1983.64,0.9272,7.0,29.9,20.3,NONE,True
SESS_2026090537,TRD_10537,ALGO_SEMI_AUTOMATED,1387749,BANKNIFTY,112,0,1.11,0,False,95800.02,7359.17,88440.85,0.0,10.2,25.8,21.4,NONE,True
SESS_2026090538,TRD_10538,NOVICE_UNDER_6M,46115,BANKNIFTY,14,6,3.54,3,True,-12917.3,699.63,-13616.93,0.0514,45.0,5.1,65.6,SL_DRAG_FRICTION_WARNING,False
SESS_2026090539,TRD_10539,NOVICE_UNDER_6M,61140,FINNIFTY,47,1,1.14,0,False,-2705.41,3031.46,-5736.87,0.5284,11.7,28.9,25.8,NONE,True
SESS_2026090540,TRD_10540,INTERMEDIATE_1_2Y,240670,NIFTY,39,5,2.7,4,False,-26329.73,2736.03,-29065.76,0.0941,69.2,3.1,58.2,SL_DRAG_FRICTION_WARNING,False
SESS_2026090541,TRD_10541,NOVICE_UNDER_6M,72628,SENSEX,24,0,0.94,0,False,9250.69,1249.99,8000.7,0.0,13.2,15.4,8.7,NONE,True
SESS_2026090542,TRD_10542,EXPERIENCED_3Y_PLUS,749943,BANKNIFTY,5,1,1.16,0,False,90240.41,337.61,89902.8,0.0,8.7,16.7,11.3,NONE,True
SESS_2026090543,TRD_10543,INTERMEDIATE_1_2Y,143512,NIFTY,25,4,3.99,3,True,-57196.67,1785.68,-58982.35,0.0303,34.0,6.0,69.9,SL_DRAG_FRICTION_WARNING,True
SESS_2026090544,TRD_10544,ALGO_SEMI_AUTOMATED,1428184,NIFTY,56,1,0.96,0,False,-27710.45,2973.22,-30683.67,0.0969,16.5,34.4,20.5,NONE,True
SESS_2026090545,TRD_10545,EXPERIENCED_3Y_PLUS,776366,BANKNIFTY,7,0,1.02,0,False,90615.03,498.49,90116.54,0.0,16.9,34.9,11.3,NONE,True
SESS_2026090546,TRD_10546,INTERMEDIATE_1_2Y,183500,BANKNIFTY,37,4,3.52,2,True,-40940.49,2291.47,-43231.96,0.053,43.5,6.8,58.6,SL_DRAG_FRICTION_WARNING,False
SESS_2026090547,TRD_10547,NOVICE_UNDER_6M,63986,NIFTY,21,6,2.6,1,True,-9981.01,1384.9,-11365.91,0.1218,31.4,6.4,52.6,SL_DRAG_FRICTION_WARNING,False
SESS_2026090548,TRD_10548,NOVICE_UNDER_6M,40600,NIFTY,55,0,1.06,0,False,-131.43,3894.07,-4025.5,0.9674,8.0,28.9,13.7,NONE,True
SESS_2026090549,TRD_10549,INTERMEDIATE_1_2Y,191661,NIFTY,26,3,2.71,2,True,-25764.6,1556.82,-27321.42,0.057,48.4,2.6,45.3,SL_DRAG_FRICTION_WARNING,True
SESS_2026090550,TRD_10550,NOVICE_UNDER_6M,75154,MIDCPNIFTY,37,3,3.73,1,True,-11719.47,2441.94,-14161.41,0.1724,35.2,3.4,54.8,SL_DRAG_FRICTION_WARNING,True
SESS_2026090551,TRD_10551,EXPERIENCED_3Y_PLUS,487809,FINNIFTY,33,7,2.7,4,True,-134690.65,1809.15,-136499.8,0.0133,49.9,2.5,65.6,SL_DRAG_FRICTION_WARNING,False
SESS_2026090552,TRD_10552,ALGO_SEMI_AUTOMATED,962043,NIFTY,64,0,1.16,0,False,28956.23,3769.43,25186.8,0.0,7.0,31.1,27.6,NONE,True
SESS_2026090553,TRD_10553,NOVICE_UNDER_6M,22950,SENSEX,65,1,1.02,0,False,260.98,3449.73,-3188.75,0.9297,14.8,34.0,23.3,NONE,True
SESS_2026090554,TRD_10554,INTERMEDIATE_1_2Y,81973,NIFTY,32,3,2.36,5,True,-8094.9,2200.72,-10295.62,0.2138,44.9,2.9,62.8,SL_DRAG_FRICTION_WARNING,True
SESS_2026090555,TRD_10555,EXPERIENCED_3Y_PLUS,964593,NIFTY,12,0,0.97,0,False,-33432.67,773.27,-34205.94,0.0226,11.2,30.5,13.4,NONE,True
SESS_2026090556,TRD_10556,NOVICE_UNDER_6M,34033,BANKNIFTY,42,0,1.05,0,False,-515.06,2778.54,-3293.6,0.8436,11.7,25.0,19.7,NONE,True
SESS_2026090557,TRD_10557,INTERMEDIATE_1_2Y,152397,BANKNIFTY,25,5,3.24,2,True,-31807.3,1514.81,-33322.11,0.0455,32.8,4.5,52.0,SL_DRAG_FRICTION_WARNING,True
SESS_2026090558,TRD_10558,NOVICE_UNDER_6M,45626,SENSEX,57,4,2.56,4,False,-17508.31,2840.7,-20349.01,0.1396,51.2,3.5,63.8,SL_DRAG_FRICTION_WARNING,True
SESS_2026090559,TRD_10559,NOVICE_UNDER_6M,31904,NIFTY,42,0,1.02,0,False,1567.57,2482.58,-915.01,0.613,15.2,12.4,18.1,NONE,True
SESS_2026090560,TRD_10560,EXPERIENCED_3Y_PLUS,972771,FINNIFTY,24,5,3.7,2,False,-159838.16,1348.61,-161186.77,0.0084,62.9,4.2,60.0,SL_DRAG_FRICTION_WARNING,True
SESS_2026090561,TRD_10561,EXPERIENCED_3Y_PLUS,374659,SENSEX,31,0,1.04,0,True,10969.25,1830.36,9138.89,0.0,10.7,12.3,16.9,0DTE_HERO_OR_ZERO_THETA_DECAY_WARNING,True
SESS_2026090562,TRD_10562,INTERMEDIATE_1_2Y,196320,BANKNIFTY,37,0,1.09,0,False,7269.58,2126.76,5142.82,0.0,10.3,27.5,16.3,NONE,True
SESS_2026090563,TRD_10563,NOVICE_UNDER_6M,24562,BANKNIFTY,20,10,4.1,2,True,-5144.79,1339.21,-6484.0,0.2065,57.5,4.2,75.4,MANDATORY_COOLOFF_15MIN_LOCKOUT,True
SESS_2026090564,TRD_10564,NOVICE_UNDER_6M,41245,NIFTY,33,2,2.66,1,True,-6089.47,2047.5,-8136.97,0.2516,73.2,4.4,43.2,MARTINGALE_LOT_SIZE_OVERRIDE_ALERT,False
SESS_2026090565,TRD_10565,INTERMEDIATE_1_2Y,82701,BANKNIFTY,8,1,1.25,0,False,702.08,439.83,262.25,0.0,14.8,25.7,17.6,NONE,True
SESS_2026090566,TRD_10566,NOVICE_UNDER_6M,47193,NIFTY,34,1,1.0,0,True,391.12,1850.56,-1459.44,0.8255,6.2,25.3,18.6,0DTE_HERO_OR_ZERO_THETA_DECAY_WARNING,True
SESS_2026090567,TRD_10567,INTERMEDIATE_1_2Y,188649,NIFTY,33,1,0.93,0,False,-9472.84,1758.0,-11230.84,0.1565,8.3,19.9,11.4,NONE,True
SESS_2026090568,TRD_10568,EXPERIENCED_3Y_PLUS,1156184,BANKNIFTY,12,1,0.97,0,False,86759.67,769.85,85989.82,0.0,14.5,34.1,11.7,NONE,True
SESS_2026090569,TRD_10569,INTERMEDIATE_1_2Y,232454,BANKNIFTY,42,0,1.11,0,True,-15832.58,2512.12,-18344.7,0.1369,11.8,16.0,17.1,0DTE_HERO_OR_ZERO_THETA_DECAY_WARNING,False
SESS_2026090570,TRD_10570,EXPERIENCED_3Y_PLUS,1227917,NIFTY,15,0,1.29,0,False,-77880.39,1029.41,-78909.8,0.013,9.1,27.6,6.4,NONE,True
SESS_2026090571,TRD_10571,INTERMEDIATE_1_2Y,136233,BANKNIFTY,15,6,3.28,5,False,-30464.98,1042.67,-31507.65,0.0331,63.5,5.9,61.6,SL_DRAG_FRICTION_WARNING,False
SESS_2026090572,TRD_10572,NOVICE_UNDER_6M,63713,SENSEX,39,3,4.44,3,False,-10949.14,2442.64,-13391.78,0.1824,62.8,6.9,64.4,SL_DRAG_FRICTION_WARNING,True
SESS_2026090573,TRD_10573,INTERMEDIATE_1_2Y,165620,BANKNIFTY,18,4,3.07,3,True,-23823.27,930.66,-24753.93,0.0376,63.1,4.5,54.7,SL_DRAG_FRICTION_WARNING,True
SESS_2026090574,TRD_10574,EXPERIENCED_3Y_PLUS,1015138,SENSEX,8,1,1.13,0,True,-39677.61,416.88,-40094.49,0.0104,16.0,22.9,16.9,0DTE_HERO_OR_ZERO_THETA_DECAY_WARNING,True
SESS_2026090575,TRD_10575,INTERMEDIATE_1_2Y,190098,SENSEX,20,1,1.14,0,True,18625.32,1416.88,17208.44,0.0,11.1,33.1,26.0,0DTE_HERO_OR_ZERO_THETA_DECAY_WARNING,True
SESS_2026090576,TRD_10576,INTERMEDIATE_1_2Y,201917,BANKNIFTY,49,0,1.12,0,False,-3780.6,3260.31,-7040.91,0.4631,6.8,19.8,16.9,NONE,True
SESS_2026090577,TRD_10577,INTERMEDIATE_1_2Y,77910,SENSEX,47,6,4.64,5,False,-19757.36,3255.16,-23012.52,0.1415,68.8,6.9,80.6,MANDATORY_COOLOFF_15MIN_LOCKOUT,False
SESS_2026090578,TRD_10578,NOVICE_UNDER_6M,63704,SENSEX,45,5,4.0,4,True,-13098.53,3118.59,-16217.12,0.1923,32.3,4.0,73.3,SL_DRAG_FRICTION_WARNING,True
SESS_2026090579,TRD_10579,EXPERIENCED_3Y_PLUS,577408,NIFTY,23,0,1.18,0,True,25283.17,1589.69,23693.48,0.0,12.4,21.0,15.6,0DTE_HERO_OR_ZERO_THETA_DECAY_WARNING,True
SESS_2026090580,TRD_10580,EXPERIENCED_3Y_PLUS,727359,NIFTY,10,0,1.06,0,False,46649.84,622.2,46027.64,0.0,7.9,12.6,10.2,NONE,True
SESS_2026090581,TRD_10581,NOVICE_UNDER_6M,56034,BANKNIFTY,68,3,3.09,3,True,-19212.34,3750.27,-22962.61,0.1633,27.4,5.3,70.2,SL_DRAG_FRICTION_WARNING,True
SESS_2026090582,TRD_10582,NOVICE_UNDER_6M,46112,SENSEX,67,0,1.02,0,False,1520.07,4364.68,-2844.61,0.7417,15.4,28.4,19.5,NONE,True
SESS_2026090583,TRD_10583,EXPERIENCED_3Y_PLUS,565227,BANKNIFTY,17,0,1.04,0,True,-49226.53,989.35,-50215.88,0.0197,11.1,21.5,16.2,0DTE_HERO_OR_ZERO_THETA_DECAY_WARNING,True
SESS_2026090584,TRD_10584,NOVICE_UNDER_6M,37949,NIFTY,18,1,1.08,0,False,-71.04,1046.92,-1117.96,0.9365,10.7,18.1,7.0,NONE,True
SESS_2026090585,TRD_10585,INTERMEDIATE_1_2Y,162325,MIDCPNIFTY,52,0,1.06,0,False,122.11,3156.37,-3034.26,0.9628,11.5,34.3,23.4,NONE,True
SESS_2026090586,TRD_10586,INTERMEDIATE_1_2Y,204805,NIFTY,26,4,3.41,4,True,-54397.01,1428.7,-55825.71,0.0256,67.6,2.6,63.6,SL_DRAG_FRICTION_WARNING,True
SESS_2026090587,TRD_10587,INTERMEDIATE_1_2Y,142244,BANKNIFTY,21,4,3.88,2,False,-45549.24,1380.79,-46930.03,0.0294,40.3,3.4,52.2,SL_DRAG_FRICTION_WARNING,True
SESS_2026090588,TRD_10588,INTERMEDIATE_1_2Y,173308,NIFTY,13,5,2.98,2,True,-27096.06,665.44,-27761.5,0.024,43.9,6.2,54.8,SL_DRAG_FRICTION_WARNING,True
SESS_2026090589,TRD_10589,INTERMEDIATE_1_2Y,198468,BANKNIFTY,17,0,1.15,0,False,-3921.59,1036.73,-4958.32,0.2091,10.9,17.4,16.1,NONE,True
SESS_2026090590,TRD_10590,ALGO_SEMI_AUTOMATED,2565670,NIFTY,108,0,1.17,0,False,105278.53,6638.23,98640.3,0.0,12.9,30.3,26.4,NONE,True
SESS_2026090591,TRD_10591,INTERMEDIATE_1_2Y,113568,FINNIFTY,32,0,1.23,0,False,-13821.63,2041.54,-15863.17,0.1287,15.0,23.6,19.8,NONE,True
SESS_2026090592,TRD_10592,NOVICE_UNDER_6M,48645,FINNIFTY,64,4,4.01,4,True,-13538.08,3976.54,-17514.62,0.227,29.2,4.7,69.9,SL_DRAG_FRICTION_WARNING,True
SESS_2026090593,TRD_10593,INTERMEDIATE_1_2Y,111568,NIFTY,10,1,1.0,0,True,-7965.17,541.33,-8506.5,0.0636,7.2,15.9,17.4,0DTE_HERO_OR_ZERO_THETA_DECAY_WARNING,True
SESS_2026090594,TRD_10594,NOVICE_UNDER_6M,41452,BANKNIFTY,31,6,3.01,1,True,-10575.08,1729.22,-12304.3,0.1405,44.5,3.6,49.2,SL_DRAG_FRICTION_WARNING,True
SESS_2026090595,TRD_10595,NOVICE_UNDER_6M,37430,BANKNIFTY,47,1,1.06,0,False,-1240.37,2879.92,-4120.29,0.699,17.4,18.2,26.3,NONE,True
SESS_2026090596,TRD_10596,NOVICE_UNDER_6M,29908,BANKNIFTY,14,0,1.0,0,False,256.22,935.83,-679.61,0.7851,14.1,17.7,9.3,NONE,True
SESS_2026090597,TRD_10597,NOVICE_UNDER_6M,31218,SENSEX,41,10,3.09,5,False,-3982.76,2412.51,-6395.27,0.3772,51.9,4.1,80.2,MANDATORY_COOLOFF_15MIN_LOCKOUT,True
SESS_2026090598,TRD_10598,ALGO_SEMI_AUTOMATED,1447883,MIDCPNIFTY,100,0,0.9,0,False,111593.79,5712.37,105881.42,0.0,11.8,25.8,18.4,NONE,True
SESS_2026090599,TRD_10599,INTERMEDIATE_1_2Y,180813,NIFTY,28,7,3.41,2,True,-40454.11,1531.8,-41985.91,0.0365,31.1,2.7,67.3,SL_DRAG_FRICTION_WARNING,True
SESS_2026090600,TRD_10600,INTERMEDIATE_1_2Y,186051,NIFTY,50,7,3.04,2,False,-15624.2,2809.96,-18434.16,0.1524,47.6,3.2,56.7,SL_DRAG_FRICTION_WARNING,True
SESS_2026090601,TRD_10601,NOVICE_UNDER_6M,54561,NIFTY,41,5,4.25,3,True,-9662.31,2497.52,-12159.83,0.2054,69.8,5.5,73.7,SL_DRAG_FRICTION_WARNING,False
SESS_2026090602,TRD_10602,INTERMEDIATE_1_2Y,194397,SENSEX,14,8,3.62,3,True,-52200.63,731.53,-52932.16,0.0138,65.6,6.1,69.4,SL_DRAG_FRICTION_WARNING,True
SESS_2026090603,TRD_10603,INTERMEDIATE_1_2Y,157453,BANKNIFTY,48,0,1.12,0,False,-9346.2,3244.36,-12590.56,0.2577,14.2,28.3,14.5,NONE,True
SESS_2026090604,TRD_10604,NOVICE_UNDER_6M,51946,MIDCPNIFTY,50,10,4.57,1,True,-22044.77,3581.12,-25625.89,0.1397,60.2,5.0,78.4,MANDATORY_COOLOFF_15MIN_LOCKOUT,True
SESS_2026090605,TRD_10605,NOVICE_UNDER_6M,47606,BANKNIFTY,23,7,3.63,3,True,-16268.12,1619.33,-17887.45,0.0905,54.4,5.7,67.4,SL_DRAG_FRICTION_WARNING,False
SESS_2026090606,TRD_10606,NOVICE_UNDER_6M,64191,SENSEX,45,8,2.12,5,True,-8932.66,2162.11,-11094.77,0.1949,55.7,5.4,66.4,SL_DRAG_FRICTION_WARNING,True
SESS_2026090607,TRD_10607,INTERMEDIATE_1_2Y,249582,NIFTY,22,1,1.0,0,False,13449.15,1522.65,11926.5,0.0,11.6,20.3,17.3,NONE,True
SESS_2026090608,TRD_10608,NOVICE_UNDER_6M,38352,BANKNIFTY,27,5,1.95,1,True,-7042.12,1929.81,-8971.93,0.2151,53.6,2.1,41.7,SL_DRAG_FRICTION_WARNING,True
SESS_2026090609,TRD_10609,INTERMEDIATE_1_2Y,108771,NIFTY,22,0,0.93,0,False,12457.82,1499.79,10958.03,0.0,6.3,30.3,12.6,NONE,True
SESS_2026090610,TRD_10610,ALGO_SEMI_AUTOMATED,1157661,NIFTY,71,0,1.15,0,False,20273.03,4155.25,16117.78,0.0,8.8,13.7,26.2,NONE,True
SESS_2026090611,TRD_10611,NOVICE_UNDER_6M,33683,FINNIFTY,66,1,1.01,0,False,3601.92,3868.0,-266.08,0.5178,6.8,14.9,26.7,NONE,True
SESS_2026090612,TRD_10612,NOVICE_UNDER_6M,41265,BANKNIFTY,40,7,3.41,2,True,-12526.17,2495.59,-15021.76,0.1661,29.8,5.8,66.1,SL_DRAG_FRICTION_WARNING,True
SESS_2026090613,TRD_10613,NOVICE_UNDER_6M,59259,NIFTY,55,0,1.1,0,False,892.6,2782.57,-1889.97,0.7571,6.3,23.9,21.0,NONE,True
SESS_2026090614,TRD_10614,ALGO_SEMI_AUTOMATED,646645,BANKNIFTY,89,0,1.19,0,True,-3237.85,5598.14,-8835.99,0.6336,12.1,20.2,29.1,0DTE_HERO_OR_ZERO_THETA_DECAY_WARNING,True
SESS_2026090615,TRD_10615,EXPERIENCED_3Y_PLUS,423149,NIFTY,17,0,1.01,0,False,-14778.71,955.9,-15734.61,0.0608,15.3,15.4,13.1,NONE,True
SESS_2026090616,TRD_10616,NOVICE_UNDER_6M,43521,NIFTY,11,0,0.95,0,False,-666.08,579.59,-1245.67,0.4653,16.0,31.8,11.7,NONE,True
SESS_2026090617,TRD_10617,INTERMEDIATE_1_2Y,228275,NIFTY,23,1,1.08,0,False,4753.46,1335.12,3418.34,0.0,12.9,34.2,23.1,NONE,True
SESS_2026090618,TRD_10618,EXPERIENCED_3Y_PLUS,451573,BANKNIFTY,14,0,1.05,0,False,-3449.78,743.61,-4193.39,0.1773,13.7,27.9,5.0,NONE,True
SESS_2026090619,TRD_10619,ALGO_SEMI_AUTOMATED,2086729,NIFTY,98,1,0.99,0,False,-238126.46,4974.93,-243101.39,0.0205,10.4,13.7,25.2,NONE,True
SESS_2026090620,TRD_10620,EXPERIENCED_3Y_PLUS,539661,SENSEX,10,0,0.94,0,True,50201.59,652.52,49549.07,0.0,8.4,16.0,11.7,0DTE_HERO_OR_ZERO_THETA_DECAY_WARNING,True
SESS_2026090621,TRD_10621,INTERMEDIATE_1_2Y,71244,SENSEX,42,0,1.16,0,True,-2102.76,2227.92,-4330.68,0.5145,13.9,32.4,27.4,0DTE_HERO_OR_ZERO_THETA_DECAY_WARNING,True
SESS_2026090622,TRD_10622,INTERMEDIATE_1_2Y,141445,BANKNIFTY,24,6,3.92,3,True,-19703.56,1227.34,-20930.9,0.0586,60.5,2.6,70.0,SL_DRAG_FRICTION_WARNING,True
SESS_2026090623,TRD_10623,NOVICE_UNDER_6M,41838,NIFTY,32,0,1.13,0,False,-2935.59,1725.83,-4661.42,0.3702,16.3,18.8,19.9,NONE,True
SESS_2026090624,TRD_10624,EXPERIENCED_3Y_PLUS,805951,BANKNIFTY,11,6,3.45,2,False,-170721.54,572.2,-171293.74,0.0033,64.2,6.0,46.4,SL_DRAG_FRICTION_WARNING,True
SESS_2026090625,TRD_10625,INTERMEDIATE_1_2Y,142212,BANKNIFTY,28,7,3.35,2,False,-29419.68,1875.3,-31294.98,0.0599,48.7,4.9,62.6,SL_DRAG_FRICTION_WARNING,True
SESS_2026090626,TRD_10626,NOVICE_UNDER_6M,37629,NIFTY,56,4,2.79,2,True,-11174.87,2801.92,-13976.79,0.2005,32.9,6.2,58.6,SL_DRAG_FRICTION_WARNING,True
SESS_2026090627,TRD_10627,INTERMEDIATE_1_2Y,119525,BANKNIFTY,11,0,1.04,0,False,-3989.77,628.95,-4618.72,0.1362,10.9,30.5,7.1,NONE,True
SESS_2026090628,TRD_10628,NOVICE_UNDER_6M,36411,BANKNIFTY,25,0,1.19,0,False,-3353.26,1365.85,-4719.11,0.2894,12.0,24.6,14.8,NONE,True
SESS_2026090629,TRD_10629,NOVICE_UNDER_6M,43245,BANKNIFTY,37,7,2.86,3,False,-9258.34,1898.42,-11156.76,0.1702,67.3,3.0,63.5,SL_DRAG_FRICTION_WARNING,False
SESS_2026090630,TRD_10630,NOVICE_UNDER_6M,55586,SENSEX,37,7,2.92,2,False,-9912.78,1786.56,-11699.34,0.1527,72.3,6.1,51.2,SL_DRAG_FRICTION_WARNING,False
SESS_2026090631,TRD_10631,NOVICE_UNDER_6M,63191,BANKNIFTY,25,0,1.05,0,False,2822.72,1476.84,1345.88,0.0,15.4,29.4,5.0,NONE,True
SESS_2026090632,TRD_10632,NOVICE_UNDER_6M,59095,NIFTY,28,7,3.68,2,True,-12971.21,1430.25,-14401.46,0.0993,52.9,3.9,65.7,SL_DRAG_FRICTION_WARNING,False
SESS_2026090633,TRD_10633,NOVICE_UNDER_6M,61345,BANKNIFTY,29,7,3.14,3,True,-10478.5,2033.81,-12512.31,0.1625,41.3,2.1,66.6,SL_DRAG_FRICTION_WARNING,True
SESS_2026090634,TRD_10634,INTERMEDIATE_1_2Y,292833,NIFTY,22,1,1.25,0,False,-17602.98,1113.36,-18716.34,0.0595,10.7,24.3,13.3,NONE,True
SESS_2026090635,TRD_10635,INTERMEDIATE_1_2Y,264778,SENSEX,14,6,2.18,3,True,-26521.07,767.36,-27288.43,0.0281,34.3,2.3,52.1,SL_DRAG_FRICTION_WARNING,True
SESS_2026090636,TRD_10636,INTERMEDIATE_1_2Y,196736,NIFTY,13,6,2.68,4,True,-44824.94,773.21,-45598.15,0.017,32.9,2.6,69.9,SL_DRAG_FRICTION_WARNING,False
SESS_2026090637,TRD_10637,INTERMEDIATE_1_2Y,102235,NIFTY,19,1,0.98,0,False,4424.47,1121.28,3303.19,0.0,9.7,16.7,17.8,NONE,True
SESS_2026090638,TRD_10638,NOVICE_UNDER_6M,37394,MIDCPNIFTY,69,8,3.49,2,True,-9112.17,3376.72,-12488.89,0.2704,53.5,4.5,78.7,MANDATORY_COOLOFF_15MIN_LOCKOUT,False
SESS_2026090639,TRD_10639,NOVICE_UNDER_6M,42807,BANKNIFTY,52,1,1.08,0,False,4226.99,3411.09,815.9,0.0,8.1,17.7,25.8,NONE,True
SESS_2026090640,TRD_10640,INTERMEDIATE_1_2Y,156583,BANKNIFTY,46,6,3.13,4,True,-32730.45,2530.25,-35260.7,0.0718,68.5,3.4,78.1,MANDATORY_COOLOFF_15MIN_LOCKOUT,False
SESS_2026090641,TRD_10641,INTERMEDIATE_1_2Y,117545,NIFTY,27,0,1.28,0,True,-3730.61,1588.21,-5318.82,0.2986,7.3,29.6,18.0,0DTE_HERO_OR_ZERO_THETA_DECAY_WARNING,True
SESS_2026090642,TRD_10642,NOVICE_UNDER_6M,47793,BANKNIFTY,33,7,3.8,2,False,-20004.72,1674.83,-21679.55,0.0773,67.8,4.0,65.1,SL_DRAG_FRICTION_WARNING,True
SESS_2026090643,TRD_10643,NOVICE_UNDER_6M,47106,NIFTY,17,4,4.46,1,False,-19277.25,857.01,-20134.26,0.0426,67.1,2.9,48.9,SL_DRAG_FRICTION_WARNING,True
SESS_2026090644,TRD_10644,NOVICE_UNDER_6M,48739,NIFTY,31,7,3.64,1,True,-9682.03,1648.83,-11330.86,0.1455,35.8,2.2,58.5,SL_DRAG_FRICTION_WARNING,False
SESS_2026090645,TRD_10645,NOVICE_UNDER_6M,52543,NIFTY,45,1,1.11,0,False,-1195.83,2377.88,-3573.71,0.6654,13.2,13.1,15.2,NONE,True
SESS_2026090646,TRD_10646,INTERMEDIATE_1_2Y,122468,BANKNIFTY,46,2,2.15,1,False,-12609.95,2314.65,-14924.6,0.1551,59.0,2.3,39.2,PNL_PROTECT_DAILY_LIMIT_ENFORCEMENT,True
SESS_2026090647,TRD_10647,EXPERIENCED_3Y_PLUS,331014,NIFTY,16,0,1.07,0,False,38566.21,814.39,37751.82,0.0,8.5,24.5,7.0,NONE,True
SESS_2026090648,TRD_10648,NOVICE_UNDER_6M,37907,NIFTY,29,5,2.99,2,True,-7743.82,1648.81,-9392.63,0.1755,28.3,6.1,57.9,SL_DRAG_FRICTION_WARNING,True
SESS_2026090649,TRD_10649,INTERMEDIATE_1_2Y,183632,BANKNIFTY,54,6,4.77,4,True,-15709.5,3494.42,-19203.92,0.182,73.0,5.0,87.9,MANDATORY_COOLOFF_15MIN_LOCKOUT,False
SESS_2026090650,TRD_10650,NOVICE_UNDER_6M,72382,FINNIFTY,43,6,4.18,2,False,-15428.63,2667.76,-18096.39,0.1474,49.1,3.7,61.3,SL_DRAG_FRICTION_WARNING,True
SESS_2026090651,TRD_10651,NOVICE_UNDER_6M,50566,BANKNIFTY,68,6,4.23,2,False,-19000.22,3875.22,-22875.44,0.1694,62.9,5.1,73.0,SL_DRAG_FRICTION_WARNING,True
SESS_2026090652,TRD_10652,INTERMEDIATE_1_2Y,106436,SENSEX,19,9,3.48,4,False,-21891.35,1258.79,-23150.14,0.0544,41.4,3.4,62.0,SL_DRAG_FRICTION_WARNING,True
SESS_2026090653,TRD_10653,INTERMEDIATE_1_2Y,128422,SENSEX,10,0,1.02,0,False,19558.96,672.35,18886.61,0.0,6.6,33.1,8.4,NONE,True
SESS_2026090654,TRD_10654,NOVICE_UNDER_6M,54744,SENSEX,25,0,0.99,0,False,6826.44,1231.26,5595.18,0.0,6.8,23.3,21.4,NONE,True
SESS_2026090655,TRD_10655,NOVICE_UNDER_6M,33723,SENSEX,23,8,2.76,2,True,-10629.2,1338.06,-11967.26,0.1118,48.4,2.8,59.7,SL_DRAG_FRICTION_WARNING,True
SESS_2026090656,TRD_10656,INTERMEDIATE_1_2Y,130714,SENSEX,30,0,1.0,0,False,-2521.26,1560.79,-4082.05,0.3824,7.0,34.4,10.6,NONE,True
SESS_2026090657,TRD_10657,INTERMEDIATE_1_2Y,214759,BANKNIFTY,37,1,0.93,0,False,23201.65,2304.52,20897.13,0.0,16.2,29.5,19.8,NONE,True
SESS_2026090658,TRD_10658,INTERMEDIATE_1_2Y,106646,BANKNIFTY,36,5,3.23,2,True,-25831.99,1861.68,-27693.67,0.0672,28.6,2.7,59.3,SL_DRAG_FRICTION_WARNING,True
SESS_2026090659,TRD_10659,NOVICE_UNDER_6M,55983,NIFTY,34,1,1.24,0,False,848.81,1965.57,-1116.76,0.6984,11.9,26.7,20.2,NONE,True
SESS_2026090660,TRD_10660,NOVICE_UNDER_6M,27631,NIFTY,59,6,2.73,2,True,-6451.09,3523.89,-9974.98,0.3533,70.7,5.6,61.8,SL_DRAG_FRICTION_WARNING,True
SESS_2026090661,TRD_10661,EXPERIENCED_3Y_PLUS,1190927,NIFTY,21,0,1.2,0,False,37461.45,1082.53,36378.92,0.0,14.5,12.6,8.6,NONE,True
SESS_2026090662,TRD_10662,ALGO_SEMI_AUTOMATED,1667506,NIFTY,117,0,1.08,0,False,95137.09,7425.47,87711.62,0.0,16.1,12.3,25.6,NONE,True
SESS_2026090663,TRD_10663,NOVICE_UNDER_6M,50520,SENSEX,57,4,3.18,4,True,-10224.78,3259.65,-13484.43,0.2417,40.1,6.8,69.8,SL_DRAG_FRICTION_WARNING,True
SESS_2026090664,TRD_10664,INTERMEDIATE_1_2Y,148508,BANKNIFTY,44,0,0.97,0,False,-6322.12,2333.26,-8655.38,0.2696,15.6,30.7,17.7,NONE,True
SESS_2026090665,TRD_10665,INTERMEDIATE_1_2Y,61611,BANKNIFTY,18,0,0.95,0,False,2911.9,937.71,1974.19,0.0,12.3,27.1,5.7,NONE,True
SESS_2026090666,TRD_10666,NOVICE_UNDER_6M,43706,MIDCPNIFTY,44,4,4.46,2,False,-14000.88,2913.68,-16914.56,0.1723,34.3,2.3,61.8,SL_DRAG_FRICTION_WARNING,True
SESS_2026090667,TRD_10667,ALGO_SEMI_AUTOMATED,1704148,BANKNIFTY,81,0,0.96,0,True,-194826.87,4344.41,-199171.28,0.0218,7.5,13.5,34.3,0DTE_HERO_OR_ZERO_THETA_DECAY_WARNING,True
SESS_2026090668,TRD_10668,NOVICE_UNDER_6M,57575,BANKNIFTY,11,10,3.61,3,True,-15205.18,665.3,-15870.48,0.0419,35.6,6.0,75.7,MANDATORY_COOLOFF_15MIN_LOCKOUT,True
SESS_2026090669,TRD_10669,NOVICE_UNDER_6M,57406,NIFTY,39,7,3.04,2,True,-12209.14,2784.89,-14994.03,0.1857,43.1,4.0,62.9,SL_DRAG_FRICTION_WARNING,False
SESS_2026090670,TRD_10670,NOVICE_UNDER_6M,59829,BANKNIFTY,10,1,1.12,0,False,5206.2,547.07,4659.13,0.0,7.7,25.8,10.8,NONE,True
SESS_2026090671,TRD_10671,EXPERIENCED_3Y_PLUS,593886,BANKNIFTY,18,1,1.06,0,False,70135.53,1003.18,69132.35,0.0,6.0,26.7,8.3,NONE,True
SESS_2026090672,TRD_10672,INTERMEDIATE_1_2Y,191036,BANKNIFTY,43,0,1.1,0,False,12109.18,2423.48,9685.7,0.0,11.8,29.0,26.2,NONE,True
SESS_2026090673,TRD_10673,NOVICE_UNDER_6M,46831,NIFTY,42,0,1.12,0,False,94.66,2592.47,-2497.81,0.9648,8.3,15.3,15.2,NONE,True
SESS_2026090674,TRD_10674,ALGO_SEMI_AUTOMATED,2197262,NIFTY,73,0,1.01,0,False,-143022.9,4285.89,-147308.79,0.0291,12.6,32.1,25.9,NONE,True
SESS_2026090675,TRD_10675,EXPERIENCED_3Y_PLUS,506607,BANKNIFTY,10,0,0.96,0,False,-16033.77,572.04,-16605.81,0.0344,6.4,33.4,12.6,NONE,True
SESS_2026090676,TRD_10676,NOVICE_UNDER_6M,40506,BANKNIFTY,45,0,1.1,0,False,2585.7,2519.43,66.27,0.0,13.6,23.3,19.7,NONE,True
SESS_2026090677,TRD_10677,INTERMEDIATE_1_2Y,277511,SENSEX,13,9,3.78,3,True,-69238.8,696.81,-69935.61,0.01,64.3,6.8,76.7,MANDATORY_COOLOFF_15MIN_LOCKOUT,True
SESS_2026090678,TRD_10678,EXPERIENCED_3Y_PLUS,539932,BANKNIFTY,8,0,1.12,0,True,67459.75,494.77,66964.98,0.0,10.4,31.6,16.1,0DTE_HERO_OR_ZERO_THETA_DECAY_WARNING,True
SESS_2026090679,TRD_10679,NOVICE_UNDER_6M,62082,BANKNIFTY,67,5,3.64,3,True,-16097.5,4081.58,-20179.08,0.2023,55.1,3.1,73.0,SL_DRAG_FRICTION_WARNING,True
SESS_2026090680,TRD_10680,EXPERIENCED_3Y_PLUS,437556,NIFTY,28,1,1.1,0,True,35097.37,1900.25,33197.12,0.0,9.4,29.2,25.2,0DTE_HERO_OR_ZERO_THETA_DECAY_WARNING,True
SESS_2026090681,TRD_10681,INTERMEDIATE_1_2Y,203416,BANKNIFTY,21,1,1.09,0,False,-20294.8,1416.35,-21711.15,0.0652,9.5,34.2,16.0,NONE,True
SESS_2026090682,TRD_10682,INTERMEDIATE_1_2Y,106628,NIFTY,35,0,1.11,0,True,-417.44,2009.12,-2426.56,0.828,16.4,16.1,26.6,0DTE_HERO_OR_ZERO_THETA_DECAY_WARNING,False
SESS_2026090683,TRD_10683,INTERMEDIATE_1_2Y,325167,FINNIFTY,29,7,4.76,3,True,-62981.14,1527.78,-64508.92,0.0237,51.4,3.4,77.6,MANDATORY_COOLOFF_15MIN_LOCKOUT,False
SESS_2026090684,TRD_10684,NOVICE_UNDER_6M,44303,NIFTY,21,0,1.17,0,False,-3242.08,1358.76,-4600.84,0.2953,11.5,15.8,12.9,NONE,True
SESS_2026090685,TRD_10685,ALGO_SEMI_AUTOMATED,1117850,NIFTY,92,0,1.02,0,False,93159.22,5247.44,87911.78,0.0,7.2,30.1,24.0,NONE,True
SESS_2026090686,TRD_10686,EXPERIENCED_3Y_PLUS,1350035,BANKNIFTY,19,3,3.06,2,False,-369278.77,1109.82,-370388.59,0.003,30.9,4.6,47.0,SL_DRAG_FRICTION_WARNING,True
SESS_2026090687,TRD_10687,NOVICE_UNDER_6M,33349,SENSEX,31,6,2.68,3,False,-11979.04,1832.97,-13812.01,0.1327,74.6,5.4,61.0,SL_DRAG_FRICTION_WARNING,False
SESS_2026090688,TRD_10688,NOVICE_UNDER_6M,43940,BANKNIFTY,40,2,2.52,1,True,-9561.92,2867.86,-12429.78,0.2307,70.4,3.1,37.3,MARTINGALE_LOT_SIZE_OVERRIDE_ALERT,True
SESS_2026090689,TRD_10689,NOVICE_UNDER_6M,50760,BANKNIFTY,30,1,1.01,0,True,4296.17,1827.01,2469.16,0.0,9.9,28.4,22.8,0DTE_HERO_OR_ZERO_THETA_DECAY_WARNING,True
SESS_2026090690,TRD_10690,NOVICE_UNDER_6M,54931,NIFTY,31,1,0.95,0,False,1559.1,2048.61,-489.51,0.5678,12.5,30.8,18.3,NONE,True
SESS_2026090691,TRD_10691,ALGO_SEMI_AUTOMATED,953123,NIFTY,104,0,1.07,0,False,-53317.81,5394.38,-58712.19,0.0919,7.5,15.0,27.4,NONE,True
SESS_2026090692,TRD_10692,INTERMEDIATE_1_2Y,176253,NIFTY,42,10,3.31,2,True,-78819.34,2319.0,-81138.34,0.0286,46.2,6.7,77.7,MANDATORY_COOLOFF_15MIN_LOCKOUT,False
SESS_2026090693,TRD_10693,INTERMEDIATE_1_2Y,196643,NIFTY,26,0,1.06,0,False,-10839.07,1309.78,-12148.85,0.1078,10.2,24.4,12.5,NONE,True
SESS_2026090694,TRD_10694,ALGO_SEMI_AUTOMATED,2099408,BANKNIFTY,55,0,1.17,0,False,33294.22,3006.16,30288.06,0.0,7.6,24.7,21.5,NONE,True
SESS_2026090695,TRD_10695,NOVICE_UNDER_6M,49253,NIFTY,26,0,1.03,0,True,1871.96,1582.4,289.56,0.0,9.1,21.8,15.1,0DTE_HERO_OR_ZERO_THETA_DECAY_WARNING,True
SESS_2026090696,TRD_10696,NOVICE_UNDER_6M,56306,BANKNIFTY,71,0,1.11,0,False,-3722.42,4807.95,-8530.37,0.5636,13.8,23.8,20.3,NONE,True
SESS_2026090697,TRD_10697,NOVICE_UNDER_6M,43841,SENSEX,64,4,3.36,3,True,-5636.1,4267.12,-9903.22,0.4309,41.5,2.4,74.2,SL_DRAG_FRICTION_WARNING,True
SESS_2026090698,TRD_10698,NOVICE_UNDER_6M,59408,NIFTY,27,10,2.8,5,False,-8436.32,1677.56,-10113.88,0.1659,31.2,4.6,71.9,SL_DRAG_FRICTION_WARNING,True
SESS_2026090699,TRD_10699,INTERMEDIATE_1_2Y,178182,BANKNIFTY,21,3,2.26,2,False,-35282.92,1405.53,-36688.45,0.0383,34.0,6.0,37.1,SL_DRAG_FRICTION_WARNING,True
SESS_2026090700,TRD_10700,NOVICE_UNDER_6M,64259,NIFTY,31,0,0.92,0,False,-1447.26,2035.15,-3482.41,0.5844,7.9,14.9,19.5,NONE,True
SESS_2026090701,TRD_10701,NOVICE_UNDER_6M,72682,BANKNIFTY,44,6,3.7,1,False,-21128.83,2563.72,-23692.55,0.1082,64.9,4.5,58.7,SL_DRAG_FRICTION_WARNING,False
SESS_2026090702,TRD_10702,INTERMEDIATE_1_2Y,259533,BANKNIFTY,40,8,4.45,2,True,-48146.19,2827.07,-50973.26,0.0555,29.5,2.4,76.8,MANDATORY_COOLOFF_15MIN_LOCKOUT,False
SESS_2026090703,TRD_10703,EXPERIENCED_3Y_PLUS,738690,SENSEX,15,1,1.1,0,False,26475.03,963.64,25511.39,0.0,7.6,23.4,15.0,NONE,True
SESS_2026090704,TRD_10704,INTERMEDIATE_1_2Y,170378,SENSEX,16,4,4.01,1,True,-11896.12,1021.89,-12918.01,0.0791,51.7,3.7,63.6,SL_DRAG_FRICTION_WARNING,False
SESS_2026090705,TRD_10705,NOVICE_UNDER_6M,54242,NIFTY,15,4,4.37,3,False,-18401.66,847.18,-19248.84,0.044,33.7,3.8,53.0,SL_DRAG_FRICTION_WARNING,True
SESS_2026090706,TRD_10706,NOVICE_UNDER_6M,47451,NIFTY,23,0,1.2,0,False,-3743.48,1269.15,-5012.63,0.2532,12.5,29.6,13.5,NONE,True
SESS_2026090707,TRD_10707,INTERMEDIATE_1_2Y,215552,FINNIFTY,30,5,4.38,3,False,-45529.7,1791.55,-47321.25,0.0379,26.8,4.3,68.0,SL_DRAG_FRICTION_WARNING,True
SESS_2026090708,TRD_10708,NOVICE_UNDER_6M,51585,NIFTY,29,2,4.2,1,True,-18658.43,1749.97,-20408.4,0.0857,30.1,4.5,52.7,MARTINGALE_LOT_SIZE_OVERRIDE_ALERT,True
SESS_2026090709,TRD_10709,INTERMEDIATE_1_2Y,107168,FINNIFTY,33,5,2.96,2,True,-26698.8,2248.77,-28947.57,0.0777,65.6,2.5,58.0,SL_DRAG_FRICTION_WARNING,True
SESS_2026090710,TRD_10710,NOVICE_UNDER_6M,43034,BANKNIFTY,32,8,2.74,1,True,-5682.63,1659.12,-7341.75,0.226,44.7,5.7,58.4,SL_DRAG_FRICTION_WARNING,True
SESS_2026090711,TRD_10711,NOVICE_UNDER_6M,39967,NIFTY,32,0,1.02,0,False,4355.29,2183.47,2171.82,0.0,16.6,23.5,18.9,NONE,True
SESS_2026090712,TRD_10712,ALGO_SEMI_AUTOMATED,1341632,MIDCPNIFTY,44,0,0.97,0,False,-137853.45,2988.31,-140841.76,0.0212,6.2,27.7,13.5,NONE,True
SESS_2026090713,TRD_10713,NOVICE_UNDER_6M,23470,FINNIFTY,34,3,3.19,3,False,-8147.19,1847.04,-9994.23,0.1848,34.3,3.4,55.3,SL_DRAG_FRICTION_WARNING,True
SESS_2026090714,TRD_10714,INTERMEDIATE_1_2Y,198266,SENSEX,25,0,1.11,0,False,3120.89,1580.69,1540.2,0.0,8.2,34.8,14.3,NONE,True
SESS_2026090715,TRD_10715,INTERMEDIATE_1_2Y,78384,BANKNIFTY,55,1,0.93,0,False,230.08,3564.21,-3334.13,0.9394,16.4,20.7,24.6,NONE,True
SESS_2026090716,TRD_10716,INTERMEDIATE_1_2Y,312967,BANKNIFTY,19,0,1.06,0,False,-12610.06,1072.07,-13682.13,0.0784,9.7,18.2,9.5,NONE,True
SESS_2026090717,TRD_10717,NOVICE_UNDER_6M,28445,NIFTY,15,7,2.77,2,False,-3108.37,850.89,-3959.26,0.2149,30.0,2.9,52.2,SL_DRAG_FRICTION_WARNING,True
SESS_2026090718,TRD_10718,NOVICE_UNDER_6M,32055,BANKNIFTY,12,0,1.02,0,False,117.38,683.02,-565.64,0.8533,10.3,29.9,8.7,NONE,True
SESS_2026090719,TRD_10719,NOVICE_UNDER_6M,44001,BANKNIFTY,56,7,2.53,3,False,-8435.65,3931.87,-12367.52,0.3179,57.7,3.0,62.3,SL_DRAG_FRICTION_WARNING,True
SESS_2026090720,TRD_10720,ALGO_SEMI_AUTOMATED,1571576,NIFTY,63,0,1.06,0,False,66062.04,4372.08,61689.96,0.0,7.5,21.6,22.8,NONE,True
SESS_2026090721,TRD_10721,INTERMEDIATE_1_2Y,175827,BANKNIFTY,23,6,2.53,2,True,-29758.16,1196.15,-30954.31,0.0386,51.2,6.8,46.7,SL_DRAG_FRICTION_WARNING,True
SESS_2026090722,TRD_10722,EXPERIENCED_3Y_PLUS,1294410,NIFTY,12,0,1.14,0,False,46265.67,826.63,45439.04,0.0,14.9,21.1,13.1,NONE,True
SESS_2026090723,TRD_10723,INTERMEDIATE_1_2Y,218852,SENSEX,24,1,1.08,0,False,3485.25,1157.1,2328.15,0.0,6.0,25.2,15.7,NONE,True
SESS_2026090724,TRD_10724,EXPERIENCED_3Y_PLUS,1195394,BANKNIFTY,16,0,1.01,0,False,-76891.11,785.52,-77676.63,0.0101,14.5,24.7,11.1,NONE,True
SESS_2026090725,TRD_10725,INTERMEDIATE_1_2Y,105775,BANKNIFTY,44,0,1.18,0,True,-5827.2,2234.69,-8061.89,0.2772,17.8,34.8,25.2,0DTE_HERO_OR_ZERO_THETA_DECAY_WARNING,False
SESS_2026090726,TRD_10726,EXPERIENCED_3Y_PLUS,808977,BANKNIFTY,30,0,1.12,0,False,-81250.32,2027.46,-83277.78,0.0243,13.3,19.5,16.4,NONE,True
SESS_2026090727,TRD_10727,NOVICE_UNDER_6M,71454,FINNIFTY,23,0,1.12,0,False,1638.93,1437.6,201.33,0.0,17.3,17.9,11.4,NONE,True
SESS_2026090728,TRD_10728,INTERMEDIATE_1_2Y,115797,BANKNIFTY,26,4,3.54,4,True,-28972.67,1340.56,-30313.23,0.0442,47.3,5.6,62.2,SL_DRAG_FRICTION_WARNING,True
SESS_2026090729,TRD_10729,NOVICE_UNDER_6M,60321,BANKNIFTY,23,0,1.09,0,True,-1203.85,1439.52,-2643.37,0.5446,8.0,16.1,18.9,0DTE_HERO_OR_ZERO_THETA_DECAY_WARNING,True
SESS_2026090730,TRD_10730,NOVICE_UNDER_6M,30395,BANKNIFTY,26,1,0.96,0,False,552.87,1483.79,-930.92,0.7285,14.7,30.6,22.2,NONE,True
SESS_2026090731,TRD_10731,NOVICE_UNDER_6M,57711,BANKNIFTY,41,4,2.41,1,True,-5983.72,2072.64,-8056.36,0.2573,25.7,6.8,48.0,SL_DRAG_FRICTION_WARNING,True
SESS_2026090732,TRD_10732,ALGO_SEMI_AUTOMATED,1274530,NIFTY,88,1,1.13,0,False,-6947.37,4738.92,-11686.29,0.4055,15.8,19.1,22.8,NONE,True
SESS_2026090733,TRD_10733,ALGO_SEMI_AUTOMATED,1566911,BANKNIFTY,30,6,2.48,4,True,-478833.07,1717.48,-480550.55,0.0036,25.1,3.1,64.1,SL_DRAG_FRICTION_WARNING,True
SESS_2026090734,TRD_10734,EXPERIENCED_3Y_PLUS,537139,SENSEX,27,0,1.05,0,False,-21510.39,1345.44,-22855.83,0.0589,8.7,34.0,12.4,NONE,True
SESS_2026090735,TRD_10735,INTERMEDIATE_1_2Y,277919,BANKNIFTY,14,4,3.19,2,True,-54431.24,881.92,-55313.16,0.0159,46.3,6.5,53.7,SL_DRAG_FRICTION_WARNING,True
SESS_2026090736,TRD_10736,EXPERIENCED_3Y_PLUS,1097536,BANKNIFTY,11,0,1.21,0,False,-154019.49,774.34,-154793.83,0.005,14.5,13.8,14.3,NONE,True
SESS_2026090737,TRD_10737,NOVICE_UNDER_6M,41917,BANKNIFTY,31,1,1.15,0,True,-2985.34,1728.35,-4713.69,0.3667,11.1,28.7,27.4,0DTE_HERO_OR_ZERO_THETA_DECAY_WARNING,True
SESS_2026090738,TRD_10738,EXPERIENCED_3Y_PLUS,950269,SENSEX,13,1,1.11,0,False,62456.75,828.03,61628.72,0.0,15.5,19.7,13.6,NONE,True
SESS_2026090739,TRD_10739,INTERMEDIATE_1_2Y,163720,BANKNIFTY,29,0,1.03,0,False,6183.88,1912.81,4271.07,0.0,11.1,25.3,18.1,NONE,True
SESS_2026090740,TRD_10740,EXPERIENCED_3Y_PLUS,878728,NIFTY,11,11,2.08,3,False,-237892.54,752.07,-238644.61,0.0032,71.0,2.3,61.6,SL_DRAG_FRICTION_WARNING,True
SESS_2026090741,TRD_10741,INTERMEDIATE_1_2Y,105017,NIFTY,42,1,1.0,0,False,13647.41,2725.59,10921.82,0.0,6.7,15.2,15.2,NONE,True
SESS_2026090742,TRD_10742,NOVICE_UNDER_6M,43794,NIFTY,13,0,0.95,0,True,713.41,673.35,40.06,0.0,13.0,23.0,16.1,0DTE_HERO_OR_ZERO_THETA_DECAY_WARNING,True
SESS_2026090743,TRD_10743,NOVICE_UNDER_6M,24326,BANKNIFTY,51,7,3.25,1,True,-4557.57,2991.42,-7548.99,0.3963,72.4,4.4,64.5,SL_DRAG_FRICTION_WARNING,True
SESS_2026090744,TRD_10744,NOVICE_UNDER_6M,24451,BANKNIFTY,20,6,3.49,1,True,-2673.12,1178.06,-3851.18,0.3059,44.8,4.1,53.8,SL_DRAG_FRICTION_WARNING,True
SESS_2026090745,TRD_10745,NOVICE_UNDER_6M,41425,NIFTY,25,0,1.24,0,False,-2264.45,1571.43,-3835.88,0.4097,17.7,14.9,12.3,NONE,True
SESS_2026090746,TRD_10746,NOVICE_UNDER_6M,38120,NIFTY,23,0,1.15,0,False,2791.27,1194.98,1596.29,0.0,9.8,26.8,15.5,NONE,True
SESS_2026090747,TRD_10747,INTERMEDIATE_1_2Y,113947,BANKNIFTY,15,6,4.06,1,True,-24557.72,992.35,-25550.07,0.0388,52.1,2.3,52.4,SL_DRAG_FRICTION_WARNING,True
SESS_2026090748,TRD_10748,INTERMEDIATE_1_2Y,174121,BANKNIFTY,32,4,4.63,3,True,-48732.69,2260.62,-50993.31,0.0443,64.5,2.2,73.7,SL_DRAG_FRICTION_WARNING,True
SESS_2026090749,TRD_10749,NOVICE_UNDER_6M,44437,SENSEX,24,0,1.24,0,False,2193.85,1210.18,983.67,0.0,7.2,21.4,14.9,NONE,True
SESS_2026090750,TRD_10750,INTERMEDIATE_1_2Y,234748,BANKNIFTY,17,1,1.05,0,False,8266.15,848.13,7418.02,0.0,6.4,15.7,8.0,NONE,True
SESS_2026090751,TRD_10751,NOVICE_UNDER_6M,38637,NIFTY,24,0,1.13,0,False,1784.74,1527.2,257.54,0.0,17.6,23.9,7.8,NONE,True
SESS_2026090752,TRD_10752,NOVICE_UNDER_6M,67895,NIFTY,29,0,1.01,0,False,2872.85,1867.28,1005.57,0.0,17.3,12.9,15.1,NONE,True
SESS_2026090753,TRD_10753,INTERMEDIATE_1_2Y,185301,BANKNIFTY,50,1,0.96,0,True,16028.01,3356.86,12671.15,0.0,15.2,19.1,38.6,0DTE_HERO_OR_ZERO_THETA_DECAY_WARNING,False
SESS_2026090754,TRD_10754,INTERMEDIATE_1_2Y,164056,SENSEX,26,4,2.35,3,True,-40048.71,1863.35,-41912.06,0.0445,28.6,5.6,58.8,SL_DRAG_FRICTION_WARNING,True
SESS_2026090755,TRD_10755,EXPERIENCED_3Y_PLUS,1186007,BANKNIFTY,28,1,0.94,0,False,125774.84,1430.68,124344.16,0.0,10.8,31.7,15.3,NONE,True
SESS_2026090756,TRD_10756,ALGO_SEMI_AUTOMATED,1311893,NIFTY,102,0,0.96,0,False,204611.01,5000.47,199610.54,0.0,11.4,32.2,22.9,NONE,True
SESS_2026090757,TRD_10757,NOVICE_UNDER_6M,59029,NIFTY,44,0,1.17,0,False,-5551.48,2521.96,-8073.44,0.3124,7.9,21.2,19.0,NONE,True
SESS_2026090758,TRD_10758,INTERMEDIATE_1_2Y,157379,SENSEX,14,1,0.97,0,False,-3069.44,817.53,-3886.97,0.2103,7.3,34.1,11.7,NONE,True
SESS_2026090759,TRD_10759,NOVICE_UNDER_6M,42663,FINNIFTY,39,7,2.52,2,True,-13219.55,2403.84,-15623.39,0.1539,72.4,2.7,60.6,SL_DRAG_FRICTION_WARNING,False
SESS_2026090760,TRD_10760,NOVICE_UNDER_6M,58224,FINNIFTY,17,1,1.25,0,False,3131.33,988.55,2142.78,0.0,8.5,12.5,15.5,NONE,True
SESS_2026090761,TRD_10761,NOVICE_UNDER_6M,34581,NIFTY,27,9,3.22,2,True,-13129.86,1875.93,-15005.79,0.125,69.7,2.9,69.0,SL_DRAG_FRICTION_WARNING,True
SESS_2026090762,TRD_10762,INTERMEDIATE_1_2Y,299723,NIFTY,22,9,3.27,2,False,-38092.73,1357.13,-39449.86,0.0344,73.3,4.2,62.9,SL_DRAG_FRICTION_WARNING,False
SESS_2026090763,TRD_10763,NOVICE_UNDER_6M,37258,NIFTY,45,0,1.02,0,False,1795.09,2501.84,-706.75,0.5822,17.3,29.1,14.4,NONE,True
SESS_2026090764,TRD_10764,EXPERIENCED_3Y_PLUS,442275,BANKNIFTY,15,8,2.51,5,True,-108978.23,1019.7,-109997.93,0.0093,51.0,2.0,69.0,SL_DRAG_FRICTION_WARNING,False
SESS_2026090765,TRD_10765,NOVICE_UNDER_6M,32090,BANKNIFTY,25,1,1.11,0,False,-1769.37,1314.7,-3084.07,0.4263,13.2,17.0,19.2,NONE,True
SESS_2026090766,TRD_10766,INTERMEDIATE_1_2Y,201320,NIFTY,50,5,2.96,2,False,-11685.65,2896.86,-14582.51,0.1987,31.2,4.5,51.8,SL_DRAG_FRICTION_WARNING,True
SESS_2026090767,TRD_10767,NOVICE_UNDER_6M,72620,NIFTY,29,1,1.04,0,False,-1601.88,1980.18,-3582.06,0.5528,13.1,24.5,22.3,NONE,True
SESS_2026090768,TRD_10768,NOVICE_UNDER_6M,54425,BANKNIFTY,32,6,4.34,4,False,-11122.03,2009.29,-13131.32,0.153,65.3,2.5,69.9,SL_DRAG_FRICTION_WARNING,True
SESS_2026090769,TRD_10769,NOVICE_UNDER_6M,67637,BANKNIFTY,19,6,2.18,2,True,-17772.2,1001.18,-18773.38,0.0533,36.1,4.3,52.2,SL_DRAG_FRICTION_WARNING,True
SESS_2026090770,TRD_10770,INTERMEDIATE_1_2Y,101119,NIFTY,51,1,1.19,0,False,11817.86,3405.41,8412.45,0.0,15.4,21.1,20.8,NONE,True
SESS_2026090771,TRD_10771,INTERMEDIATE_1_2Y,196536,NIFTY,22,1,1.1,0,True,-22885.49,1473.39,-24358.88,0.0605,16.9,12.8,20.6,0DTE_HERO_OR_ZERO_THETA_DECAY_WARNING,False
SESS_2026090772,TRD_10772,ALGO_SEMI_AUTOMATED,1528719,BANKNIFTY,91,0,1.23,0,False,-90327.77,5775.44,-96103.21,0.0601,8.9,34.4,26.6,NONE,True
SESS_2026090773,TRD_10773,EXPERIENCED_3Y_PLUS,759196,BANKNIFTY,9,0,1.03,0,False,31627.0,459.29,31167.71,0.0,7.9,17.3,5.0,NONE,True
SESS_2026090774,TRD_10774,NOVICE_UNDER_6M,33325,BANKNIFTY,38,7,4.31,4,True,-13377.7,1834.52,-15212.22,0.1206,41.1,2.5,82.4,MANDATORY_COOLOFF_15MIN_LOCKOUT,True
SESS_2026090775,TRD_10775,ALGO_SEMI_AUTOMATED,1567005,BANKNIFTY,124,0,1.12,0,True,-40821.72,6665.41,-47487.13,0.1404,11.4,26.5,25.8,0DTE_HERO_OR_ZERO_THETA_DECAY_WARNING,False
SESS_2026090776,TRD_10776,EXPERIENCED_3Y_PLUS,543966,SENSEX,16,1,1.13,0,False,12615.07,1013.14,11601.93,0.0,9.3,33.5,13.0,NONE,True
SESS_2026090777,TRD_10777,NOVICE_UNDER_6M,46297,NIFTY,39,4,4.22,1,True,-12055.07,2331.61,-14386.68,0.1621,43.1,6.2,58.5,SL_DRAG_FRICTION_WARNING,True
SESS_2026090778,TRD_10778,INTERMEDIATE_1_2Y,89307,BANKNIFTY,50,7,3.1,2,False,-37460.4,2614.41,-40074.81,0.0652,65.4,2.9,57.3,SL_DRAG_FRICTION_WARNING,True
SESS_2026090779,TRD_10779,EXPERIENCED_3Y_PLUS,1323055,FINNIFTY,32,0,0.98,0,False,-151347.09,1553.69,-152900.78,0.0102,17.1,16.4,12.9,NONE,True
SESS_2026090780,TRD_10780,NOVICE_UNDER_6M,47979,NIFTY,22,0,1.19,0,True,1791.13,1122.83,668.3,0.0,7.7,13.9,18.5,0DTE_HERO_OR_ZERO_THETA_DECAY_WARNING,True
SESS_2026090781,TRD_10781,INTERMEDIATE_1_2Y,208076,NIFTY,33,1,1.04,0,False,-12040.27,2254.06,-14294.33,0.1577,17.1,17.8,20.3,NONE,True
SESS_2026090782,TRD_10782,EXPERIENCED_3Y_PLUS,893877,BANKNIFTY,29,8,3.46,1,True,-221145.72,1807.05,-222952.77,0.0081,61.1,4.2,61.1,SL_DRAG_FRICTION_WARNING,True
SESS_2026090783,TRD_10783,INTERMEDIATE_1_2Y,143675,NIFTY,19,9,3.98,2,False,-36756.24,1187.37,-37943.61,0.0313,72.9,3.3,68.1,SL_DRAG_FRICTION_WARNING,False
SESS_2026090784,TRD_10784,INTERMEDIATE_1_2Y,291485,BANKNIFTY,28,0,0.98,0,False,-27451.02,1785.47,-29236.49,0.0611,15.5,20.2,9.6,NONE,True
SESS_2026090785,TRD_10785,INTERMEDIATE_1_2Y,100679,NIFTY,22,5,3.25,3,False,-21600.91,1334.39,-22935.3,0.0582,53.1,3.9,60.1,SL_DRAG_FRICTION_WARNING,True
SESS_2026090786,TRD_10786,INTERMEDIATE_1_2Y,126808,SENSEX,31,0,1.07,0,False,8752.63,1635.42,7117.21,0.0,14.2,22.0,19.1,NONE,True
SESS_2026090787,TRD_10787,NOVICE_UNDER_6M,28377,NIFTY,27,5,3.48,3,True,-4863.5,1669.09,-6532.59,0.2555,26.1,2.1,64.9,SL_DRAG_FRICTION_WARNING,True
SESS_2026090788,TRD_10788,NOVICE_UNDER_6M,46380,BANKNIFTY,21,0,1.19,0,False,-4425.32,1055.94,-5481.26,0.1926,6.5,26.8,15.4,NONE,True
SESS_2026090789,TRD_10789,INTERMEDIATE_1_2Y,126286,BANKNIFTY,37,0,1.05,0,True,-361.87,2345.29,-2707.16,0.8663,9.6,34.6,16.3,0DTE_HERO_OR_ZERO_THETA_DECAY_WARNING,False
SESS_2026090790,TRD_10790,NOVICE_UNDER_6M,61846,NIFTY,60,4,4.0,1,False,-18906.13,3006.74,-21912.87,0.1372,68.1,5.6,57.0,SL_DRAG_FRICTION_WARNING,False
SESS_2026090791,TRD_10791,INTERMEDIATE_1_2Y,171370,BANKNIFTY,8,0,1.0,0,False,-15982.14,447.23,-16429.37,0.0272,7.3,33.8,5.0,NONE,True
SESS_2026090792,TRD_10792,ALGO_SEMI_AUTOMATED,1679915,NIFTY,98,0,1.21,0,False,-118127.82,6077.87,-124205.69,0.0489,7.4,19.3,27.8,NONE,True
SESS_2026090793,TRD_10793,INTERMEDIATE_1_2Y,191716,BANKNIFTY,33,0,1.07,0,False,8957.42,1762.86,7194.56,0.0,17.7,19.4,9.7,NONE,True
SESS_2026090794,TRD_10794,NOVICE_UNDER_6M,39892,BANKNIFTY,27,6,4.14,3,False,-3742.56,1335.05,-5077.61,0.2629,35.3,2.4,68.2,SL_DRAG_FRICTION_WARNING,False
SESS_2026090795,TRD_10795,INTERMEDIATE_1_2Y,112819,MIDCPNIFTY,15,6,3.35,4,False,-37339.82,901.62,-38241.44,0.0236,40.6,4.3,62.4,SL_DRAG_FRICTION_WARNING,False
SESS_2026090796,TRD_10796,NOVICE_UNDER_6M,38115,NIFTY,30,0,1.14,0,False,-1342.05,2066.28,-3408.33,0.6062,9.3,15.8,14.3,NONE,True
SESS_2026090797,TRD_10797,INTERMEDIATE_1_2Y,257574,BANKNIFTY,37,9,2.72,1,True,-31035.23,1850.65,-32885.88,0.0563,47.6,3.3,59.2,SL_DRAG_FRICTION_WARNING,True
SESS_2026090798,TRD_10798,NOVICE_UNDER_6M,35030,NIFTY,35,3,2.91,1,True,-10002.31,2018.26,-12020.57,0.1679,61.6,4.1,43.1,SL_DRAG_FRICTION_WARNING,True
SESS_2026090799,TRD_10799,NOVICE_UNDER_6M,45510,SENSEX,43,0,0.99,0,True,-4407.67,2168.27,-6575.94,0.3297,6.4,18.1,20.3,0DTE_HERO_OR_ZERO_THETA_DECAY_WARNING,True
SESS_2026090800,TRD_10800,NOVICE_UNDER_6M,51759,NIFTY,45,3,3.76,4,True,-14035.19,2471.03,-16506.22,0.1497,35.3,5.9,65.4,SL_DRAG_FRICTION_WARNING,True
SESS_2026090801,TRD_10801,NOVICE_UNDER_6M,47701,NIFTY,44,5,4.27,2,True,-6321.15,2261.78,-8582.93,0.2635,28.5,2.9,65.2,SL_DRAG_FRICTION_WARNING,True
SESS_2026090802,TRD_10802,NOVICE_UNDER_6M,46783,BANKNIFTY,29,4,2.39,3,False,-10215.55,1731.86,-11947.41,0.145,54.7,6.8,49.0,SL_DRAG_FRICTION_WARNING,False
SESS_2026090803,TRD_10803,NOVICE_UNDER_6M,49854,SENSEX,69,0,1.13,0,False,-1495.5,4124.54,-5620.04,0.7339,7.2,30.5,24.6,NONE,True
SESS_2026090804,TRD_10804,NOVICE_UNDER_6M,42938,BANKNIFTY,37,0,1.02,0,True,4093.18,2463.78,1629.4,0.0,10.2,28.3,26.1,0DTE_HERO_OR_ZERO_THETA_DECAY_WARNING,False
SESS_2026090805,TRD_10805,EXPERIENCED_3Y_PLUS,409706,BANKNIFTY,19,0,0.98,0,False,-10738.93,926.09,-11665.02,0.0794,8.6,34.9,5.7,NONE,True
SESS_2026090806,TRD_10806,INTERMEDIATE_1_2Y,179275,NIFTY,35,0,1.12,0,False,23709.05,2416.8,21292.25,0.0,17.5,26.7,13.3,NONE,True
SESS_2026090807,TRD_10807,NOVICE_UNDER_6M,45992,BANKNIFTY,63,4,3.64,4,True,-12937.81,3086.14,-16023.95,0.1926,45.9,7.0,68.7,SL_DRAG_FRICTION_WARNING,True
SESS_2026090808,TRD_10808,ALGO_SEMI_AUTOMATED,1280911,BANKNIFTY,80,1,1.07,0,False,-167915.36,5620.29,-173535.65,0.0324,10.2,14.5,28.2,NONE,True
SESS_2026090809,TRD_10809,INTERMEDIATE_1_2Y,168616,BANKNIFTY,21,0,1.01,0,False,-18224.82,1150.64,-19375.46,0.0594,15.6,12.4,16.5,NONE,True
SESS_2026090810,TRD_10810,INTERMEDIATE_1_2Y,182434,NIFTY,12,5,3.6,1,True,-26984.67,767.61,-27752.28,0.0277,42.5,3.4,50.9,SL_DRAG_FRICTION_WARNING,True
SESS_2026090811,TRD_10811,INTERMEDIATE_1_2Y,125670,FINNIFTY,57,6,2.4,2,True,-26026.48,3314.07,-29340.55,0.113,42.7,6.1,59.0,SL_DRAG_FRICTION_WARNING,False
SESS_2026090812,TRD_10812,NOVICE_UNDER_6M,32132,BANKNIFTY,26,5,3.42,3,True,-10106.18,1332.67,-11438.85,0.1165,53.9,5.4,60.1,SL_DRAG_FRICTION_WARNING,True
SESS_2026090813,TRD_10813,NOVICE_UNDER_6M,49833,BANKNIFTY,40,5,4.15,2,True,-5807.76,2604.09,-8411.85,0.3096,47.1,3.6,65.6,SL_DRAG_FRICTION_WARNING,True
SESS_2026090814,TRD_10814,NOVICE_UNDER_6M,45331,BANKNIFTY,32,2,3.41,5,True,-12838.06,1722.35,-14560.41,0.1183,62.8,5.1,60.0,MARTINGALE_LOT_SIZE_OVERRIDE_ALERT,True
SESS_2026090815,TRD_10815,INTERMEDIATE_1_2Y,176866,NIFTY,21,1,0.97,0,False,290.47,1430.96,-1140.49,0.8313,11.6,29.5,14.4,NONE,True
SESS_2026090816,TRD_10816,INTERMEDIATE_1_2Y,92164,SENSEX,21,0,1.02,0,True,-2836.93,1038.68,-3875.61,0.268,9.5,23.1,17.1,0DTE_HERO_OR_ZERO_THETA_DECAY_WARNING,False
SESS_2026090817,TRD_10817,EXPERIENCED_3Y_PLUS,343798,NIFTY,10,7,3.29,2,True,-96565.59,717.4,-97282.99,0.0074,67.6,3.5,52.8,SL_DRAG_FRICTION_WARNING,True
SESS_2026090818,TRD_10818,NOVICE_UNDER_6M,47112,NIFTY,43,2,3.49,1,True,-7380.18,2522.02,-9902.2,0.2547,35.2,4.4,51.9,MARTINGALE_LOT_SIZE_OVERRIDE_ALERT,True
SESS_2026090819,TRD_10819,ALGO_SEMI_AUTOMATED,2720953,FINNIFTY,99,0,1.15,0,False,-36890.38,6263.6,-43153.98,0.1451,16.3,26.2,23.7,NONE,True
SESS_2026090820,TRD_10820,INTERMEDIATE_1_2Y,112297,SENSEX,40,0,1.06,0,False,-4330.93,2016.02,-6346.95,0.3176,8.4,23.1,14.6,NONE,True
SESS_2026090821,TRD_10821,INTERMEDIATE_1_2Y,126365,BANKNIFTY,24,1,1.04,0,False,1314.93,1158.35,156.58,0.0,6.3,22.5,14.0,NONE,True
SESS_2026090822,TRD_10822,NOVICE_UNDER_6M,41310,SENSEX,41,1,0.94,0,False,1850.89,2240.47,-389.58,0.5476,17.6,22.8,22.6,NONE,True
SESS_2026090823,TRD_10823,NOVICE_UNDER_6M,62600,SENSEX,35,7,3.12,1,True,-17110.02,2280.75,-19390.77,0.1176,42.6,5.6,57.7,SL_DRAG_FRICTION_WARNING,False
SESS_2026090824,TRD_10824,INTERMEDIATE_1_2Y,126853,BANKNIFTY,37,5,4.31,3,True,-27881.28,2599.54,-30480.82,0.0853,48.6,5.3,72.6,SL_DRAG_FRICTION_WARNING,True
SESS_2026090825,TRD_10825,NOVICE_UNDER_6M,42048,NIFTY,63,6,3.14,1,False,-14764.95,4436.56,-19201.51,0.2311,33.0,2.5,52.8,SL_DRAG_FRICTION_WARNING,True
SESS_2026090826,TRD_10826,NOVICE_UNDER_6M,57545,NIFTY,67,0,0.96,0,False,7943.34,4699.18,3244.16,0.0,14.7,20.8,24.2,NONE,True
SESS_2026090827,TRD_10827,NOVICE_UNDER_6M,27491,FINNIFTY,46,5,3.54,1,True,-9327.52,2911.68,-12239.2,0.2379,30.4,4.2,59.8,SL_DRAG_FRICTION_WARNING,True
SESS_2026090828,TRD_10828,INTERMEDIATE_1_2Y,114109,NIFTY,27,0,0.99,0,False,-6752.21,1673.21,-8425.42,0.1986,15.8,30.6,10.1,NONE,True
SESS_2026090829,TRD_10829,NOVICE_UNDER_6M,37473,BANKNIFTY,50,0,1.14,0,False,1319.42,3549.29,-2229.87,0.729,16.4,19.8,16.7,NONE,True
SESS_2026090830,TRD_10830,INTERMEDIATE_1_2Y,213075,BANKNIFTY,28,4,4.0,2,True,-35403.01,1638.93,-37041.94,0.0442,70.0,6.3,55.0,SL_DRAG_FRICTION_WARNING,True
SESS_2026090831,TRD_10831,EXPERIENCED_3Y_PLUS,422721,BANKNIFTY,16,6,2.28,2,True,-66832.76,917.92,-67750.68,0.0135,66.1,3.4,44.9,SL_DRAG_FRICTION_WARNING,True
SESS_2026090832,TRD_10832,ALGO_SEMI_AUTOMATED,2242366,SENSEX,49,0,1.17,0,False,-225812.68,3172.28,-228984.96,0.0139,12.0,21.2,23.5,NONE,True
SESS_2026090833,TRD_10833,NOVICE_UNDER_6M,66828,FINNIFTY,26,5,2.88,2,False,-12331.36,1824.68,-14156.04,0.1289,32.0,4.7,51.7,SL_DRAG_FRICTION_WARNING,True
SESS_2026090834,TRD_10834,NOVICE_UNDER_6M,64011,SENSEX,25,10,4.26,3,False,-6936.44,1558.89,-8495.33,0.1835,26.8,6.9,75.0,MANDATORY_COOLOFF_15MIN_LOCKOUT,True
SESS_2026090835,TRD_10835,NOVICE_UNDER_6M,69410,SENSEX,27,3,3.32,3,True,-6527.96,1309.9,-7837.86,0.1671,40.2,6.2,56.6,SL_DRAG_FRICTION_WARNING,True
SESS_2026090836,TRD_10836,EXPERIENCED_3Y_PLUS,957503,SENSEX,23,1,1.1,0,False,53276.97,1487.88,51789.09,0.0,12.6,13.2,12.6,NONE,True
SESS_2026090837,TRD_10837,INTERMEDIATE_1_2Y,103788,NIFTY,26,0,1.02,0,False,-9048.19,1254.27,-10302.46,0.1217,17.0,17.5,15.2,NONE,True
SESS_2026090838,TRD_10838,NOVICE_UNDER_6M,44891,BANKNIFTY,47,0,1.27,0,True,-4160.08,2398.94,-6559.02,0.3657,14.6,30.7,26.1,0DTE_HERO_OR_ZERO_THETA_DECAY_WARNING,True
SESS_2026090839,TRD_10839,NOVICE_UNDER_6M,53091,BANKNIFTY,26,6,3.27,1,True,-12562.09,1706.78,-14268.87,0.1196,37.5,4.7,55.3,SL_DRAG_FRICTION_WARNING,True
SESS_2026090840,TRD_10840,NOVICE_UNDER_6M,66647,MIDCPNIFTY,25,0,1.14,0,False,-2857.02,1618.66,-4475.68,0.3617,13.8,24.1,13.1,NONE,True
SESS_2026090841,TRD_10841,INTERMEDIATE_1_2Y,267110,SENSEX,35,0,0.96,0,False,-9515.5,2144.49,-11659.99,0.1839,16.1,24.0,15.4,NONE,True
SESS_2026090842,TRD_10842,NOVICE_UNDER_6M,33569,SENSEX,45,0,1.25,0,False,-2685.32,2698.82,-5384.14,0.5013,13.8,22.4,22.8,NONE,True
SESS_2026090843,TRD_10843,EXPERIENCED_3Y_PLUS,605254,BANKNIFTY,23,4,3.5,2,False,-189095.84,1205.8,-190301.64,0.0063,44.2,2.2,50.8,SL_DRAG_FRICTION_WARNING,True
SESS_2026090844,TRD_10844,INTERMEDIATE_1_2Y,83127,SENSEX,22,0,1.21,0,False,6110.09,1194.62,4915.47,0.0,15.1,19.7,14.0,NONE,True
SESS_2026090845,TRD_10845,NOVICE_UNDER_6M,26404,BANKNIFTY,45,1,1.14,0,False,219.02,3188.67,-2969.65,0.9357,15.0,30.6,19.3,NONE,True
SESS_2026090846,TRD_10846,NOVICE_UNDER_6M,68091,NIFTY,27,1,1.04,0,False,8771.17,1598.83,7172.34,0.0,15.2,18.0,19.1,NONE,True
SESS_2026090847,TRD_10847,NOVICE_UNDER_6M,66078,NIFTY,27,0,0.96,0,False,-1314.34,1694.87,-3009.21,0.5632,12.5,19.8,13.4,NONE,True
SESS_2026090848,TRD_10848,NOVICE_UNDER_6M,43292,NIFTY,42,0,0.97,0,False,-2702.39,2482.43,-5184.82,0.4788,9.9,18.1,13.6,NONE,True
SESS_2026090849,TRD_10849,ALGO_SEMI_AUTOMATED,2608189,BANKNIFTY,71,0,1.03,0,False,20710.56,5032.41,15678.15,0.0,7.0,32.6,23.7,NONE,True
SESS_2026090850,TRD_10000,ALGO_SEMI_AUTOMATED,1413172,BANKNIFTY,57,0,1.17,0,True,29968.56,2803.82,27164.74,0.0,13.6,15.4,28.2,0DTE_HERO_OR_ZERO_THETA_DECAY_WARNING,False
SESS_2026090851,TRD_10001,NOVICE_UNDER_6M,62888,BANKNIFTY,38,7,2.32,3,True,-9335.17,2146.24,-11481.41,0.1869,37.9,5.4,63.9,SL_DRAG_FRICTION_WARNING,True
SESS_2026090852,TRD_10002,NOVICE_UNDER_6M,51038,NIFTY,29,5,3.32,2,True,-12982.78,1838.75,-14821.53,0.1241,43.6,6.1,59.4,SL_DRAG_FRICTION_WARNING,True
SESS_2026090853,TRD_10003,INTERMEDIATE_1_2Y,229100,NIFTY,23,0,1.05,0,False,-24342.58,1617.53,-25960.11,0.0623,13.5,15.7,11.7,NONE,True
SESS_2026090854,TRD_10004,INTERMEDIATE_1_2Y,272020,BANKNIFTY,10,0,1.06,0,False,-7755.24,531.57,-8286.81,0.0641,12.1,25.4,10.4,NONE,True
SESS_2026090855,TRD_10005,NOVICE_UNDER_6M,56023,NIFTY,30,0,1.23,0,False,9411.06,1893.83,7517.23,0.0,17.9,25.0,15.3,NONE,True
SESS_2026090856,TRD_10006,INTERMEDIATE_1_2Y,214510,BANKNIFTY,29,9,3.92,3,True,-67796.23,1792.37,-69588.6,0.0258,51.0,3.6,79.8,MANDATORY_COOLOFF_15MIN_LOCKOUT,False
SESS_2026090857,TRD_10007,NOVICE_UNDER_6M,73122,MIDCPNIFTY,25,10,3.67,2,False,-16300.88,1245.87,-17546.75,0.071,45.5,2.4,65.3,SL_DRAG_FRICTION_WARNING,True
SESS_2026090858,TRD_10008,NOVICE_UNDER_6M,47086,BANKNIFTY,25,0,1.07,0,False,2756.05,1444.57,1311.48,0.0,7.5,24.4,12.1,NONE,True
SESS_2026090859,TRD_10009,ALGO_SEMI_AUTOMATED,1174898,NIFTY,59,0,1.03,0,False,107552.11,3112.52,104439.59,0.0,7.8,23.4,21.0,NONE,True
SESS_2026090860,TRD_10010,NOVICE_UNDER_6M,36427,NIFTY,33,5,3.84,3,True,-5693.19,1602.95,-7296.14,0.2197,30.0,6.3,68.3,SL_DRAG_FRICTION_WARNING,True
SESS_2026090861,TRD_10011,NOVICE_UNDER_6M,48560,NIFTY,31,3,3.68,2,True,-13306.14,1940.92,-15247.06,0.1273,41.8,6.1,57.2,SL_DRAG_FRICTION_WARNING,True
SESS_2026090862,TRD_10012,INTERMEDIATE_1_2Y,211545,NIFTY,13,1,1.2,0,False,11324.19,842.44,10481.75,0.0,14.9,22.0,13.6,NONE,True
SESS_2026090863,TRD_10013,INTERMEDIATE_1_2Y,181713,MIDCPNIFTY,40,0,1.19,0,False,-4075.06,2341.04,-6416.1,0.3649,10.4,26.9,12.7,NONE,True
SESS_2026090864,TRD_10014,EXPERIENCED_3Y_PLUS,700792,BANKNIFTY,17,0,1.0,0,False,2086.11,1023.36,1062.75,0.0,6.6,23.9,13.8,NONE,True
SESS_2026090865,TRD_10015,NOVICE_UNDER_6M,44002,BANKNIFTY,47,0,1.15,0,False,81.44,2904.76,-2823.32,0.9727,17.9,16.8,18.5,NONE,True
SESS_2026090866,TRD_10016,INTERMEDIATE_1_2Y,187113,BANKNIFTY,15,3,2.91,2,False,-14518.14,991.25,-15509.39,0.0639,39.4,6.6,46.2,SL_DRAG_FRICTION_WARNING,True
SESS_2026090867,TRD_10017,NOVICE_UNDER_6M,37614,SENSEX,52,0,1.08,0,True,-2200.64,3105.48,-5306.12,0.5853,16.7,24.4,23.2,0DTE_HERO_OR_ZERO_THETA_DECAY_WARNING,False
SESS_2026090868,TRD_10018,NOVICE_UNDER_6M,43543,NIFTY,27,1,1.12,0,False,-3545.51,1753.7,-5299.21,0.3309,16.0,18.8,19.2,NONE,True
SESS_2026090869,TRD_10019,NOVICE_UNDER_6M,45471,BANKNIFTY,26,0,1.12,0,True,2874.04,1701.87,1172.17,0.0,10.2,13.8,16.2,0DTE_HERO_OR_ZERO_THETA_DECAY_WARNING,True
SESS_2026090870,TRD_10020,EXPERIENCED_3Y_PLUS,699486,BANKNIFTY,11,0,1.11,0,False,79174.11,737.67,78436.44,0.0,17.1,22.0,7.8,NONE,True
SESS_2026090871,TRD_10021,INTERMEDIATE_1_2Y,197088,NIFTY,44,6,1.99,1,True,-57899.49,2271.91,-60171.4,0.0378,72.2,5.4,56.1,SL_DRAG_FRICTION_WARNING,False
SESS_2026090872,TRD_10022,NOVICE_UNDER_6M,56345,BANKNIFTY,27,9,4.47,4,False,-12591.92,1431.14,-14023.06,0.1021,25.2,2.3,82.1,MANDATORY_COOLOFF_15MIN_LOCKOUT,True
SESS_2026090873,TRD_10023,NOVICE_UNDER_6M,43883,NIFTY,38,1,1.06,0,False,3913.69,2433.19,1480.5,0.0,16.5,31.3,22.7,NONE,True
SESS_2026090874,TRD_10024,INTERMEDIATE_1_2Y,162450,NIFTY,32,1,1.01,0,False,8963.89,1858.25,7105.64,0.0,17.6,32.6,15.1,NONE,True
SESS_2026090875,TRD_10025,INTERMEDIATE_1_2Y,150790,NIFTY,18,0,1.02,0,False,11652.59,1237.25,10415.34,0.0,7.5,32.3,12.5,NONE,True
SESS_2026090876,TRD_10026,NOVICE_UNDER_6M,51055,NIFTY,43,4,2.78,4,True,-10142.75,2488.39,-12631.14,0.197,53.1,3.6,66.5,SL_DRAG_FRICTION_WARNING,True
SESS_2026090877,TRD_10027,ALGO_SEMI_AUTOMATED,809206,SENSEX,71,0,1.01,0,False,-45272.44,4473.49,-49745.93,0.0899,12.9,15.8,18.6,NONE,True
SESS_2026090878,TRD_10028,ALGO_SEMI_AUTOMATED,2515696,BANKNIFTY,81,0,1.22,0,True,-76541.33,4573.65,-81114.98,0.0564,10.6,29.9,28.7,0DTE_HERO_OR_ZERO_THETA_DECAY_WARNING,True
SESS_2026090879,TRD_10029,NOVICE_UNDER_6M,37767,BANKNIFTY,36,1,1.17,0,False,-1161.2,1914.29,-3075.49,0.6224,15.6,32.9,18.4,NONE,True
SESS_2026090880,TRD_10030,INTERMEDIATE_1_2Y,214353,SENSEX,48,2,4.41,1,True,-60760.93,2568.97,-63329.9,0.0406,49.2,2.8,58.2,MARTINGALE_LOT_SIZE_OVERRIDE_ALERT,True
SESS_2026090881,TRD_10031,NOVICE_UNDER_6M,33618,BANKNIFTY,48,0,1.15,0,False,-28.17,3114.42,-3142.59,0.991,16.3,13.8,17.4,NONE,True
SESS_2026090882,TRD_10032,NOVICE_UNDER_6M,56304,NIFTY,13,0,0.96,0,False,4709.05,868.85,3840.2,0.0,10.7,31.1,5.0,NONE,True
SESS_2026090883,TRD_10033,INTERMEDIATE_1_2Y,130565,BANKNIFTY,26,10,3.44,2,True,-37852.7,1425.48,-39278.18,0.0363,36.1,4.0,73.2,SL_DRAG_FRICTION_WARNING,True
SESS_2026090884,TRD_10034,NOVICE_UNDER_6M,47810,NIFTY,30,1,1.22,0,False,625.69,1457.92,-832.23,0.6997,14.6,22.4,19.0,NONE,True
SESS_2026090885,TRD_10035,INTERMEDIATE_1_2Y,159999,SENSEX,15,4,3.54,1,True,-34604.16,750.2,-35354.36,0.0212,35.4,6.7,44.8,SL_DRAG_FRICTION_WARNING,True
SESS_2026090886,TRD_10036,EXPERIENCED_3Y_PLUS,1041187,FINNIFTY,16,0,0.95,0,False,78537.88,782.02,77755.86,0.0,10.9,29.0,8.9,NONE,True
SESS_2026090887,TRD_10037,INTERMEDIATE_1_2Y,255811,NIFTY,21,6,3.28,2,False,-61190.58,1287.62,-62478.2,0.0206,36.8,4.3,48.8,SL_DRAG_FRICTION_WARNING,True
SESS_2026090888,TRD_10038,INTERMEDIATE_1_2Y,214286,BANKNIFTY,47,0,1.03,0,False,-14048.92,2749.61,-16798.53,0.1637,7.9,29.2,19.9,NONE,True
SESS_2026090889,TRD_10039,NOVICE_UNDER_6M,45226,SENSEX,23,1,0.97,0,False,-3571.8,1653.65,-5225.45,0.3165,11.0,12.2,14.9,NONE,True
SESS_2026090890,TRD_10040,NOVICE_UNDER_6M,55748,FINNIFTY,55,5,4.2,3,True,-9242.78,3896.63,-13139.41,0.2966,39.5,5.4,72.4,SL_DRAG_FRICTION_WARNING,True
SESS_2026090891,TRD_10041,INTERMEDIATE_1_2Y,116505,BANKNIFTY,22,0,0.98,0,False,-7259.92,1304.42,-8564.34,0.1523,11.7,19.3,15.8,NONE,True
SESS_2026090892,TRD_10042,INTERMEDIATE_1_2Y,328515,SENSEX,8,0,1.11,0,False,-2384.92,414.04,-2798.96,0.1479,10.0,13.4,7.1,NONE,True
SESS_2026090893,TRD_10043,INTERMEDIATE_1_2Y,118895,BANKNIFTY,32,0,1.01,0,False,-2910.16,2125.05,-5035.21,0.422,11.1,28.8,18.7,NONE,True
SESS_2026090894,TRD_10044,NOVICE_UNDER_6M,68254,BANKNIFTY,37,0,0.96,0,False,-2989.02,1866.86,-4855.88,0.3845,14.8,18.4,17.3,NONE,True
SESS_2026090895,TRD_10045,NOVICE_UNDER_6M,57835,BANKNIFTY,29,0,1.24,0,False,-3194.87,1393.86,-4588.73,0.3038,13.4,32.9,11.5,NONE,True
SESS_2026090896,TRD_10046,INTERMEDIATE_1_2Y,119774,BANKNIFTY,19,0,0.98,0,False,16215.7,974.46,15241.24,0.0,6.0,13.8,12.9,NONE,True
SESS_2026090897,TRD_10047,NOVICE_UNDER_6M,46691,NIFTY,28,0,1.07,0,False,-1603.9,1694.77,-3298.67,0.5138,10.6,22.9,11.0,NONE,True
SESS_2026090898,TRD_10048,INTERMEDIATE_1_2Y,170048,NIFTY,44,0,1.22,0,False,1646.55,2629.54,-982.99,0.6149,14.5,31.3,20.8,NONE,True
SESS_2026090899,TRD_10049,NOVICE_UNDER_6M,49530,NIFTY,32,2,3.08,2,True,-11048.24,2302.39,-13350.63,0.1725,61.4,3.1,44.4,MARTINGALE_LOT_SIZE_OVERRIDE_ALERT,False
SESS_2026090900,TRD_10050,ALGO_SEMI_AUTOMATED,1332984,BANKNIFTY,51,0,0.99,0,False,-41717.45,3563.11,-45280.56,0.0787,8.3,25.5,23.3,NONE,True
SESS_2026090901,TRD_10051,NOVICE_UNDER_6M,24414,NIFTY,27,1,1.03,0,False,-2452.43,1666.77,-4119.2,0.4046,14.5,18.3,14.4,NONE,True
SESS_2026090902,TRD_10052,NOVICE_UNDER_6M,26755,SENSEX,45,6,3.23,1,False,-9424.1,2559.1,-11983.2,0.2136,57.4,4.7,49.7,SL_DRAG_FRICTION_WARNING,True
SESS_2026090903,TRD_10053,INTERMEDIATE_1_2Y,110951,NIFTY,42,8,2.53,2,True,-32200.77,2875.4,-35076.17,0.082,40.7,6.3,59.6,SL_DRAG_FRICTION_WARNING,True
SESS_2026090904,TRD_10054,NOVICE_UNDER_6M,56519,NIFTY,29,0,1.19,0,False,-1393.24,1401.86,-2795.1,0.5015,17.8,28.6,13.7,NONE,True
SESS_2026090905,TRD_10055,INTERMEDIATE_1_2Y,198582,SENSEX,13,7,2.61,2,True,-38820.74,751.69,-39572.43,0.019,27.2,5.0,50.9,SL_DRAG_FRICTION_WARNING,True
SESS_2026090906,TRD_10056,NOVICE_UNDER_6M,61791,NIFTY,61,6,2.53,2,False,-22241.02,4271.97,-26512.99,0.1611,29.3,6.7,58.3,SL_DRAG_FRICTION_WARNING,True
SESS_2026090907,TRD_10057,NOVICE_UNDER_6M,51998,MIDCPNIFTY,13,2,3.56,2,False,-10259.58,918.11,-11177.69,0.0821,72.2,3.5,44.5,MARTINGALE_LOT_SIZE_OVERRIDE_ALERT,False
SESS_2026090908,TRD_10058,NOVICE_UNDER_6M,56968,SENSEX,46,5,2.93,2,True,-16610.61,2427.94,-19038.55,0.1275,45.7,6.2,62.2,SL_DRAG_FRICTION_WARNING,True
SESS_2026090909,TRD_10059,INTERMEDIATE_1_2Y,94052,NIFTY,23,8,3.34,4,True,-20497.97,1189.95,-21687.92,0.0549,33.5,6.7,73.8,SL_DRAG_FRICTION_WARNING,True
SESS_2026090910,TRD_10060,NOVICE_UNDER_6M,76378,NIFTY,32,0,0.99,0,False,4848.6,1605.7,3242.9,0.0,12.0,31.1,15.3,NONE,True
SESS_2026090911,TRD_10061,INTERMEDIATE_1_2Y,158350,SENSEX,11,7,2.71,1,True,-34409.52,536.94,-34946.46,0.0154,43.6,3.9,46.5,SL_DRAG_FRICTION_WARNING,True
SESS_2026090912,TRD_10062,INTERMEDIATE_1_2Y,190104,BANKNIFTY,43,5,3.02,3,True,-46149.2,2256.12,-48405.32,0.0466,70.7,3.5,70.7,SL_DRAG_FRICTION_WARNING,True
SESS_2026090913,TRD_10063,NOVICE_UNDER_6M,50159,MIDCPNIFTY,32,8,2.86,2,True,-4744.35,2209.87,-6954.22,0.3178,58.9,3.5,63.9,SL_DRAG_FRICTION_WARNING,True
SESS_2026090914,TRD_10064,INTERMEDIATE_1_2Y,267294,NIFTY,28,0,1.23,0,False,28978.21,1939.79,27038.42,0.0,6.3,23.8,23.8,NONE,True
SESS_2026090915,TRD_10065,ALGO_SEMI_AUTOMATED,1089329,BANKNIFTY,124,0,1.1,0,False,68711.49,6372.99,62338.5,0.0,6.6,14.1,20.9,NONE,True
SESS_2026090916,TRD_10066,INTERMEDIATE_1_2Y,137587,BANKNIFTY,24,0,0.99,0,False,11434.84,1403.45,10031.39,0.0,9.7,16.2,12.6,NONE,True
SESS_2026090917,TRD_10067,EXPERIENCED_3Y_PLUS,739705,BANKNIFTY,22,4,2.47,2,True,-195236.74,1300.72,-196537.46,0.0066,35.6,4.4,45.8,SL_DRAG_FRICTION_WARNING,True
SESS_2026090918,TRD_10068,NOVICE_UNDER_6M,66793,NIFTY,31,9,3.14,2,True,-14397.5,1885.38,-16282.88,0.1158,58.7,6.4,64.3,SL_DRAG_FRICTION_WARNING,False
SESS_2026090919,TRD_10069,EXPERIENCED_3Y_PLUS,302418,NIFTY,25,4,3.07,2,True,-110590.11,1338.04,-111928.15,0.012,55.0,4.0,57.0,SL_DRAG_FRICTION_WARNING,True
SESS_2026090920,TRD_10070,NOVICE_UNDER_6M,28146,BANKNIFTY,28,5,2.7,1,True,-8304.09,1985.77,-10289.86,0.193,58.8,4.4,49.9,SL_DRAG_FRICTION_WARNING,True
SESS_2026090921,TRD_10071,NOVICE_UNDER_6M,32635,BANKNIFTY,50,7,3.59,2,False,-7637.7,3223.56,-10861.26,0.2968,33.0,2.6,68.3,SL_DRAG_FRICTION_WARNING,True
SESS_2026090922,TRD_10072,EXPERIENCED_3Y_PLUS,829151,NIFTY,19,0,1.01,0,False,54562.69,1117.32,53445.37,0.0,13.6,25.9,9.1,NONE,True
SESS_2026090923,TRD_10073,NOVICE_UNDER_6M,42418,NIFTY,36,8,4.67,2,True,-11617.88,2535.13,-14153.01,0.1791,58.7,2.8,79.5,MANDATORY_COOLOFF_15MIN_LOCKOUT,True
SESS_2026090924,TRD_10074,EXPERIENCED_3Y_PLUS,477613,BANKNIFTY,23,1,1.04,0,False,-4175.18,1131.64,-5306.82,0.2132,6.5,32.0,12.8,NONE,True
SESS_2026090925,TRD_10075,NOVICE_UNDER_6M,45272,SENSEX,43,0,1.07,0,False,-1448.18,2720.33,-4168.51,0.6526,10.3,12.4,16.3,NONE,True
SESS_2026090926,TRD_10076,EXPERIENCED_3Y_PLUS,775094,SENSEX,13,7,2.86,1,True,-194431.3,709.71,-195141.01,0.0036,61.3,5.2,56.0,SL_DRAG_FRICTION_WARNING,True
SESS_2026090927,TRD_10077,EXPERIENCED_3Y_PLUS,1023809,NIFTY,23,1,0.94,0,False,46058.03,1552.49,44505.54,0.0,6.5,26.0,13.9,NONE,True
SESS_2026090928,TRD_10078,INTERMEDIATE_1_2Y,96082,BANKNIFTY,28,0,1.21,0,False,11795.11,1516.61,10278.5,0.0,11.1,12.5,11.3,NONE,True
SESS_2026090929,TRD_10079,EXPERIENCED_3Y_PLUS,1039466,BANKNIFTY,14,4,2.88,2,True,-173511.38,797.74,-174309.12,0.0046,67.7,3.2,42.7,SL_DRAG_FRICTION_WARNING,True
SESS_2026090930,TRD_10080,INTERMEDIATE_1_2Y,221507,BANKNIFTY,26,0,1.01,0,False,7590.27,1418.15,6172.12,0.0,13.3,32.9,13.0,NONE,True
SESS_2026090931,TRD_10081,NOVICE_UNDER_6M,44929,BANKNIFTY,21,6,4.63,2,True,-16777.98,1153.07,-17931.05,0.0643,25.9,3.6,68.0,SL_DRAG_FRICTION_WARNING,True
SESS_2026090932,TRD_10082,ALGO_SEMI_AUTOMATED,2117609,FINNIFTY,79,0,1.07,0,False,-69666.93,5351.7,-75018.63,0.0713,12.7,19.9,26.5,NONE,True
SESS_2026090933,TRD_10083,NOVICE_UNDER_6M,47563,NIFTY,36,5,3.14,3,True,-3899.86,1799.79,-5699.65,0.3158,28.9,4.4,69.1,SL_DRAG_FRICTION_WARNING,True
SESS_2026090934,TRD_10084,NOVICE_UNDER_6M,48569,BANKNIFTY,28,1,1.1,0,True,-1320.1,1633.99,-2954.09,0.5531,13.5,15.8,23.0,0DTE_HERO_OR_ZERO_THETA_DECAY_WARNING,False
SESS_2026090935,TRD_10085,EXPERIENCED_3Y_PLUS,740639,NIFTY,15,0,1.03,0,False,-40579.43,759.83,-41339.26,0.0184,7.5,21.1,10.9,NONE,True
SESS_2026090936,TRD_10086,INTERMEDIATE_1_2Y,128561,SENSEX,43,1,1.07,0,False,-5222.17,2859.16,-8081.33,0.3538,8.6,32.7,17.2,NONE,True
SESS_2026090937,TRD_10087,INTERMEDIATE_1_2Y,203004,BANKNIFTY,32,1,0.99,0,False,22215.37,1656.55,20558.82,0.0,15.1,18.6,13.7,NONE,True
SESS_2026090938,TRD_10088,INTERMEDIATE_1_2Y,256515,BANKNIFTY,24,8,3.83,3,True,-65122.63,1392.92,-66515.55,0.0209,29.9,4.9,73.1,SL_DRAG_FRICTION_WARNING,True
SESS_2026090939,TRD_10089,NOVICE_UNDER_6M,51371,BANKNIFTY,35,6,3.15,1,True,-10094.59,2479.55,-12574.14,0.1972,33.3,5.1,56.6,SL_DRAG_FRICTION_WARNING,True
SESS_2026090940,TRD_10090,INTERMEDIATE_1_2Y,184146,SENSEX,39,0,1.17,0,False,-11656.8,2749.16,-14405.96,0.1908,10.4,32.1,20.7,NONE,True
SESS_2026090941,TRD_10091,INTERMEDIATE_1_2Y,129128,SENSEX,45,5,2.85,3,False,-30406.78,2280.05,-32686.83,0.0698,64.8,6.9,57.2,SL_DRAG_FRICTION_WARNING,True
SESS_2026090942,TRD_10092,NOVICE_UNDER_6M,42291,BANKNIFTY,59,5,4.54,1,True,-2851.49,4052.83,-6904.32,0.587,58.8,6.3,72.3,SL_DRAG_FRICTION_WARNING,True
SESS_2026090943,TRD_10093,NOVICE_UNDER_6M,55577,NIFTY,20,0,1.04,0,False,4087.67,1308.07,2779.6,0.0,6.7,30.7,13.8,NONE,True
SESS_2026090944,TRD_10094,INTERMEDIATE_1_2Y,78948,MIDCPNIFTY,24,1,1.04,0,True,5731.57,1586.06,4145.51,0.0,7.8,18.0,22.4,0DTE_HERO_OR_ZERO_THETA_DECAY_WARNING,True
SESS_2026090945,TRD_10095,NOVICE_UNDER_6M,42577,BANKNIFTY,58,0,1.0,0,False,1764.14,3831.48,-2067.34,0.6847,14.3,22.5,22.9,NONE,True
SESS_2026090946,TRD_10096,EXPERIENCED_3Y_PLUS,937927,NIFTY,13,0,1.14,0,False,51107.87,670.18,50437.69,0.0,12.8,25.7,10.6,NONE,True
SESS_2026090947,TRD_10097,INTERMEDIATE_1_2Y,141646,BANKNIFTY,23,10,2.64,3,True,-25780.72,1487.69,-27268.41,0.0546,47.0,3.5,71.6,SL_DRAG_FRICTION_WARNING,True
SESS_2026090948,TRD_10098,INTERMEDIATE_1_2Y,129027,NIFTY,24,0,1.17,0,False,-3226.94,1444.95,-4671.89,0.3093,7.8,12.3,17.1,NONE,True
SESS_2026090949,TRD_10099,NOVICE_UNDER_6M,46858,SENSEX,57,0,1.08,0,False,5161.56,3622.98,1538.58,0.0,12.3,20.7,18.7,NONE,True
SESS_2026090950,TRD_10100,INTERMEDIATE_1_2Y,255575,NIFTY,27,1,0.92,0,False,-13265.27,1476.35,-14741.62,0.1001,10.1,19.1,16.8,NONE,True
SESS_2026090951,TRD_10101,INTERMEDIATE_1_2Y,194596,NIFTY,23,0,1.16,0,False,-9928.2,1215.8,-11144.0,0.1091,15.4,24.1,7.8,NONE,True
SESS_2026090952,TRD_10102,INTERMEDIATE_1_2Y,197792,NIFTY,24,5,2.35,3,True,-18757.81,1184.24,-19942.05,0.0594,62.1,6.4,52.5,SL_DRAG_FRICTION_WARNING,True
SESS_2026090953,TRD_10103,ALGO_SEMI_AUTOMATED,1917161,NIFTY,87,0,1.0,0,False,-82866.17,4755.37,-87621.54,0.0543,8.1,34.5,20.9,NONE,True
SESS_2026090954,TRD_10104,NOVICE_UNDER_6M,56773,NIFTY,46,0,1.06,0,True,781.13,2720.56,-1939.43,0.7769,8.7,25.5,18.0,0DTE_HERO_OR_ZERO_THETA_DECAY_WARNING,True
SESS_2026090955,TRD_10105,NOVICE_UNDER_6M,52272,SENSEX,24,3,2.74,2,True,-11429.37,1648.02,-13077.39,0.126,49.4,4.8,46.3,SL_DRAG_FRICTION_WARNING,True
SESS_2026090956,TRD_10106,ALGO_SEMI_AUTOMATED,2285387,NIFTY,95,1,1.27,0,False,54779.42,5309.3,49470.12,0.0,10.9,18.2,23.5,NONE,True
SESS_2026090957,TRD_10107,NOVICE_UNDER_6M,52706,BANKNIFTY,26,5,3.64,2,True,-16894.24,1252.07,-18146.31,0.069,30.6,5.8,59.8,SL_DRAG_FRICTION_WARNING,False
SESS_2026090958,TRD_10108,EXPERIENCED_3Y_PLUS,701509,BANKNIFTY,15,7,3.63,1,False,-112133.2,789.69,-112922.89,0.007,42.1,5.4,53.6,SL_DRAG_FRICTION_WARNING,True
SESS_2026090959,TRD_10109,NOVICE_UNDER_6M,41402,BANKNIFTY,47,7,4.35,2,True,-10726.04,2449.76,-13175.8,0.1859,41.2,3.0,76.3,MANDATORY_COOLOFF_15MIN_LOCKOUT,True
SESS_2026090960,TRD_10110,INTERMEDIATE_1_2Y,197418,NIFTY,22,1,1.1,0,False,22392.0,1305.21,21086.79,0.0,15.4,18.2,17.5,NONE,True
SESS_2026090961,TRD_10111,INTERMEDIATE_1_2Y,105178,NIFTY,23,7,3.22,2,True,-27050.79,1638.71,-28689.5,0.0571,45.9,5.8,58.5,SL_DRAG_FRICTION_WARNING,True
SESS_2026090962,TRD_10112,INTERMEDIATE_1_2Y,234114,NIFTY,52,0,1.15,0,False,17528.93,2525.55,15003.38,0.0,13.9,17.9,18.0,NONE,True
SESS_2026090963,TRD_10113,INTERMEDIATE_1_2Y,175376,BANKNIFTY,36,1,1.17,0,True,-931.79,2351.17,-3282.96,0.7162,8.9,19.5,26.2,0DTE_HERO_OR_ZERO_THETA_DECAY_WARNING,True
SESS_2026090964,TRD_10114,INTERMEDIATE_1_2Y,305370,NIFTY,12,1,1.0,0,False,-30822.71,674.7,-31497.41,0.0214,13.0,13.4,8.8,NONE,True
SESS_2026090965,TRD_10115,INTERMEDIATE_1_2Y,127766,BANKNIFTY,27,0,1.02,0,False,-8901.38,1489.66,-10391.04,0.1434,11.0,15.5,13.0,NONE,True
SESS_2026090966,TRD_10116,INTERMEDIATE_1_2Y,114806,BANKNIFTY,14,6,3.83,2,True,-20032.22,694.85,-20727.07,0.0335,39.6,2.1,61.5,SL_DRAG_FRICTION_WARNING,True
SESS_2026090967,TRD_10117,INTERMEDIATE_1_2Y,249436,SENSEX,46,0,0.99,0,False,8516.84,2985.28,5531.56,0.0,11.5,19.7,13.1,NONE,True
SESS_2026090968,TRD_10118,NOVICE_UNDER_6M,39571,SENSEX,46,3,3.16,2,True,-5022.49,2773.54,-7796.03,0.3558,27.4,4.6,59.9,SL_DRAG_FRICTION_WARNING,True
SESS_2026090969,TRD_10119,INTERMEDIATE_1_2Y,165042,NIFTY,39,1,1.01,0,False,-14379.69,2394.56,-16774.25,0.1428,6.8,13.7,19.7,NONE,True
SESS_2026090970,TRD_10120,NOVICE_UNDER_6M,32980,NIFTY,22,8,3.43,2,True,-6483.83,1487.78,-7971.61,0.1866,34.5,2.4,57.3,SL_DRAG_FRICTION_WARNING,False
SESS_2026090971,TRD_10121,INTERMEDIATE_1_2Y,106535,BANKNIFTY,22,6,3.23,3,False,-27466.38,1211.13,-28677.51,0.0422,72.4,6.4,59.7,SL_DRAG_FRICTION_WARNING,True
SESS_2026090972,TRD_10122,INTERMEDIATE_1_2Y,144832,BANKNIFTY,8,4,4.09,3,False,-45512.15,541.73,-46053.88,0.0118,51.6,5.3,62.2,SL_DRAG_FRICTION_WARNING,True
SESS_2026090973,TRD_10123,NOVICE_UNDER_6M,50190,NIFTY,23,5,2.47,2,False,-13598.29,1142.24,-14740.53,0.0775,27.0,2.6,42.2,SL_DRAG_FRICTION_WARNING,False
SESS_2026090974,TRD_10124,NOVICE_UNDER_6M,67743,BANKNIFTY,42,4,4.77,2,False,-9566.5,2967.94,-12534.44,0.2368,63.6,2.1,70.0,SL_DRAG_FRICTION_WARNING,True
SESS_2026090975,TRD_10125,NOVICE_UNDER_6M,63321,NIFTY,53,3,3.2,1,False,-6061.85,3188.53,-9250.38,0.3447,54.5,2.6,54.1,SL_DRAG_FRICTION_WARNING,True
SESS_2026090976,TRD_10126,INTERMEDIATE_1_2Y,167347,BANKNIFTY,17,9,3.78,2,False,-60011.72,1022.82,-61034.54,0.0168,45.8,3.1,59.1,SL_DRAG_FRICTION_WARNING,False
SESS_2026090977,TRD_10127,ALGO_SEMI_AUTOMATED,668090,FINNIFTY,65,0,1.02,0,False,53298.18,3589.08,49709.1,0.0,16.0,22.0,22.7,NONE,True
SESS_2026090978,TRD_10128,INTERMEDIATE_1_2Y,345500,BANKNIFTY,14,1,1.18,0,True,33749.37,687.24,33062.13,0.0,17.6,28.8,20.5,0DTE_HERO_OR_ZERO_THETA_DECAY_WARNING,True
SESS_2026090979,TRD_10129,INTERMEDIATE_1_2Y,167749,SENSEX,17,0,0.95,0,False,-3979.36,985.27,-4964.63,0.1985,16.4,27.2,9.1,NONE,True
SESS_2026090980,TRD_10130,NOVICE_UNDER_6M,35369,BANKNIFTY,23,0,1.12,0,False,-2882.41,1193.63,-4076.04,0.2928,8.2,32.2,10.6,NONE,True
SESS_2026090981,TRD_10131,EXPERIENCED_3Y_PLUS,802078,NIFTY,26,0,0.93,0,True,38289.58,1338.07,36951.51,0.0,6.3,22.8,18.1,0DTE_HERO_OR_ZERO_THETA_DECAY_WARNING,True
SESS_2026090982,TRD_10132,INTERMEDIATE_1_2Y,171741,BANKNIFTY,37,0,0.98,0,True,26118.88,1875.82,24243.06,0.0,16.8,14.1,11.2,0DTE_HERO_OR_ZERO_THETA_DECAY_WARNING,False
SESS_2026090983,TRD_10133,NOVICE_UNDER_6M,48809,NIFTY,21,0,1.01,0,False,1435.16,1192.25,242.91,0.0,16.8,14.9,13.8,NONE,True
SESS_2026090984,TRD_10134,NOVICE_UNDER_6M,51514,NIFTY,45,7,4.08,1,True,-15760.64,2248.76,-18009.4,0.1249,31.5,6.7,70.3,SL_DRAG_FRICTION_WARNING,False
SESS_2026090985,TRD_10135,NOVICE_UNDER_6M,32563,SENSEX,25,7,3.01,5,True,-4525.41,1655.94,-6181.35,0.2679,51.0,4.9,71.8,SL_DRAG_FRICTION_WARNING,True
SESS_2026090986,TRD_10136,NOVICE_UNDER_6M,45160,BANKNIFTY,42,0,1.13,0,False,6468.91,2030.44,4438.47,0.0,13.6,30.3,14.0,NONE,True
SESS_2026090987,TRD_10137,NOVICE_UNDER_6M,38887,FINNIFTY,31,5,4.09,1,False,-2810.83,1825.18,-4636.01,0.3937,73.5,4.0,48.9,SL_DRAG_FRICTION_WARNING,True
SESS_2026090988,TRD_10138,NOVICE_UNDER_6M,45702,BANKNIFTY,46,0,1.02,0,False,-180.14,2813.99,-2994.13,0.9398,9.1,30.6,15.9,NONE,True
SESS_2026090989,TRD_10139,EXPERIENCED_3Y_PLUS,575385,SENSEX,16,5,3.56,5,True,-200742.18,979.38,-201721.56,0.0049,36.4,4.3,62.0,SL_DRAG_FRICTION_WARNING,True
SESS_2026090990,TRD_10140,NOVICE_UNDER_6M,63688,SENSEX,28,10,2.41,4,True,-3817.94,1474.96,-5292.9,0.2787,44.9,6.7,75.2,MANDATORY_COOLOFF_15MIN_LOCKOUT,True
SESS_2026090991,TRD_10141,INTERMEDIATE_1_2Y,214373,BANKNIFTY,23,0,1.07,0,False,1212.5,1486.92,-274.42,0.5508,6.6,24.3,11.1,NONE,True
SESS_2026090992,TRD_10142,NOVICE_UNDER_6M,77564,NIFTY,22,7,3.55,4,True,-17602.41,1560.31,-19162.72,0.0814,71.5,5.6,70.8,SL_DRAG_FRICTION_WARNING,True
SESS_2026090993,TRD_10143,INTERMEDIATE_1_2Y,303859,BANKNIFTY,24,1,1.19,0,False,-44395.36,1296.77,-45692.13,0.0284,7.6,33.6,17.9,NONE,True
SESS_2026090994,TRD_10144,NOVICE_UNDER_6M,49456,BANKNIFTY,28,0,0.95,0,False,2737.54,1886.3,851.24,0.0,7.7,30.9,16.1,NONE,True
SESS_2026090995,TRD_10145,INTERMEDIATE_1_2Y,228573,NIFTY,33,0,1.0,0,False,-16544.08,1901.94,-18446.02,0.1031,8.7,33.8,14.5,NONE,True
SESS_2026090996,TRD_10146,INTERMEDIATE_1_2Y,212495,NIFTY,30,0,1.04,0,False,-16800.84,1664.04,-18464.88,0.0901,15.1,12.2,18.7,NONE,True
SESS_2026090997,TRD_10147,INTERMEDIATE_1_2Y,158967,BANKNIFTY,33,3,3.78,2,True,-43363.12,1799.51,-45162.63,0.0398,73.9,6.6,60.2,SL_DRAG_FRICTION_WARNING,False
SESS_2026090998,TRD_10148,ALGO_SEMI_AUTOMATED,1331694,NIFTY,108,1,1.04,0,False,-5261.37,5938.55,-11199.92,0.5302,14.5,31.9,23.3,NONE,True
SESS_2026090999,TRD_10149,NOVICE_UNDER_6M,56265,NIFTY,63,0,1.17,0,False,-864.8,3988.75,-4853.55,0.8218,16.0,34.2,23.0,NONE,True
SESS_2026091000,TRD_10150,NOVICE_UNDER_6M,63172,NIFTY,27,0,1.19,0,False,-2917.29,1527.12,-4444.41,0.3436,9.9,27.3,20.6,NONE,True
SESS_2026091001,TRD_10151,EXPERIENCED_3Y_PLUS,682206,NIFTY,17,1,1.1,0,True,6630.14,1157.66,5472.48,0.0,15.4,28.3,19.9,0DTE_HERO_OR_ZERO_THETA_DECAY_WARNING,True
SESS_2026091002,TRD_10152,NOVICE_UNDER_6M,48216,SENSEX,59,6,3.46,3,False,-8518.44,3342.75,-11861.19,0.2818,53.8,2.6,65.4,SL_DRAG_FRICTION_WARNING,True
SESS_2026091003,TRD_10153,NOVICE_UNDER_6M,44302,SENSEX,46,8,4.08,3,True,-9260.09,3066.5,-12326.59,0.2488,72.0,6.1,73.4,SL_DRAG_FRICTION_WARNING,True
SESS_2026091004,TRD_10154,NOVICE_UNDER_6M,26201,BANKNIFTY,38,10,2.47,4,False,-7789.04,2570.35,-10359.39,0.2481,61.5,6.2,66.5,SL_DRAG_FRICTION_WARNING,True
SESS_2026091005,TRD_10155,NOVICE_UNDER_6M,45891,NIFTY,16,11,2.89,3,True,-12753.82,922.11,-13675.93,0.0674,63.5,4.7,77.1,MANDATORY_COOLOFF_15MIN_LOCKOUT,True
SESS_2026091006,TRD_10156,EXPERIENCED_3Y_PLUS,1010214,NIFTY,24,0,1.02,0,False,-33811.54,1328.16,-35139.7,0.0378,15.7,34.2,14.4,NONE,True
SESS_2026091007,TRD_10157,INTERMEDIATE_1_2Y,147561,BANKNIFTY,32,1,0.99,0,False,-1864.05,1813.6,-3677.65,0.4931,11.8,19.8,16.6,NONE,True
SESS_2026091008,TRD_10158,NOVICE_UNDER_6M,35453,SENSEX,23,4,2.98,2,True,-11418.15,1445.4,-12863.55,0.1124,39.8,4.8,53.0,SL_DRAG_FRICTION_WARNING,True
SESS_2026091009,TRD_10159,NOVICE_UNDER_6M,66615,BANKNIFTY,42,0,1.12,0,False,-5550.69,2979.72,-8530.41,0.3493,10.8,33.2,19.1,NONE,True
SESS_2026091010,TRD_10160,ALGO_SEMI_AUTOMATED,2086533,BANKNIFTY,108,0,1.02,0,False,-142828.25,7757.02,-150585.27,0.0515,15.9,17.7,24.6,NONE,True
SESS_2026091011,TRD_10161,EXPERIENCED_3Y_PLUS,870399,NIFTY,10,1,1.09,0,False,-104575.81,626.93,-105202.74,0.006,6.1,17.6,13.0,NONE,True
SESS_2026091012,TRD_10162,NOVICE_UNDER_6M,61551,NIFTY,32,0,1.03,0,False,5801.52,2287.97,3513.55,0.0,13.0,26.4,15.1,NONE,True
SESS_2026091013,TRD_10163,INTERMEDIATE_1_2Y,314676,MIDCPNIFTY,39,5,4.24,4,True,-106601.06,2676.91,-109277.97,0.0245,42.9,6.8,71.4,SL_DRAG_FRICTION_WARNING,False
SESS_2026091014,TRD_10164,NOVICE_UNDER_6M,39244,BANKNIFTY,36,10,3.89,2,True,-8401.3,2350.17,-10751.47,0.2186,40.7,6.0,75.2,MANDATORY_COOLOFF_15MIN_LOCKOUT,True
SESS_2026091015,TRD_10165,NOVICE_UNDER_6M,74401,BANKNIFTY,33,0,1.05,0,False,12151.77,1601.52,10550.25,0.0,13.1,13.5,10.7,NONE,True
SESS_2026091016,TRD_10166,INTERMEDIATE_1_2Y,154921,MIDCPNIFTY,33,1,1.17,0,True,6783.14,2035.24,4747.9,0.0,14.2,13.5,29.3,0DTE_HERO_OR_ZERO_THETA_DECAY_WARNING,False
SESS_2026091017,TRD_10167,INTERMEDIATE_1_2Y,162559,NIFTY,35,1,0.99,0,False,-5026.44,2158.68,-7185.12,0.3004,12.5,27.5,16.3,NONE,True
SESS_2026091018,TRD_10168,NOVICE_UNDER_6M,63861,NIFTY,61,6,3.65,2,True,-17142.12,3103.22,-20245.34,0.1533,55.5,5.6,75.3,MANDATORY_COOLOFF_15MIN_LOCKOUT,True
SESS_2026091019,TRD_10169,NOVICE_UNDER_6M,56205,NIFTY,45,6,3.82,1,True,-19399.03,2256.23,-21655.26,0.1042,57.5,4.5,62.3,SL_DRAG_FRICTION_WARNING,False
SESS_2026091020,TRD_10170,EXPERIENCED_3Y_PLUS,755825,BANKNIFTY,28,1,1.03,0,False,-26043.14,1463.22,-27506.36,0.0532,16.2,16.2,14.3,NONE,True
SESS_2026091021,TRD_10171,INTERMEDIATE_1_2Y,93651,NIFTY,21,5,3.57,1,True,-13166.89,1038.69,-14205.58,0.0731,29.7,3.3,53.9,SL_DRAG_FRICTION_WARNING,True
SESS_2026091022,TRD_10172,EXPERIENCED_3Y_PLUS,857756,BANKNIFTY,8,10,2.04,2,True,-226703.93,397.32,-227101.25,0.0017,65.0,4.8,58.6,SL_DRAG_FRICTION_WARNING,True
SESS_2026091023,TRD_10173,NOVICE_UNDER_6M,48758,BANKNIFTY,66,7,2.63,2,True,-8509.22,3971.61,-12480.83,0.3182,47.0,6.2,70.3,SL_DRAG_FRICTION_WARNING,False
SESS_2026091024,TRD_10174,INTERMEDIATE_1_2Y,154327,NIFTY,32,0,1.15,0,False,-9571.89,1934.2,-11506.09,0.1681,9.5,20.0,19.4,NONE,True
SESS_2026091025,TRD_10175,INTERMEDIATE_1_2Y,184596,BANKNIFTY,57,1,1.21,0,False,-14645.93,3494.5,-18140.43,0.1926,10.7,22.3,22.8,NONE,True
SESS_2026091026,TRD_10176,NOVICE_UNDER_6M,42528,FINNIFTY,30,8,2.72,2,True,-6948.84,2094.96,-9043.8,0.2316,70.8,6.6,59.8,SL_DRAG_FRICTION_WARNING,True
SESS_2026091027,TRD_10177,EXPERIENCED_3Y_PLUS,709934,BANKNIFTY,19,1,1.13,0,False,39096.06,1045.59,38050.47,0.0,9.4,15.1,8.7,NONE,True
SESS_2026091028,TRD_10178,INTERMEDIATE_1_2Y,189430,BANKNIFTY,25,6,3.29,2,True,-32303.53,1372.32,-33675.85,0.0408,44.4,4.5,58.8,SL_DRAG_FRICTION_WARNING,False
SESS_2026091029,TRD_10179,INTERMEDIATE_1_2Y,112846,BANKNIFTY,14,0,1.09,0,False,-4062.27,735.25,-4797.52,0.1533,12.4,13.1,10.1,NONE,True
SESS_2026091030,TRD_10180,NOVICE_UNDER_6M,71327,BANKNIFTY,16,1,1.12,0,False,2788.61,1117.69,1670.92,0.0,8.1,20.5,21.3,NONE,True
SESS_2026091031,TRD_10181,EXPERIENCED_3Y_PLUS,1125918,BANKNIFTY,20,4,2.76,3,True,-219928.29,1403.67,-221331.96,0.0063,71.1,3.0,59.3,SL_DRAG_FRICTION_WARNING,True
SESS_2026091032,TRD_10182,NOVICE_UNDER_6M,38988,SENSEX,50,0,1.26,0,False,-4139.8,2570.0,-6709.8,0.383,10.5,31.3,21.4,NONE,True
SESS_2026091033,TRD_10183,NOVICE_UNDER_6M,64254,NIFTY,32,0,0.99,0,False,2379.1,1855.4,523.7,0.0,14.8,18.3,20.1,NONE,True
SESS_2026091034,TRD_10184,NOVICE_UNDER_6M,44909,NIFTY,27,1,1.0,0,True,2516.06,1379.52,1136.54,0.0,14.3,13.0,20.8,0DTE_HERO_OR_ZERO_THETA_DECAY_WARNING,True
SESS_2026091035,TRD_10185,INTERMEDIATE_1_2Y,107770,BANKNIFTY,39,6,2.67,3,False,-31051.66,2140.11,-33191.77,0.0645,60.8,5.5,57.2,SL_DRAG_FRICTION_WARNING,False
SESS_2026091036,TRD_10186,NOVICE_UNDER_6M,39805,SENSEX,47,9,2.75,1,False,-15631.19,2796.11,-18427.3,0.1517,35.0,4.6,59.2,SL_DRAG_FRICTION_WARNING,True
SESS_2026091037,TRD_10187,EXPERIENCED_3Y_PLUS,380574,SENSEX,19,5,3.09,3,True,-89339.38,1356.38,-90695.76,0.015,63.5,5.3,59.5,SL_DRAG_FRICTION_WARNING,True
SESS_2026091038,TRD_10188,NOVICE_UNDER_6M,55964,BANKNIFTY,15,4,4.1,2,True,-21151.52,856.81,-22008.33,0.0389,48.1,6.5,61.4,SL_DRAG_FRICTION_WARNING,True
SESS_2026091039,TRD_10189,ALGO_SEMI_AUTOMATED,1704801,SENSEX,62,0,1.18,0,True,15309.85,3189.32,12120.53,0.0,8.9,24.2,26.9,0DTE_HERO_OR_ZERO_THETA_DECAY_WARNING,False
SESS_2026091040,TRD_10190,NOVICE_UNDER_6M,29223,NIFTY,43,6,3.52,1,False,-10294.72,2305.14,-12599.86,0.1829,43.5,2.7,52.1,SL_DRAG_FRICTION_WARNING,False
SESS_2026091041,TRD_10191,INTERMEDIATE_1_2Y,223667,FINNIFTY,16,6,3.41,1,True,-45944.88,876.47,-46821.35,0.0187,70.5,6.7,55.9,SL_DRAG_FRICTION_WARNING,True
SESS_2026091042,TRD_10192,INTERMEDIATE_1_2Y,155134,BANKNIFTY,37,0,1.02,0,False,-10696.0,2252.37,-12948.37,0.174,11.5,33.1,15.1,NONE,True
SESS_2026091043,TRD_10193,NOVICE_UNDER_6M,52393,BANKNIFTY,23,0,1.18,0,False,-3741.21,1357.88,-5099.09,0.2663,6.3,30.5,15.5,NONE,True
SESS_2026091044,TRD_10194,EXPERIENCED_3Y_PLUS,886723,NIFTY,16,1,0.97,0,False,81896.76,944.86,80951.9,0.0,8.5,21.3,5.0,NONE,True
SESS_2026091045,TRD_10195,INTERMEDIATE_1_2Y,157601,MIDCPNIFTY,23,0,1.12,0,False,-9240.19,1586.23,-10826.42,0.1465,8.6,16.4,16.1,NONE,True
SESS_2026091046,TRD_10196,NOVICE_UNDER_6M,53252,BANKNIFTY,40,1,1.03,0,False,335.24,2354.23,-2018.99,0.8754,10.7,22.8,26.9,NONE,True
SESS_2026091047,TRD_10197,NOVICE_UNDER_6M,63484,SENSEX,31,5,4.2,3,False,-25594.97,1641.6,-27236.57,0.0603,46.6,6.7,59.7,SL_DRAG_FRICTION_WARNING,True
SESS_2026091048,TRD_10198,INTERMEDIATE_1_2Y,110159,BANKNIFTY,54,0,1.09,0,False,-3687.87,2910.43,-6598.3,0.4411,15.6,15.5,20.7,NONE,True
SESS_2026091049,TRD_10199,INTERMEDIATE_1_2Y,161801,NIFTY,31,0,1.1,0,False,13696.52,1527.25,12169.27,0.0,7.0,12.2,9.5,NONE,True
SESS_2026091050,TRD_10200,EXPERIENCED_3Y_PLUS,1062257,BANKNIFTY,12,0,1.12,0,False,23697.02,666.86,23030.16,0.0,9.7,13.5,14.0,NONE,True
SESS_2026091051,TRD_10201,NOVICE_UNDER_6M,42537,BANKNIFTY,23,8,2.65,4,True,-10883.49,1414.04,-12297.53,0.115,30.9,6.6,67.2,SL_DRAG_FRICTION_WARNING,True
SESS_2026091052,TRD_10202,INTERMEDIATE_1_2Y,206092,NIFTY,21,0,1.25,0,False,10925.68,1076.34,9849.34,0.0,7.8,22.2,11.5,NONE,True
SESS_2026091053,TRD_10203,EXPERIENCED_3Y_PLUS,457834,FINNIFTY,5,0,1.21,0,False,62138.79,353.59,61785.2,0.0,8.2,32.6,12.0,NONE,True
SESS_2026091054,TRD_10204,NOVICE_UNDER_6M,49837,MIDCPNIFTY,56,0,0.95,0,True,-3484.56,4022.45,-7507.01,0.5358,9.6,21.1,27.0,0DTE_HERO_OR_ZERO_THETA_DECAY_WARNING,False
SESS_2026091055,TRD_10205,NOVICE_UNDER_6M,41932,NIFTY,44,0,1.02,0,False,652.69,3159.24,-2506.55,0.8288,11.9,26.3,13.1,NONE,True
SESS_2026091056,TRD_10206,NOVICE_UNDER_6M,43405,SENSEX,26,10,4.26,1,True,-8364.4,1412.18,-9776.58,0.1444,33.3,5.2,74.5,SL_DRAG_FRICTION_WARNING,True
SESS_2026091057,TRD_10207,INTERMEDIATE_1_2Y,331606,NIFTY,33,0,1.07,0,True,15804.59,1599.22,14205.37,0.0,17.7,26.4,20.7,0DTE_HERO_OR_ZERO_THETA_DECAY_WARNING,True
SESS_2026091058,TRD_10208,NOVICE_UNDER_6M,65841,BANKNIFTY,30,7,3.68,2,False,-16884.87,1686.33,-18571.2,0.0908,67.7,5.9,66.0,SL_DRAG_FRICTION_WARNING,True
SESS_2026091059,TRD_10209,NOVICE_UNDER_6M,47236,SENSEX,26,0,1.15,0,False,-5601.39,1328.2,-6929.59,0.1917,16.3,32.6,12.6,NONE,True
SESS_2026091060,TRD_10210,EXPERIENCED_3Y_PLUS,943836,BANKNIFTY,11,3,3.43,2,True,-173531.08,618.06,-174149.14,0.0035,28.8,5.6,50.4,SL_DRAG_FRICTION_WARNING,True
SESS_2026091061,TRD_10211,ALGO_SEMI_AUTOMATED,2606807,BANKNIFTY,123,0,1.14,0,True,-149846.12,8106.38,-157952.5,0.0513,7.5,28.2,27.3,0DTE_HERO_OR_ZERO_THETA_DECAY_WARNING,True
SESS_2026091062,TRD_10212,ALGO_SEMI_AUTOMATED,900601,BANKNIFTY,119,8,2.82,1,True,-216797.11,6275.49,-223072.6,0.0281,41.0,4.6,69.5,SL_DRAG_FRICTION_WARNING,True
SESS_2026091063,TRD_10213,INTERMEDIATE_1_2Y,128361,NIFTY,34,0,1.04,0,False,-5612.86,2348.59,-7961.45,0.295,7.0,34.4,15.4,NONE,True
SESS_2026091064,TRD_10214,EXPERIENCED_3Y_PLUS,757076,BANKNIFTY,10,7,2.72,4,False,-117793.47,551.21,-118344.68,0.0047,36.4,4.0,54.8,SL_DRAG_FRICTION_WARNING,True
SESS_2026091065,TRD_10215,NOVICE_UNDER_6M,39401,NIFTY,29,2,4.21,3,True,-9331.39,2020.27,-11351.66,0.178,33.1,2.3,64.3,MARTINGALE_LOT_SIZE_OVERRIDE_ALERT,True
SESS_2026091066,TRD_10216,INTERMEDIATE_1_2Y,220153,BANKNIFTY,25,1,0.92,0,False,23267.94,1416.89,21851.05,0.0,7.1,25.5,13.0,NONE,True
SESS_2026091067,TRD_10217,INTERMEDIATE_1_2Y,87194,SENSEX,21,1,1.02,0,False,-316.57,1283.14,-1599.71,0.8021,10.4,18.9,10.1,NONE,True
SESS_2026091068,TRD_10218,NOVICE_UNDER_6M,56857,BANKNIFTY,25,7,3.15,4,True,-14634.48,1721.21,-16355.69,0.1052,64.8,6.7,68.8,SL_DRAG_FRICTION_WARNING,True
SESS_2026091069,TRD_10219,NOVICE_UNDER_6M,44048,SENSEX,62,0,1.03,0,False,-581.96,4192.3,-4774.26,0.8781,7.8,20.4,22.7,NONE,True
SESS_2026091070,TRD_10220,EXPERIENCED_3Y_PLUS,1149245,BANKNIFTY,9,0,0.96,0,False,-137337.59,516.72,-137854.31,0.0037,7.8,19.8,6.1,NONE,True
SESS_2026091071,TRD_10221,INTERMEDIATE_1_2Y,173658,NIFTY,20,1,1.04,0,False,-17255.84,1421.49,-18677.33,0.0761,7.9,34.3,23.0,NONE,True
SESS_2026091072,TRD_10222,INTERMEDIATE_1_2Y,87483,SENSEX,22,0,0.98,0,False,-295.29,1561.22,-1856.51,0.8409,11.9,17.0,10.2,NONE,True
SESS_2026091073,TRD_10223,INTERMEDIATE_1_2Y,131899,NIFTY,32,0,1.06,0,False,-10005.69,1970.17,-11975.86,0.1645,10.5,27.8,13.1,NONE,True
SESS_2026091074,TRD_10224,INTERMEDIATE_1_2Y,159403,SENSEX,9,4,4.43,3,False,-20993.37,534.86,-21528.23,0.0248,70.1,5.2,57.7,SL_DRAG_FRICTION_WARNING,False
SESS_2026091075,TRD_10225,NOVICE_UNDER_6M,54830,NIFTY,57,0,1.11,0,False,560.83,3954.28,-3393.45,0.8758,15.8,17.7,25.2,NONE,True
SESS_2026091076,TRD_10226,INTERMEDIATE_1_2Y,132350,SENSEX,44,0,1.09,0,True,12592.81,3123.94,9468.87,0.0,11.9,25.9,23.2,0DTE_HERO_OR_ZERO_THETA_DECAY_WARNING,False
SESS_2026091077,TRD_10227,NOVICE_UNDER_6M,59064,NIFTY,27,8,2.31,2,True,-14133.96,1390.69,-15524.65,0.0896,41.4,6.1,61.7,SL_DRAG_FRICTION_WARNING,True
SESS_2026091078,TRD_10228,NOVICE_UNDER_6M,41910,NIFTY,68,0,1.15,0,False,-3274.94,4460.94,-7735.88,0.5767,17.5,25.7,22.8,NONE,True
SESS_2026091079,TRD_10229,INTERMEDIATE_1_2Y,232188,BANKNIFTY,21,1,1.11,0,False,-8659.02,1022.53,-9681.55,0.1056,9.6,16.7,13.2,NONE,True
SESS_2026091080,TRD_10230,INTERMEDIATE_1_2Y,193268,BANKNIFTY,25,8,4.8,2,True,-54117.31,1762.14,-55879.45,0.0315,32.8,4.2,72.6,SL_DRAG_FRICTION_WARNING,True
SESS_2026091081,TRD_10231,NOVICE_UNDER_6M,40667,SENSEX,38,2,2.28,2,True,-10746.3,1847.22,-12593.52,0.1467,32.1,6.2,46.1,PNL_PROTECT_DAILY_LIMIT_ENFORCEMENT,True
SESS_2026091082,TRD_10232,INTERMEDIATE_1_2Y,134009,MIDCPNIFTY,18,0,1.09,0,False,64.39,1176.24,-1111.85,0.9481,15.1,12.9,11.2,NONE,True
SESS_2026091083,TRD_10233,INTERMEDIATE_1_2Y,279003,NIFTY,16,4,3.72,1,True,-75947.85,794.72,-76742.57,0.0104,42.9,2.4,46.0,SL_DRAG_FRICTION_WARNING,True
SESS_2026091084,TRD_10234,INTERMEDIATE_1_2Y,86126,NIFTY,25,0,1.07,0,True,4725.71,1721.2,3004.51,0.0,8.5,15.7,18.9,0DTE_HERO_OR_ZERO_THETA_DECAY_WARNING,False
SESS_2026091085,TRD_10235,INTERMEDIATE_1_2Y,72555,NIFTY,32,1,0.94,0,False,6351.75,1920.45,4431.3,0.0,8.8,15.5,18.3,NONE,True
SESS_2026091086,TRD_10236,NOVICE_UNDER_6M,42009,SENSEX,47,0,1.06,0,False,-693.34,2332.66,-3026.0,0.7709,6.3,28.4,19.5,NONE,True
SESS_2026091087,TRD_10237,NOVICE_UNDER_6M,38554,SENSEX,34,3,4.17,2,False,-16346.75,2144.19,-18490.94,0.116,44.9,2.8,56.1,SL_DRAG_FRICTION_WARNING,True
SESS_2026091088,TRD_10238,NOVICE_UNDER_6M,39961,BANKNIFTY,30,8,3.81,2,True,-8158.86,1765.19,-9924.05,0.1779,69.9,4.0,60.5,SL_DRAG_FRICTION_WARNING,True
SESS_2026091089,TRD_10239,INTERMEDIATE_1_2Y,224028,BANKNIFTY,19,5,2.49,4,True,-63680.61,1226.53,-64907.14,0.0189,63.0,5.7,62.8,SL_DRAG_FRICTION_WARNING,True
SESS_2026091090,TRD_10240,NOVICE_UNDER_6M,50774,NIFTY,28,7,2.81,4,False,-21136.12,1901.48,-23037.6,0.0825,35.8,2.1,65.7,SL_DRAG_FRICTION_WARNING,False
SESS_2026091091,TRD_10241,NOVICE_UNDER_6M,44142,NIFTY,28,0,1.2,0,False,1401.76,1974.22,-572.46,0.5848,13.2,30.3,13.6,NONE,True
SESS_2026091092,TRD_10242,INTERMEDIATE_1_2Y,90387,FINNIFTY,15,2,2.27,1,True,-16795.06,1066.04,-17861.1,0.0597,25.0,4.2,37.4,PNL_PROTECT_DAILY_LIMIT_ENFORCEMENT,True
SESS_2026091093,TRD_10243,EXPERIENCED_3Y_PLUS,1305635,SENSEX,21,0,1.04,0,True,-47220.91,1140.41,-48361.32,0.0236,15.2,32.7,19.5,0DTE_HERO_OR_ZERO_THETA_DECAY_WARNING,False
SESS_2026091094,TRD_10244,INTERMEDIATE_1_2Y,261840,BANKNIFTY,39,9,3.79,3,True,-108316.14,1952.59,-110268.73,0.0177,71.6,4.4,79.5,MANDATORY_COOLOFF_15MIN_LOCKOUT,True
SESS_2026091095,TRD_10245,NOVICE_UNDER_6M,49514,FINNIFTY,27,1,0.95,0,False,-1126.64,1320.08,-2446.72,0.5395,8.6,21.1,22.9,NONE,True
SESS_2026091096,TRD_10246,INTERMEDIATE_1_2Y,152115,BANKNIFTY,26,2,4.23,3,False,-28637.7,1374.48,-30012.18,0.0458,68.8,5.5,55.5,MARTINGALE_LOT_SIZE_OVERRIDE_ALERT,False
SESS_2026091097,TRD_10247,NOVICE_UNDER_6M,36795,BANKNIFTY,43,0,1.18,0,False,-137.29,2302.93,-2440.22,0.9437,11.2,33.9,24.2,NONE,True
SESS_2026091098,TRD_10248,INTERMEDIATE_1_2Y,247742,SENSEX,12,6,3.23,2,True,-55703.86,617.96,-56321.82,0.011,57.9,3.9,55.3,SL_DRAG_FRICTION_WARNING,True
SESS_2026091099,TRD_10249,INTERMEDIATE_1_2Y,146832,NIFTY,26,4,3.97,3,True,-36811.91,1623.74,-38435.65,0.0422,52.1,3.8,61.1,SL_DRAG_FRICTION_WARNING,False
SESS_2026091100,TRD_10250,ALGO_SEMI_AUTOMATED,1267261,NIFTY,64,0,1.18,0,False,-90122.69,3596.77,-93719.46,0.0384,17.0,34.6,19.4,NONE,True
SESS_2026091101,TRD_10251,NOVICE_UNDER_6M,62316,NIFTY,38,0,1.15,0,False,9656.81,2320.13,7336.68,0.0,15.9,32.3,13.3,NONE,True
SESS_2026091102,TRD_10252,INTERMEDIATE_1_2Y,167929,FINNIFTY,30,6,4.42,3,True,-46508.65,2042.26,-48550.91,0.0421,64.4,4.4,67.7,SL_DRAG_FRICTION_WARNING,True
SESS_2026091103,TRD_10253,NOVICE_UNDER_6M,60523,SENSEX,25,5,3.8,1,True,-8134.54,1313.0,-9447.54,0.139,47.7,6.2,61.2,SL_DRAG_FRICTION_WARNING,True
SESS_2026091104,TRD_10254,NOVICE_UNDER_6M,59180,FINNIFTY,35,4,2.37,5,True,-13416.36,1761.13,-15177.49,0.116,45.3,6.1,60.6,SL_DRAG_FRICTION_WARNING,True
SESS_2026091105,TRD_10255,INTERMEDIATE_1_2Y,100424,SENSEX,18,0,0.95,0,False,3067.92,868.57,2199.35,0.0,7.4,33.7,10.4,NONE,True
SESS_2026091106,TRD_10256,NOVICE_UNDER_6M,50929,MIDCPNIFTY,29,5,3.52,4,True,-4559.97,1740.0,-6299.97,0.2762,54.7,5.4,67.8,SL_DRAG_FRICTION_WARNING,True
SESS_2026091107,TRD_10257,INTERMEDIATE_1_2Y,231891,NIFTY,37,1,1.11,0,False,-791.01,1800.27,-2591.28,0.6947,10.2,34.3,21.7,NONE,True
SESS_2026091108,TRD_10258,EXPERIENCED_3Y_PLUS,322808,NIFTY,15,1,1.0,0,True,7749.17,753.84,6995.33,0.0,8.9,31.1,15.9,0DTE_HERO_OR_ZERO_THETA_DECAY_WARNING,False
SESS_2026091109,TRD_10259,EXPERIENCED_3Y_PLUS,669375,NIFTY,12,1,0.99,0,False,56771.23,800.88,55970.35,0.0,6.1,15.0,14.6,NONE,True
SESS_2026091110,TRD_10260,INTERMEDIATE_1_2Y,283307,BANKNIFTY,26,1,1.0,0,False,12781.19,1406.0,11375.19,0.0,15.6,24.3,19.1,NONE,True
SESS_2026091111,TRD_10261,NOVICE_UNDER_6M,36151,NIFTY,33,0,1.01,0,False,2761.88,1741.71,1020.17,0.0,7.3,15.6,18.2,NONE,True
SESS_2026091112,TRD_10262,NOVICE_UNDER_6M,47153,BANKNIFTY,10,0,1.13,0,True,1667.48,682.93,984.55,0.0,8.2,19.8,15.9,0DTE_HERO_OR_ZERO_THETA_DECAY_WARNING,False
SESS_2026091113,TRD_10263,NOVICE_UNDER_6M,66379,BANKNIFTY,19,7,4.45,3,True,-26985.19,1151.48,-28136.67,0.0409,43.3,5.5,77.2,MANDATORY_COOLOFF_15MIN_LOCKOUT,False
SESS_2026091114,TRD_10264,NOVICE_UNDER_6M,52307,NIFTY,19,4,3.4,2,True,-14050.07,1095.01,-15145.08,0.0723,38.1,6.7,60.2,SL_DRAG_FRICTION_WARNING,False
SESS_2026091115,TRD_10265,INTERMEDIATE_1_2Y,100410,NIFTY,17,0,1.04,0,False,-9685.55,1138.32,-10823.87,0.1052,10.5,18.0,7.8,NONE,True
SESS_2026091116,TRD_10266,EXPERIENCED_3Y_PLUS,468977,SENSEX,14,0,0.99,0,False,-11112.82,843.43,-11956.25,0.0705,15.0,21.0,14.7,NONE,True
SESS_2026091117,TRD_10267,INTERMEDIATE_1_2Y,124936,BANKNIFTY,28,8,3.0,2,True,-30014.0,1487.89,-31501.89,0.0472,35.7,5.3,63.3,SL_DRAG_FRICTION_WARNING,True
SESS_2026091118,TRD_10268,EXPERIENCED_3Y_PLUS,737728,NIFTY,18,0,0.98,0,True,-70815.44,1085.78,-71901.22,0.0151,12.1,31.8,20.9,0DTE_HERO_OR_ZERO_THETA_DECAY_WARNING,True
SESS_2026091119,TRD_10269,NOVICE_UNDER_6M,57244,NIFTY,52,4,2.88,1,True,-22871.84,3334.23,-26206.07,0.1272,68.5,5.9,52.8,SL_DRAG_FRICTION_WARNING,False
SESS_2026091120,TRD_10270,INTERMEDIATE_1_2Y,144972,NIFTY,31,0,1.05,0,False,12763.45,1960.7,10802.75,0.0,12.1,21.4,15.3,NONE,True
SESS_2026091121,TRD_10271,INTERMEDIATE_1_2Y,163726,MIDCPNIFTY,14,1,0.95,0,True,4282.62,796.16,3486.46,0.0,16.7,15.3,21.9,0DTE_HERO_OR_ZERO_THETA_DECAY_WARNING,True
SESS_2026091122,TRD_10272,EXPERIENCED_3Y_PLUS,665649,BANKNIFTY,23,0,1.16,0,False,-4689.47,1373.26,-6062.73,0.2265,17.0,31.7,14.2,NONE,True
SESS_2026091123,TRD_10273,NOVICE_UNDER_6M,50641,SENSEX,37,0,1.05,0,True,73.7,2336.65,-2262.95,0.9694,11.9,19.9,14.9,0DTE_HERO_OR_ZERO_THETA_DECAY_WARNING,True
SESS_2026091124,TRD_10274,INTERMEDIATE_1_2Y,125292,NIFTY,21,6,2.98,4,False,-35347.27,1424.17,-36771.44,0.0387,53.3,3.7,57.5,SL_DRAG_FRICTION_WARNING,True
SESS_2026091125,TRD_10275,NOVICE_UNDER_6M,45216,FINNIFTY,42,0,1.15,0,False,1911.7,2573.33,-661.63,0.5738,8.3,27.8,18.2,NONE,True
SESS_2026091126,TRD_10276,INTERMEDIATE_1_2Y,115526,SENSEX,26,0,1.12,0,False,7192.2,1766.16,5426.04,0.0,13.7,16.7,16.4,NONE,True
SESS_2026091127,TRD_10277,EXPERIENCED_3Y_PLUS,691323,BANKNIFTY,11,0,1.21,0,False,-65263.41,560.85,-65824.26,0.0085,10.1,17.9,15.8,NONE,True
SESS_2026091128,TRD_10278,INTERMEDIATE_1_2Y,142594,BANKNIFTY,29,0,0.99,0,False,22163.48,1798.17,20365.31,0.0,17.1,22.5,13.4,NONE,True
SESS_2026091129,TRD_10279,NOVICE_UNDER_6M,37285,BANKNIFTY,16,10,3.47,2,True,-9980.22,1075.7,-11055.92,0.0973,31.0,2.9,72.8,SL_DRAG_FRICTION_WARNING,True
SESS_2026091130,TRD_10280,INTERMEDIATE_1_2Y,247311,BANKNIFTY,21,0,0.97,0,True,-26859.91,1340.79,-28200.7,0.0475,14.9,21.7,18.6,0DTE_HERO_OR_ZERO_THETA_DECAY_WARNING,False
SESS_2026091131,TRD_10281,EXPERIENCED_3Y_PLUS,896214,BANKNIFTY,12,0,1.09,0,False,69443.2,619.69,68823.51,0.0,9.2,24.7,11.3,NONE,True
SESS_2026091132,TRD_10282,INTERMEDIATE_1_2Y,174517,BANKNIFTY,22,8,4.0,2,True,-31910.34,1572.74,-33483.08,0.047,72.7,2.5,68.0,SL_DRAG_FRICTION_WARNING,True
SESS_2026091133,TRD_10283,INTERMEDIATE_1_2Y,246710,BANKNIFTY,19,0,1.19,0,False,8062.36,1110.45,6951.91,0.0,9.4,12.1,17.1,NONE,True
SESS_2026091134,TRD_10284,NOVICE_UNDER_6M,62908,BANKNIFTY,53,4,4.06,2,True,-9486.37,3498.88,-12985.25,0.2695,32.5,6.4,72.6,SL_DRAG_FRICTION_WARNING,True
SESS_2026091135,TRD_10285,NOVICE_UNDER_6M,53807,NIFTY,32,0,1.01,0,False,1014.58,1822.43,-807.85,0.6424,13.4,31.3,15.9,NONE,True
SESS_2026091136,TRD_10286,INTERMEDIATE_1_2Y,206956,BANKNIFTY,31,1,0.98,0,False,-8599.71,2019.91,-10619.62,0.1902,8.6,20.1,19.9,NONE,True
SESS_2026091137,TRD_10287,ALGO_SEMI_AUTOMATED,2258236,BANKNIFTY,121,0,1.09,0,True,26785.29,6852.05,19933.24,0.0,14.6,12.5,25.6,0DTE_HERO_OR_ZERO_THETA_DECAY_WARNING,True
SESS_2026091138,TRD_10288,INTERMEDIATE_1_2Y,152779,BANKNIFTY,26,1,1.0,0,False,-843.05,1353.17,-2196.22,0.6161,10.4,34.9,19.1,NONE,True
SESS_2026091139,TRD_10289,INTERMEDIATE_1_2Y,183681,NIFTY,40,1,1.02,0,False,-15989.05,2587.5,-18576.55,0.1393,7.1,33.1,15.6,NONE,True
SESS_2026091140,TRD_10290,NOVICE_UNDER_6M,28665,NIFTY,18,1,0.98,0,True,-1739.04,1040.89,-2779.93,0.3744,11.2,32.0,19.5,0DTE_HERO_OR_ZERO_THETA_DECAY_WARNING,False
SESS_2026091141,TRD_10291,INTERMEDIATE_1_2Y,188275,NIFTY,30,0,1.01,0,False,-23129.66,2132.17,-25261.83,0.0844,11.1,15.9,15.7,NONE,True
SESS_2026091142,TRD_10292,NOVICE_UNDER_6M,51112,NIFTY,18,0,1.15,0,False,2778.89,1176.43,1602.46,0.0,7.5,22.6,17.2,NONE,True
SESS_2026091143,TRD_10293,ALGO_SEMI_AUTOMATED,1155653,NIFTY,26,0,1.06,0,True,-85417.13,1278.17,-86695.3,0.0147,12.1,13.3,25.6,0DTE_HERO_OR_ZERO_THETA_DECAY_WARNING,True
SESS_2026091144,TRD_10294,INTERMEDIATE_1_2Y,102707,NIFTY,43,0,1.05,0,False,-6841.54,2689.4,-9530.94,0.2822,14.5,28.4,27.7,NONE,True
SESS_2026091145,TRD_10295,INTERMEDIATE_1_2Y,103422,NIFTY,21,1,1.1,0,False,305.11,1492.9,-1187.79,0.8303,12.5,21.3,18.1,NONE,True
SESS_2026091146,TRD_10296,NOVICE_UNDER_6M,69086,BANKNIFTY,29,1,1.13,0,False,-118.04,1952.17,-2070.21,0.943,10.9,23.6,18.9,NONE,True
SESS_2026091147,TRD_10297,NOVICE_UNDER_6M,43478,NIFTY,27,1,1.03,0,False,2244.67,1435.69,808.98,0.0,6.3,23.2,21.0,NONE,True
SESS_2026091148,TRD_10298,NOVICE_UNDER_6M,58266,NIFTY,46,6,3.82,1,False,-7705.92,3205.64,-10911.56,0.2938,44.8,2.7,58.2,SL_DRAG_FRICTION_WARNING,True
SESS_2026091149,TRD_10299,NOVICE_UNDER_6M,43608,NIFTY,24,10,2.85,1,True,-11792.22,1675.81,-13468.03,0.1244,30.1,3.9,64.5,SL_DRAG_FRICTION_WARNING,False
SESS_2026091150,TRD_10300,EXPERIENCED_3Y_PLUS,1092258,BANKNIFTY,7,1,0.94,0,False,-33592.68,388.14,-33980.82,0.0114,16.2,13.6,10.3,NONE,True
SESS_2026091151,TRD_10301,INTERMEDIATE_1_2Y,96123,NIFTY,37,0,0.93,0,False,-1771.63,2485.08,-4256.71,0.5838,12.3,12.6,15.7,NONE,True
SESS_2026091152,TRD_10302,EXPERIENCED_3Y_PLUS,662371,NIFTY,18,0,1.15,0,False,-8861.22,1086.04,-9947.26,0.1092,16.6,29.4,10.3,NONE,True
SESS_2026091153,TRD_10303,NOVICE_UNDER_6M,57038,BANKNIFTY,35,0,1.21,0,False,2548.33,1904.37,643.96,0.0,13.9,22.1,13.4,NONE,True
SESS_2026091154,TRD_10304,NOVICE_UNDER_6M,34605,NIFTY,58,5,3.13,1,True,-7652.68,3365.28,-11017.96,0.3054,72.7,3.0,59.8,SL_DRAG_FRICTION_WARNING,True
SESS_2026091155,TRD_10305,INTERMEDIATE_1_2Y,123295,SENSEX,46,3,4.1,2,True,-10573.45,3229.0,-13802.45,0.2339,28.3,4.3,60.9,SL_DRAG_FRICTION_WARNING,True
SESS_2026091156,TRD_10306,INTERMEDIATE_1_2Y,90979,BANKNIFTY,26,0,1.17,0,False,8595.12,1756.17,6838.95,0.0,9.1,24.8,12.2,NONE,True
SESS_2026091157,TRD_10307,ALGO_SEMI_AUTOMATED,1540613,NIFTY,85,0,1.15,0,False,-20488.03,4635.26,-25123.29,0.1845,8.9,30.7,27.6,NONE,True
SESS_2026091158,TRD_10308,NOVICE_UNDER_6M,68769,NIFTY,28,1,0.95,0,False,4968.12,1716.97,3251.15,0.0,15.6,17.9,17.5,NONE,True
SESS_2026091159,TRD_10309,NOVICE_UNDER_6M,70406,BANKNIFTY,33,3,3.38,2,False,-25600.06,1712.66,-27312.72,0.0627,46.0,3.7,47.4,SL_DRAG_FRICTION_WARNING,True
SESS_2026091160,TRD_10310,EXPERIENCED_3Y_PLUS,1194930,BANKNIFTY,7,0,1.04,0,False,-135948.26,493.52,-136441.78,0.0036,7.8,22.9,10.9,NONE,True
SESS_2026091161,TRD_10311,INTERMEDIATE_1_2Y,258667,NIFTY,27,0,1.03,0,False,-17044.37,1399.16,-18443.53,0.0759,9.4,26.0,15.7,NONE,True
SESS_2026091162,TRD_10312,EXPERIENCED_3Y_PLUS,564738,FINNIFTY,13,3,3.92,1,True,-53718.45,876.13,-54594.58,0.016,49.6,2.5,41.7,SL_DRAG_FRICTION_WARNING,True
SESS_2026091163,TRD_10313,EXPERIENCED_3Y_PLUS,463160,NIFTY,9,0,1.1,0,False,-41093.91,467.69,-41561.6,0.0113,14.4,27.3,5.0,NONE,True
SESS_2026091164,TRD_10314,INTERMEDIATE_1_2Y,131766,NIFTY,15,0,1.26,0,False,-8514.38,860.71,-9375.09,0.0918,15.9,16.4,14.2,NONE,True
SESS_2026091165,TRD_10315,NOVICE_UNDER_6M,50778,NIFTY,40,8,2.93,1,True,-9792.14,2012.28,-11804.42,0.1705,38.0,5.2,60.4,SL_DRAG_FRICTION_WARNING,True
SESS_2026091166,TRD_10316,INTERMEDIATE_1_2Y,203518,BANKNIFTY,11,0,1.11,0,False,-7684.92,714.29,-8399.21,0.085,10.3,23.7,5.4,NONE,True
SESS_2026091167,TRD_10317,NOVICE_UNDER_6M,38779,NIFTY,68,5,2.84,1,True,-13414.91,3439.72,-16854.63,0.2041,29.0,4.9,61.1,SL_DRAG_FRICTION_WARNING,True
SESS_2026091168,TRD_10318,INTERMEDIATE_1_2Y,105998,NIFTY,13,0,1.08,0,False,2838.94,918.08,1920.86,0.0,11.2,14.8,6.4,NONE,True
SESS_2026091169,TRD_10319,NOVICE_UNDER_6M,68537,BANKNIFTY,24,3,2.64,1,True,-20402.24,1259.46,-21661.7,0.0581,26.6,6.3,40.5,SL_DRAG_FRICTION_WARNING,True
SESS_2026091170,TRD_10320,INTERMEDIATE_1_2Y,196457,NIFTY,24,0,1.04,0,False,5864.07,1703.85,4160.22,0.0,14.9,28.3,13.3,NONE,True
SESS_2026091171,TRD_10321,NOVICE_UNDER_6M,36611,NIFTY,54,4,2.45,4,True,-8523.01,3233.98,-11756.99,0.2751,27.1,2.7,58.6,SL_DRAG_FRICTION_WARNING,True
SESS_2026091172,TRD_10322,EXPERIENCED_3Y_PLUS,480855,BANKNIFTY,10,2,3.07,2,True,-83973.13,712.63,-84685.76,0.0084,41.9,2.5,44.6,MARTINGALE_LOT_SIZE_OVERRIDE_ALERT,True
SESS_2026091173,TRD_10323,INTERMEDIATE_1_2Y,250936,NIFTY,37,5,3.35,3,False,-46468.27,1811.01,-48279.28,0.0375,34.8,5.8,62.1,SL_DRAG_FRICTION_WARNING,False
SESS_2026091174,TRD_10324,INTERMEDIATE_1_2Y,182003,NIFTY,21,1,0.94,0,False,11427.59,1247.16,10180.43,0.0,10.9,26.4,20.1,NONE,True
SESS_2026091175,TRD_10325,INTERMEDIATE_1_2Y,273014,FINNIFTY,31,5,3.46,2,True,-83187.91,2160.86,-85348.77,0.0253,57.6,2.2,53.9,SL_DRAG_FRICTION_WARNING,True
SESS_2026091176,TRD_10326,INTERMEDIATE_1_2Y,124856,SENSEX,28,10,3.22,2,True,-36375.0,1891.29,-38266.29,0.0494,72.9,6.0,66.1,SL_DRAG_FRICTION_WARNING,True
SESS_2026091177,TRD_10327,INTERMEDIATE_1_2Y,292809,NIFTY,39,0,1.13,0,False,1359.53,2389.01,-1029.48,0.6373,12.0,25.3,16.6,NONE,True
SESS_2026091178,TRD_10328,EXPERIENCED_3Y_PLUS,964815,NIFTY,24,1,1.07,0,False,34571.11,1197.89,33373.22,0.0,12.5,16.6,10.9,NONE,True
SESS_2026091179,TRD_10329,INTERMEDIATE_1_2Y,70844,NIFTY,16,0,0.98,0,False,-1031.62,1048.0,-2079.62,0.5039,9.1,15.7,5.0,NONE,True
SESS_2026091180,TRD_10330,NOVICE_UNDER_6M,43283,BANKNIFTY,47,11,3.67,3,True,-4994.81,3331.64,-8326.45,0.4001,32.8,2.6,87.9,MANDATORY_COOLOFF_15MIN_LOCKOUT,False
SESS_2026091181,TRD_10331,NOVICE_UNDER_6M,40126,BANKNIFTY,23,0,0.97,0,False,-3114.82,1472.74,-4587.56,0.321,15.4,22.7,15.0,NONE,True
SESS_2026091182,TRD_10332,INTERMEDIATE_1_2Y,126847,NIFTY,14,0,0.98,0,False,-15479.95,979.06,-16459.01,0.0595,12.5,17.8,12.4,NONE,True
SESS_2026091183,TRD_10333,NOVICE_UNDER_6M,31385,BANKNIFTY,17,4,3.97,2,True,-12480.22,1164.23,-13644.45,0.0853,71.2,5.2,51.2,SL_DRAG_FRICTION_WARNING,False
SESS_2026091184,TRD_10334,NOVICE_UNDER_6M,45475,BANKNIFTY,50,1,0.99,0,False,2317.72,2480.28,-162.56,0.5169,13.6,29.8,24.4,NONE,True
SESS_2026091185,TRD_10335,INTERMEDIATE_1_2Y,196164,SENSEX,46,1,1.03,0,False,-1965.76,2212.11,-4177.87,0.5295,8.4,13.0,21.1,NONE,True
SESS_2026091186,TRD_10336,INTERMEDIATE_1_2Y,139106,BANKNIFTY,54,0,1.04,0,False,-12454.69,3684.56,-16139.25,0.2283,17.6,31.8,17.1,NONE,True
SESS_2026091187,TRD_10337,INTERMEDIATE_1_2Y,99460,NIFTY,16,0,0.97,0,False,-4700.72,974.24,-5674.96,0.1717,15.4,26.7,8.3,NONE,True
SESS_2026091188,TRD_10338,NOVICE_UNDER_6M,45270,SENSEX,15,9,3.61,5,True,-13097.04,1025.91,-14122.95,0.0726,65.8,7.0,86.0,MANDATORY_COOLOFF_15MIN_LOCKOUT,True
SESS_2026091189,TRD_10339,NOVICE_UNDER_6M,47540,SENSEX,46,2,2.93,1,True,-10221.95,2318.54,-12540.49,0.1849,31.9,4.6,45.9,MARTINGALE_LOT_SIZE_OVERRIDE_ALERT,True
SESS_2026091190,TRD_10340,EXPERIENCED_3Y_PLUS,1318425,SENSEX,21,0,0.99,0,False,-54167.42,1432.1,-55599.52,0.0258,15.6,17.3,8.0,NONE,True
SESS_2026091191,TRD_10341,EXPERIENCED_3Y_PLUS,1072248,BANKNIFTY,23,0,1.19,0,False,120534.36,1276.16,119258.2,0.0,7.2,21.3,12.7,NONE,True
SESS_2026091192,TRD_10342,NOVICE_UNDER_6M,63991,BANKNIFTY,19,7,2.58,1,False,-24793.42,1281.13,-26074.55,0.0491,25.2,6.5,43.9,SL_DRAG_FRICTION_WARNING,True
SESS_2026091193,TRD_10343,NOVICE_UNDER_6M,68743,BANKNIFTY,56,5,2.71,4,True,-16634.97,3667.44,-20302.41,0.1806,30.2,6.1,71.4,SL_DRAG_FRICTION_WARNING,True
SESS_2026091194,TRD_10344,INTERMEDIATE_1_2Y,215510,BANKNIFTY,40,0,1.26,0,True,13703.28,2665.21,11038.07,0.0,12.3,18.3,25.5,0DTE_HERO_OR_ZERO_THETA_DECAY_WARNING,True
SESS_2026091195,TRD_10345,NOVICE_UNDER_6M,37790,NIFTY,42,6,3.04,2,True,-11285.48,2878.99,-14164.47,0.2033,70.5,3.4,65.9,SL_DRAG_FRICTION_WARNING,True
SESS_2026091196,TRD_10346,NOVICE_UNDER_6M,45106,NIFTY,41,10,3.15,1,True,-9304.58,2086.06,-11390.64,0.1831,31.4,2.9,66.4,SL_DRAG_FRICTION_WARNING,True
SESS_2026091197,TRD_10347,EXPERIENCED_3Y_PLUS,1450892,NIFTY,21,1,0.97,0,False,41228.58,1369.49,39859.09,0.0,17.5,25.2,12.9,NONE,True
SESS_2026091198,TRD_10348,NOVICE_UNDER_6M,61103,NIFTY,12,4,2.6,3,False,-15612.85,765.94,-16378.79,0.0468,68.4,3.6,44.6,SL_DRAG_FRICTION_WARNING,True
SESS_2026091199,TRD_10349,INTERMEDIATE_1_2Y,191313,BANKNIFTY,19,8,4.1,3,True,-56954.54,1109.58,-58064.12,0.0191,72.5,4.2,70.0,SL_DRAG_FRICTION_WARNING,True
SESS_2026091200,TRD_10350,NOVICE_UNDER_6M,58573,NIFTY,52,0,0.99,0,True,-3681.06,3455.78,-7136.84,0.4842,9.4,18.5,19.1,0DTE_HERO_OR_ZERO_THETA_DECAY_WARNING,True
SESS_2026091201,TRD_10351,NOVICE_UNDER_6M,46151,NIFTY,28,4,4.11,4,False,-11502.29,1433.7,-12935.99,0.1108,38.5,4.4,66.8,SL_DRAG_FRICTION_WARNING,False
SESS_2026091202,TRD_10352,INTERMEDIATE_1_2Y,193539,BANKNIFTY,24,0,0.97,0,False,-8131.56,1531.18,-9662.74,0.1585,12.3,27.9,14.6,NONE,True
SESS_2026091203,TRD_10353,NOVICE_UNDER_6M,25518,NIFTY,38,0,1.19,0,False,2875.84,2604.54,271.3,0.0,8.9,34.0,12.3,NONE,True
SESS_2026091204,TRD_10354,ALGO_SEMI_AUTOMATED,1616114,BANKNIFTY,113,1,1.25,0,True,59599.05,6926.1,52672.95,0.0,17.5,19.5,31.1,0DTE_HERO_OR_ZERO_THETA_DECAY_WARNING,True
SESS_2026091205,TRD_10355,INTERMEDIATE_1_2Y,97726,NIFTY,22,0,1.11,0,False,7608.3,1373.63,6234.67,0.0,8.4,21.2,13.2,NONE,True
SESS_2026091206,TRD_10356,INTERMEDIATE_1_2Y,176556,NIFTY,15,0,1.19,0,False,9509.62,911.69,8597.93,0.0,16.3,20.2,8.4,NONE,True
SESS_2026091207,TRD_10357,INTERMEDIATE_1_2Y,176241,MIDCPNIFTY,34,9,2.82,4,True,-64904.52,2187.66,-67092.18,0.0326,45.6,7.0,75.9,MANDATORY_COOLOFF_15MIN_LOCKOUT,False
SESS_2026091208,TRD_10358,NOVICE_UNDER_6M,45746,NIFTY,21,0,1.03,0,True,-3575.85,1149.33,-4725.18,0.2432,6.1,25.5,14.2,0DTE_HERO_OR_ZERO_THETA_DECAY_WARNING,True
SESS_2026091209,TRD_10359,NOVICE_UNDER_6M,42610,NIFTY,25,8,3.9,2,True,-8327.03,1524.65,-9851.68,0.1548,63.0,2.2,66.5,SL_DRAG_FRICTION_WARNING,True
SESS_2026091210,TRD_10360,NOVICE_UNDER_6M,54727,NIFTY,10,0,1.14,0,False,-2780.8,618.16,-3398.96,0.1819,7.2,23.6,15.9,NONE,True
SESS_2026091211,TRD_10361,INTERMEDIATE_1_2Y,282852,BANKNIFTY,37,0,0.93,0,True,-11691.06,1928.8,-13619.86,0.1416,13.5,12.5,20.8,0DTE_HERO_OR_ZERO_THETA_DECAY_WARNING,True
SESS_2026091212,TRD_10362,NOVICE_UNDER_6M,56520,FINNIFTY,45,4,2.57,2,True,-19548.15,3145.22,-22693.37,0.1386,36.3,2.7,55.6,SL_DRAG_FRICTION_WARNING,False
SESS_2026091213,TRD_10363,NOVICE_UNDER_6M,41198,FINNIFTY,43,3,4.25,2,True,-8094.82,2985.47,-11080.29,0.2694,43.7,4.7,67.7,SL_DRAG_FRICTION_WARNING,True
SESS_2026091214,TRD_10364,NOVICE_UNDER_6M,57757,SENSEX,24,3,2.81,4,True,-11445.71,1699.18,-13144.89,0.1293,51.0,4.8,65.0,SL_DRAG_FRICTION_WARNING,False
SESS_2026091215,TRD_10365,INTERMEDIATE_1_2Y,317199,SENSEX,44,11,3.36,3,False,-53336.81,2406.81,-55743.62,0.0432,46.2,5.1,71.4,SL_DRAG_FRICTION_WARNING,True
SESS_2026091216,TRD_10366,ALGO_SEMI_AUTOMATED,1112174,NIFTY,91,0,0.99,0,False,-97326.69,5637.78,-102964.47,0.0548,15.3,22.7,22.5,NONE,True
SESS_2026091217,TRD_10367,ALGO_SEMI_AUTOMATED,806816,NIFTY,91,0,1.07,0,False,56486.24,4483.38,52002.86,0.0,13.8,28.4,20.7,NONE,True
SESS_2026091218,TRD_10368,NOVICE_UNDER_6M,36422,NIFTY,55,0,1.19,0,False,-1756.1,3369.01,-5125.11,0.6574,13.3,32.3,19.8,NONE,True
SESS_2026091219,TRD_10369,INTERMEDIATE_1_2Y,123983,NIFTY,22,4,3.18,4,True,-25698.43,1329.48,-27027.91,0.0492,65.1,3.1,66.4,SL_DRAG_FRICTION_WARNING,True
SESS_2026091220,TRD_10370,INTERMEDIATE_1_2Y,88731,BANKNIFTY,36,0,1.05,0,False,-9965.71,1737.96,-11703.67,0.1485,17.9,19.8,21.4,NONE,True
SESS_2026091221,TRD_10371,INTERMEDIATE_1_2Y,72546,SENSEX,40,5,3.82,4,True,-7724.69,2014.33,-9739.02,0.2068,29.1,3.0,75.1,MANDATORY_COOLOFF_15MIN_LOCKOUT,False
SESS_2026091222,TRD_10372,NOVICE_UNDER_6M,48886,NIFTY,30,0,1.12,0,False,3108.83,1802.89,1305.94,0.0,9.8,27.5,14.6,NONE,True
SESS_2026091223,TRD_10373,NOVICE_UNDER_6M,35456,NIFTY,37,7,3.37,2,True,-5647.69,2032.61,-7680.3,0.2647,63.4,2.8,68.2,SL_DRAG_FRICTION_WARNING,True
SESS_2026091224,TRD_10374,NOVICE_UNDER_6M,27980,NIFTY,30,5,2.14,3,True,-7603.62,1685.87,-9289.49,0.1815,38.1,3.2,52.3,SL_DRAG_FRICTION_WARNING,True
SESS_2026091225,TRD_10375,NOVICE_UNDER_6M,44653,MIDCPNIFTY,37,4,2.9,2,True,-7151.11,2473.2,-9624.31,0.257,58.1,3.8,57.8,SL_DRAG_FRICTION_WARNING,True
SESS_2026091226,TRD_10376,INTERMEDIATE_1_2Y,79653,NIFTY,35,0,1.03,0,False,-699.47,1978.26,-2677.73,0.7388,13.2,26.1,22.0,NONE,True
SESS_2026091227,TRD_10377,INTERMEDIATE_1_2Y,226405,NIFTY,50,0,0.97,0,True,19401.8,2703.38,16698.42,0.0,15.6,33.3,24.2,0DTE_HERO_OR_ZERO_THETA_DECAY_WARNING,True
SESS_2026091228,TRD_10378,NOVICE_UNDER_6M,64815,BANKNIFTY,58,0,1.09,0,False,7885.92,3477.84,4408.08,0.0,16.3,16.1,26.0,NONE,True
SESS_2026091229,TRD_10379,INTERMEDIATE_1_2Y,142848,BANKNIFTY,37,0,1.03,0,False,-2711.8,2377.98,-5089.78,0.4672,14.1,15.3,14.7,NONE,True
SESS_2026091230,TRD_10380,ALGO_SEMI_AUTOMATED,1889573,SENSEX,74,0,1.03,0,False,81875.91,4206.02,77669.89,0.0,8.9,21.7,21.5,NONE,True
SESS_2026091231,TRD_10381,INTERMEDIATE_1_2Y,117017,BANKNIFTY,22,0,1.05,0,True,2817.31,1138.72,1678.59,0.0,10.7,33.7,13.6,0DTE_HERO_OR_ZERO_THETA_DECAY_WARNING,False
SESS_2026091232,TRD_10382,INTERMEDIATE_1_2Y,142112,NIFTY,21,0,1.03,0,False,5030.4,1156.09,3874.31,0.0,14.1,19.8,19.9,NONE,True
SESS_2026091233,TRD_10383,NOVICE_UNDER_6M,25907,NIFTY,18,5,2.92,2,True,-3229.29,1197.52,-4426.81,0.2705,65.7,4.5,50.5,SL_DRAG_FRICTION_WARNING,True
SESS_2026091234,TRD_10384,INTERMEDIATE_1_2Y,141236,BANKNIFTY,29,0,1.16,0,False,2765.78,1877.24,888.54,0.0,14.7,15.1,13.9,NONE,True
SESS_2026091235,TRD_10385,NOVICE_UNDER_6M,40845,MIDCPNIFTY,41,0,1.0,0,False,-1085.71,2783.27,-3868.98,0.7194,8.5,29.6,14.4,NONE,True
SESS_2026091236,TRD_10386,EXPERIENCED_3Y_PLUS,517672,BANKNIFTY,12,1,1.12,0,False,21723.78,706.97,21016.81,0.0,15.7,14.1,6.3,NONE,True
SESS_2026091237,TRD_10387,INTERMEDIATE_1_2Y,100983,SENSEX,12,0,1.08,0,False,-1834.61,669.03,-2503.64,0.2672,8.4,17.0,12.1,NONE,True
SESS_2026091238,TRD_10388,NOVICE_UNDER_6M,38400,SENSEX,55,0,1.23,0,False,2062.99,3072.22,-1009.23,0.5983,13.3,23.6,19.4,NONE,True
SESS_2026091239,TRD_10389,NOVICE_UNDER_6M,47618,SENSEX,31,0,0.92,0,False,-5451.63,1567.42,-7019.05,0.2233,15.8,34.9,16.7,NONE,True
SESS_2026091240,TRD_10390,NOVICE_UNDER_6M,58439,SENSEX,20,6,4.34,2,True,-17192.01,1096.15,-18288.16,0.0599,48.6,5.5,67.1,SL_DRAG_FRICTION_WARNING,True
SESS_2026091241,TRD_10391,EXPERIENCED_3Y_PLUS,628314,NIFTY,3,0,1.03,0,False,-58311.01,187.47,-58498.48,0.0032,10.1,32.4,7.7,NONE,True
SESS_2026091242,TRD_10392,INTERMEDIATE_1_2Y,235054,MIDCPNIFTY,43,0,0.97,0,False,-6747.14,2091.22,-8838.36,0.2366,8.8,24.2,25.2,NONE,True
SESS_2026091243,TRD_10393,INTERMEDIATE_1_2Y,113943,SENSEX,40,4,3.49,1,True,-41700.08,2164.94,-43865.02,0.0494,38.8,3.7,63.6,SL_DRAG_FRICTION_WARNING,True
SESS_2026091244,TRD_10394,INTERMEDIATE_1_2Y,217618,NIFTY,36,6,4.42,1,True,-65750.3,2536.35,-68286.65,0.0371,26.1,6.0,56.7,SL_DRAG_FRICTION_WARNING,True
SESS_2026091245,TRD_10395,NOVICE_UNDER_6M,48229,NIFTY,19,1,1.14,0,True,7458.3,1149.24,6309.06,0.0,6.5,16.4,24.2,0DTE_HERO_OR_ZERO_THETA_DECAY_WARNING,True
SESS_2026091246,TRD_10396,INTERMEDIATE_1_2Y,144940,NIFTY,44,8,2.15,1,True,-51324.62,2297.34,-53621.96,0.0428,41.0,5.7,57.5,SL_DRAG_FRICTION_WARNING,True
SESS_2026091247,TRD_10397,INTERMEDIATE_1_2Y,237752,BANKNIFTY,28,6,3.28,4,True,-50046.5,2005.19,-52051.69,0.0385,53.1,6.5,77.3,MANDATORY_COOLOFF_15MIN_LOCKOUT,False
SESS_2026091248,TRD_10398,INTERMEDIATE_1_2Y,128725,SENSEX,51,5,3.4,3,False,-38901.43,3504.11,-42405.54,0.0826,64.0,3.7,68.9,SL_DRAG_FRICTION_WARNING,True
SESS_2026091249,TRD_10399,ALGO_SEMI_AUTOMATED,1367075,BANKNIFTY,53,0,0.95,0,False,25533.39,2604.41,22928.98,0.0,11.4,28.0,16.9,NONE,True
SESS_2026091250,TRD_10400,EXPERIENCED_3Y_PLUS,593752,SENSEX,17,0,1.01,0,False,93141.97,1053.82,92088.15,0.0,6.2,34.9,14.3,NONE,True
SESS_2026091251,TRD_10401,INTERMEDIATE_1_2Y,207610,FINNIFTY,32,1,1.17,0,False,11213.12,2108.94,9104.18,0.0,16.0,26.8,23.8,NONE,True
SESS_2026091252,TRD_10402,NOVICE_UNDER_6M,53911,NIFTY,47,0,1.18,0,False,-1166.31,3329.78,-4496.09,0.7406,12.4,20.4,20.0,NONE,True
SESS_2026091253,TRD_10403,EXPERIENCED_3Y_PLUS,400370,BANKNIFTY,5,0,1.07,0,False,38036.61,253.0,37783.61,0.0,16.3,33.9,11.9,NONE,True
SESS_2026091254,TRD_10404,EXPERIENCED_3Y_PLUS,1042771,SENSEX,23,0,1.14,0,False,-105868.23,1447.46,-107315.69,0.0135,12.8,34.1,18.2,NONE,True
SESS_2026091255,TRD_10405,NOVICE_UNDER_6M,35247,SENSEX,41,5,4.21,3,True,-2432.0,2192.46,-4624.46,0.4741,35.8,4.8,72.9,SL_DRAG_FRICTION_WARNING,True
SESS_2026091256,TRD_10406,NOVICE_UNDER_6M,42105,BANKNIFTY,42,0,1.19,0,False,-5162.1,2841.32,-8003.42,0.355,13.9,24.9,18.8,NONE,True
SESS_2026091257,TRD_10407,INTERMEDIATE_1_2Y,137357,FINNIFTY,25,0,1.19,0,False,9125.09,1670.45,7454.64,0.0,11.2,12.7,14.8,NONE,True
SESS_2026091258,TRD_10408,NOVICE_UNDER_6M,44684,BANKNIFTY,47,4,3.6,1,True,-9318.55,3297.66,-12616.21,0.2614,53.6,3.7,57.9,SL_DRAG_FRICTION_WARNING,False
SESS_2026091259,TRD_10409,INTERMEDIATE_1_2Y,95423,BANKNIFTY,41,0,1.15,0,False,-7461.59,2797.81,-10259.4,0.2727,10.0,33.2,22.7,NONE,True
SESS_2026091260,TRD_10410,INTERMEDIATE_1_2Y,226016,NIFTY,24,6,3.86,4,True,-35419.96,1246.61,-36666.57,0.034,69.9,6.3,73.0,SL_DRAG_FRICTION_WARNING,True
SESS_2026091261,TRD_10411,NOVICE_UNDER_6M,48049,NIFTY,39,1,0.95,0,True,-45.61,1942.25,-1987.86,0.9771,16.0,29.6,23.7,0DTE_HERO_OR_ZERO_THETA_DECAY_WARNING,False
SESS_2026091262,TRD_10412,EXPERIENCED_3Y_PLUS,1008683,NIFTY,12,0,0.94,0,True,-40900.27,660.39,-41560.66,0.0159,12.3,26.1,9.2,0DTE_HERO_OR_ZERO_THETA_DECAY_WARNING,True
SESS_2026091263,TRD_10413,NOVICE_UNDER_6M,46111,FINNIFTY,48,0,1.18,0,False,-4774.68,2728.35,-7503.03,0.3636,13.7,26.4,16.0,NONE,True
SESS_2026091264,TRD_10414,NOVICE_UNDER_6M,52409,MIDCPNIFTY,27,1,1.04,0,False,-560.48,1386.55,-1947.03,0.7121,7.9,28.4,10.8,NONE,True
SESS_2026091265,TRD_10415,INTERMEDIATE_1_2Y,199421,SENSEX,31,6,2.44,4,False,-24392.75,2218.59,-26611.34,0.0834,66.3,6.6,63.8,SL_DRAG_FRICTION_WARNING,True
SESS_2026091266,TRD_10416,NOVICE_UNDER_6M,68092,NIFTY,17,0,1.03,0,False,-3981.61,898.69,-4880.3,0.1841,12.4,13.5,12.4,NONE,True
SESS_2026091267,TRD_10417,INTERMEDIATE_1_2Y,293780,SENSEX,22,0,0.99,0,False,32511.91,1301.13,31210.78,0.0,10.8,22.7,20.6,NONE,True
SESS_2026091268,TRD_10418,INTERMEDIATE_1_2Y,115599,NIFTY,57,0,0.96,0,False,-1772.38,3864.83,-5637.21,0.6856,10.6,17.0,24.0,NONE,True
SESS_2026091269,TRD_10419,INTERMEDIATE_1_2Y,158357,SENSEX,29,1,0.97,0,False,-5886.81,1576.16,-7462.97,0.2112,6.9,27.4,16.1,NONE,True
SESS_2026091270,TRD_10420,INTERMEDIATE_1_2Y,82138,SENSEX,51,0,0.94,0,False,5769.26,2975.74,2793.52,0.0,9.5,13.0,19.1,NONE,True
SESS_2026091271,TRD_10421,EXPERIENCED_3Y_PLUS,655760,BANKNIFTY,19,1,1.05,0,True,41007.55,1216.28,39791.27,0.0,7.7,22.7,20.7,0DTE_HERO_OR_ZERO_THETA_DECAY_WARNING,True
SESS_2026091272,TRD_10422,NOVICE_UNDER_6M,36732,BANKNIFTY,12,3,3.29,4,True,-10836.41,844.01,-11680.42,0.0723,34.1,5.1,54.5,SL_DRAG_FRICTION_WARNING,True
SESS_2026091273,TRD_10423,NOVICE_UNDER_6M,61091,BANKNIFTY,48,1,1.0,0,False,344.41,3313.89,-2969.48,0.9059,15.9,32.1,23.7,NONE,True
SESS_2026091274,TRD_10424,NOVICE_UNDER_6M,62138,NIFTY,23,0,1.03,0,False,3026.01,1376.04,1649.97,0.0,12.9,22.3,11.7,NONE,True
SESS_2026091275,TRD_10425,NOVICE_UNDER_6M,52376,NIFTY,31,0,1.04,0,False,-2586.88,1789.38,-4376.26,0.4089,10.8,33.6,10.8,NONE,True
SESS_2026091276,TRD_10426,EXPERIENCED_3Y_PLUS,965071,FINNIFTY,9,0,1.13,0,False,-62116.88,480.36,-62597.24,0.0077,7.7,27.2,7.1,NONE,True
SESS_2026091277,TRD_10427,NOVICE_UNDER_6M,31370,FINNIFTY,31,0,0.92,0,False,1136.01,1789.27,-653.26,0.6117,17.9,33.6,18.4,NONE,True
SESS_2026091278,TRD_10428,INTERMEDIATE_1_2Y,106188,NIFTY,13,0,0.95,0,False,-993.61,809.38,-1802.99,0.4489,9.9,21.2,14.4,NONE,True
SESS_2026091279,TRD_10429,NOVICE_UNDER_6M,58145,BANKNIFTY,26,6,2.94,2,True,-22736.91,1454.47,-24191.38,0.0601,32.9,6.5,58.2,SL_DRAG_FRICTION_WARNING,True
SESS_2026091280,TRD_10430,INTERMEDIATE_1_2Y,184943,BANKNIFTY,36,1,1.25,0,False,-7046.73,1840.31,-8887.04,0.2071,14.3,23.7,22.6,NONE,True
SESS_2026091281,TRD_10431,NOVICE_UNDER_6M,56428,NIFTY,35,0,1.01,0,False,3842.43,2446.85,1395.58,0.0,12.5,22.5,13.7,NONE,True
SESS_2026091282,TRD_10432,NOVICE_UNDER_6M,54703,NIFTY,33,4,4.22,2,True,-11092.83,1604.76,-12697.59,0.1264,34.8,5.8,60.7,SL_DRAG_FRICTION_WARNING,False
SESS_2026091283,TRD_10433,NOVICE_UNDER_6M,71247,NIFTY,17,1,1.05,0,False,1595.5,1189.45,406.05,0.0,10.6,15.4,12.2,NONE,True
SESS_2026091284,TRD_10434,EXPERIENCED_3Y_PLUS,698468,FINNIFTY,20,8,3.0,3,True,-159766.06,1287.15,-161053.21,0.008,62.5,6.0,71.0,SL_DRAG_FRICTION_WARNING,True
SESS_2026091285,TRD_10435,NOVICE_UNDER_6M,59120,FINNIFTY,30,0,1.1,0,False,2715.87,1678.95,1036.92,0.0,15.1,21.0,15.2,NONE,True
SESS_2026091286,TRD_10436,NOVICE_UNDER_6M,46220,BANKNIFTY,15,0,1.01,0,False,-1074.3,810.43,-1884.73,0.43,15.3,19.9,14.0,NONE,True
SESS_2026091287,TRD_10437,NOVICE_UNDER_6M,50786,BANKNIFTY,24,8,2.95,3,True,-11162.22,1307.09,-12469.31,0.1048,31.7,4.7,65.2,SL_DRAG_FRICTION_WARNING,True
SESS_2026091288,TRD_10438,ALGO_SEMI_AUTOMATED,2224550,BANKNIFTY,105,0,1.02,0,False,-69849.74,6383.26,-76233.0,0.0837,7.0,27.7,16.6,NONE,True
SESS_2026091289,TRD_10439,NOVICE_UNDER_6M,47059,BANKNIFTY,58,4,3.44,2,True,-10787.68,3872.1,-14659.78,0.2641,68.4,3.1,72.6,SL_DRAG_FRICTION_WARNING,True
SESS_2026091290,TRD_10440,NOVICE_UNDER_6M,38312,SENSEX,69,6,3.12,2,False,-10018.04,4719.8,-14737.84,0.3203,49.5,3.3,59.7,SL_DRAG_FRICTION_WARNING,True
SESS_2026091291,TRD_10441,INTERMEDIATE_1_2Y,224848,BANKNIFTY,21,2,2.97,3,False,-82565.48,1427.53,-83993.01,0.017,69.7,6.1,50.3,MARTINGALE_LOT_SIZE_OVERRIDE_ALERT,False
SESS_2026091292,TRD_10442,INTERMEDIATE_1_2Y,183660,BANKNIFTY,17,8,3.02,2,False,-47656.6,851.99,-48508.59,0.0176,29.3,3.8,54.9,SL_DRAG_FRICTION_WARNING,False
SESS_2026091293,TRD_10443,NOVICE_UNDER_6M,37419,BANKNIFTY,25,6,2.78,2,False,-6247.75,1468.4,-7716.15,0.1903,72.5,2.5,52.3,SL_DRAG_FRICTION_WARNING,True
SESS_2026091294,TRD_10444,NOVICE_UNDER_6M,24907,BANKNIFTY,40,0,1.11,0,False,1568.18,1953.78,-385.6,0.5547,7.3,33.9,15.4,NONE,True
SESS_2026091295,TRD_10445,EXPERIENCED_3Y_PLUS,793200,SENSEX,28,6,3.26,1,False,-231537.25,1431.21,-232968.46,0.0061,31.6,4.4,52.9,SL_DRAG_FRICTION_WARNING,False
SESS_2026091296,TRD_10446,INTERMEDIATE_1_2Y,169301,BANKNIFTY,42,4,2.58,2,False,-63779.07,2343.05,-66122.12,0.0354,65.5,4.1,49.2,SL_DRAG_FRICTION_WARNING,False
SESS_2026091297,TRD_10447,NOVICE_UNDER_6M,46007,SENSEX,33,4,3.29,2,True,-10435.84,1852.91,-12288.75,0.1508,62.0,5.3,52.2,SL_DRAG_FRICTION_WARNING,True
SESS_2026091298,TRD_10448,NOVICE_UNDER_6M,71370,BANKNIFTY,49,7,3.51,1,True,-6916.7,3307.4,-10224.1,0.3235,72.9,6.6,61.5,SL_DRAG_FRICTION_WARNING,True
SESS_2026091299,TRD_10449,NOVICE_UNDER_6M,62311,NIFTY,55,8,3.09,2,True,-21196.01,3798.13,-24994.14,0.152,36.6,6.8,71.8,SL_DRAG_FRICTION_WARNING,False
SESS_2026091300,TRD_10450,INTERMEDIATE_1_2Y,240767,NIFTY,39,0,0.99,0,False,5887.82,2270.44,3617.38,0.0,11.8,24.0,16.3,NONE,True
SESS_2026091301,TRD_10451,INTERMEDIATE_1_2Y,127715,NIFTY,21,1,1.03,0,False,16685.59,1355.94,15329.65,0.0,14.6,15.3,9.7,NONE,True
SESS_2026091302,TRD_10452,NOVICE_UNDER_6M,68466,BANKNIFTY,32,1,1.12,0,False,-5162.09,2185.7,-7347.79,0.2975,11.0,29.2,23.8,NONE,True
SESS_2026091303,TRD_10453,NOVICE_UNDER_6M,66977,NIFTY,27,0,1.06,0,False,4682.15,1773.61,2908.54,0.0,8.1,24.5,13.6,NONE,True
SESS_2026091304,TRD_10454,INTERMEDIATE_1_2Y,113236,NIFTY,13,4,4.04,1,True,-47862.21,652.03,-48514.24,0.0134,29.6,3.9,51.6,SL_DRAG_FRICTION_WARNING,True
SESS_2026091305,TRD_10455,EXPERIENCED_3Y_PLUS,894036,NIFTY,15,4,3.26,2,True,-118480.57,892.83,-119373.4,0.0075,47.8,5.9,54.3,SL_DRAG_FRICTION_WARNING,True
SESS_2026091306,TRD_10456,NOVICE_UNDER_6M,56942,BANKNIFTY,30,1,0.97,0,False,-4090.01,1504.97,-5594.98,0.269,12.9,12.8,19.6,NONE,True
SESS_2026091307,TRD_10457,NOVICE_UNDER_6M,56718,NIFTY,30,0,1.12,0,False,-699.3,1527.07,-2226.37,0.6859,12.6,16.2,9.1,NONE,True
SESS_2026091308,TRD_10458,NOVICE_UNDER_6M,46599,NIFTY,17,0,1.04,0,False,653.03,891.95,-238.92,0.5773,8.6,25.0,12.0,NONE,True
SESS_2026091309,TRD_10459,EXPERIENCED_3Y_PLUS,466266,NIFTY,9,0,1.12,0,False,30278.1,573.97,29704.13,0.0,17.5,28.9,9.4,NONE,True
SESS_2026091310,TRD_10460,INTERMEDIATE_1_2Y,180817,SENSEX,32,6,2.83,1,True,-39685.38,2222.99,-41908.37,0.053,60.1,3.2,54.1,SL_DRAG_FRICTION_WARNING,True
SESS_2026091311,TRD_10461,NOVICE_UNDER_6M,45036,FINNIFTY,34,1,0.99,0,False,528.76,1845.01,-1316.25,0.7772,9.5,33.7,22.2,NONE,True
SESS_2026091312,TRD_10462,NOVICE_UNDER_6M,39515,MIDCPNIFTY,50,0,0.98,0,False,-492.21,2624.15,-3116.36,0.8421,15.9,31.8,20.0,NONE,True
SESS_2026091313,TRD_10463,NOVICE_UNDER_6M,29119,BANKNIFTY,26,1,1.13,0,False,1198.45,1758.12,-559.67,0.5946,14.6,16.9,18.1,NONE,True
SESS_2026091314,TRD_10464,INTERMEDIATE_1_2Y,103886,NIFTY,49,0,0.97,0,True,-7685.29,2780.43,-10465.72,0.2657,14.1,34.4,23.3,0DTE_HERO_OR_ZERO_THETA_DECAY_WARNING,True
SESS_2026091315,TRD_10465,INTERMEDIATE_1_2Y,112906,BANKNIFTY,11,7,3.28,4,True,-16518.11,643.73,-17161.84,0.0375,48.3,4.5,62.6,SL_DRAG_FRICTION_WARNING,True
SESS_2026091316,TRD_10466,NOVICE_UNDER_6M,54622,NIFTY,45,0,0.99,0,False,4181.39,2970.66,1210.73,0.0,10.7,13.4,24.2,NONE,True
SESS_2026091317,TRD_10467,INTERMEDIATE_1_2Y,115129,BANKNIFTY,21,9,3.57,4,False,-42809.13,1428.93,-44238.06,0.0323,53.7,2.5,72.6,SL_DRAG_FRICTION_WARNING,True
SESS_2026091318,TRD_10468,ALGO_SEMI_AUTOMATED,1106291,SENSEX,90,0,0.93,0,True,51388.1,5587.66,45800.44,0.0,12.9,29.9,26.1,0DTE_HERO_OR_ZERO_THETA_DECAY_WARNING,True
SESS_2026091319,TRD_10469,ALGO_SEMI_AUTOMATED,1467309,BANKNIFTY,84,0,0.95,0,False,230777.54,4198.62,226578.92,0.0,16.9,25.3,22.3,NONE,True
SESS_2026091320,TRD_10470,NOVICE_UNDER_6M,54352,NIFTY,35,0,0.98,0,True,-3027.88,1779.19,-4807.07,0.3701,7.8,15.5,18.5,0DTE_HERO_OR_ZERO_THETA_DECAY_WARNING,True
SESS_2026091321,TRD_10471,INTERMEDIATE_1_2Y,158146,BANKNIFTY,33,6,3.79,1,True,-50774.65,1679.8,-52454.45,0.032,45.1,2.6,54.8,SL_DRAG_FRICTION_WARNING,True
SESS_2026091322,TRD_10472,NOVICE_UNDER_6M,45906,NIFTY,45,1,1.21,0,False,-5056.39,2777.63,-7834.02,0.3546,13.5,28.8,19.3,NONE,True
SESS_2026091323,TRD_10473,ALGO_SEMI_AUTOMATED,1555239,BANKNIFTY,84,0,1.14,0,True,-131187.32,4605.45,-135792.77,0.0339,15.2,18.5,29.3,0DTE_HERO_OR_ZERO_THETA_DECAY_WARNING,False
SESS_2026091324,TRD_10474,NOVICE_UNDER_6M,54200,BANKNIFTY,40,5,2.0,3,False,-18489.84,2726.39,-21216.23,0.1285,32.5,3.4,46.9,SL_DRAG_FRICTION_WARNING,True
SESS_2026091325,TRD_10475,NOVICE_UNDER_6M,71761,NIFTY,45,0,1.15,0,False,3086.62,2774.38,312.24,0.0,6.0,33.4,16.3,NONE,True
SESS_2026091326,TRD_10476,NOVICE_UNDER_6M,42756,NIFTY,48,0,1.14,0,False,-2545.59,3381.31,-5926.9,0.5705,11.4,15.3,15.8,NONE,True
SESS_2026091327,TRD_10477,INTERMEDIATE_1_2Y,144399,BANKNIFTY,37,8,2.88,1,False,-34576.64,1823.79,-36400.43,0.0501,32.8,2.7,53.1,SL_DRAG_FRICTION_WARNING,True
SESS_2026091328,TRD_10478,EXPERIENCED_3Y_PLUS,791852,SENSEX,15,0,0.95,0,False,103931.94,875.24,103056.7,0.0,6.7,28.5,10.9,NONE,True
SESS_2026091329,TRD_10479,NOVICE_UNDER_6M,38501,BANKNIFTY,21,7,4.25,2,True,-7564.82,1331.59,-8896.41,0.1497,68.2,6.1,66.9,SL_DRAG_FRICTION_WARNING,True
SESS_2026091330,TRD_10480,INTERMEDIATE_1_2Y,208624,SENSEX,21,3,3.51,4,True,-43080.0,1193.76,-44273.76,0.027,49.8,6.6,64.7,SL_DRAG_FRICTION_WARNING,True
SESS_2026091331,TRD_10481,NOVICE_UNDER_6M,45793,BANKNIFTY,43,0,1.01,0,False,3560.24,2205.24,1355.0,0.0,17.3,17.8,15.9,NONE,True
SESS_2026091332,TRD_10482,INTERMEDIATE_1_2Y,235527,NIFTY,26,3,2.32,1,False,-38821.39,1707.69,-40529.08,0.0421,31.1,3.0,33.1,SL_DRAG_FRICTION_WARNING,True
SESS_2026091333,TRD_10483,NOVICE_UNDER_6M,40353,BANKNIFTY,61,5,2.24,1,True,-14147.63,3795.78,-17943.41,0.2115,61.3,3.8,54.5,SL_DRAG_FRICTION_WARNING,False
SESS_2026091334,TRD_10484,INTERMEDIATE_1_2Y,97663,NIFTY,23,3,3.32,2,True,-26876.36,1638.76,-28515.12,0.0575,27.7,5.6,52.6,SL_DRAG_FRICTION_WARNING,False
SESS_2026091335,TRD_10485,INTERMEDIATE_1_2Y,293592,NIFTY,27,5,2.52,1,True,-43386.37,1734.29,-45120.66,0.0384,46.8,3.7,44.2,SL_DRAG_FRICTION_WARNING,True
SESS_2026091336,TRD_10486,INTERMEDIATE_1_2Y,206944,NIFTY,31,0,0.97,0,True,18241.57,1637.07,16604.5,0.0,8.4,27.4,14.2,0DTE_HERO_OR_ZERO_THETA_DECAY_WARNING,False
SESS_2026091337,TRD_10487,EXPERIENCED_3Y_PLUS,646371,NIFTY,11,1,1.04,0,True,-31294.08,564.49,-31858.57,0.0177,10.2,13.5,21.3,0DTE_HERO_OR_ZERO_THETA_DECAY_WARNING,False
SESS_2026091338,TRD_10488,NOVICE_UNDER_6M,25335,NIFTY,16,5,2.47,5,True,-8778.1,939.62,-9717.72,0.0967,26.2,2.3,54.9,SL_DRAG_FRICTION_WARNING,False
SESS_2026091339,TRD_10489,NOVICE_UNDER_6M,27485,BANKNIFTY,46,4,3.84,3,False,-5250.46,2976.87,-8227.33,0.3618,53.1,5.5,63.7,SL_DRAG_FRICTION_WARNING,True
SESS_2026091340,TRD_10490,NOVICE_UNDER_6M,41738,SENSEX,42,0,1.14,0,True,2812.34,2316.01,496.33,0.0,13.3,23.5,26.6,0DTE_HERO_OR_ZERO_THETA_DECAY_WARNING,False
SESS_2026091341,TRD_10491,NOVICE_UNDER_6M,44341,NIFTY,39,0,1.09,0,False,3064.11,2229.76,834.35,0.0,13.1,27.8,11.7,NONE,True
SESS_2026091342,TRD_10492,NOVICE_UNDER_6M,49483,NIFTY,27,5,2.47,2,True,-14523.93,1447.18,-15971.11,0.0906,27.5,4.4,53.0,SL_DRAG_FRICTION_WARNING,True
SESS_2026091343,TRD_10493,NOVICE_UNDER_6M,56497,BANKNIFTY,64,0,1.08,0,False,-7057.69,4164.84,-11222.53,0.3711,17.9,22.3,25.3,NONE,True
SESS_2026091344,TRD_10494,INTERMEDIATE_1_2Y,271666,BANKNIFTY,17,0,0.93,0,False,1592.79,885.98,706.81,0.0,12.2,30.9,11.8,NONE,True
SESS_2026091345,TRD_10495,INTERMEDIATE_1_2Y,107667,BANKNIFTY,33,8,3.54,1,False,-17964.9,1770.29,-19735.19,0.0897,71.8,6.7,58.7,SL_DRAG_FRICTION_WARNING,True
SESS_2026091346,TRD_10496,NOVICE_UNDER_6M,57129,BANKNIFTY,38,1,1.19,0,False,-6797.87,2586.69,-9384.56,0.2756,7.0,22.2,15.7,NONE,True
SESS_2026091347,TRD_10497,ALGO_SEMI_AUTOMATED,1212250,BANKNIFTY,84,8,2.36,2,True,-398106.18,4274.41,-402380.59,0.0106,38.0,4.7,66.4,SL_DRAG_FRICTION_WARNING,False
SESS_2026091348,TRD_10498,INTERMEDIATE_1_2Y,260319,NIFTY,28,0,1.07,0,False,-33257.23,1459.97,-34717.2,0.0421,12.1,22.1,15.5,NONE,True
SESS_2026091349,TRD_10499,INTERMEDIATE_1_2Y,81357,SENSEX,27,0,1.16,0,False,-2980.76,1557.29,-4538.05,0.3432,8.3,25.0,12.4,NONE,True
SESS_2026091350,TRD_10500,INTERMEDIATE_1_2Y,222556,MIDCPNIFTY,33,1,1.1,0,False,-3352.99,2299.82,-5652.81,0.4068,15.5,25.8,21.7,NONE,True
SESS_2026091351,TRD_10501,NOVICE_UNDER_6M,44251,NIFTY,61,1,1.1,0,True,1878.97,3306.67,-1427.7,0.6377,6.5,20.2,34.8,0DTE_HERO_OR_ZERO_THETA_DECAY_WARNING,False
SESS_2026091352,TRD_10502,INTERMEDIATE_1_2Y,229659,SENSEX,25,3,4.24,3,True,-44776.95,1534.91,-46311.86,0.0331,39.2,6.5,61.7,SL_DRAG_FRICTION_WARNING,True
SESS_2026091353,TRD_10503,NOVICE_UNDER_6M,67963,NIFTY,38,1,0.99,0,False,2702.21,2082.13,620.08,0.0,16.6,33.3,21.9,NONE,True
SESS_2026091354,TRD_10504,NOVICE_UNDER_6M,51375,NIFTY,30,4,3.5,1,True,-21439.33,1843.8,-23283.13,0.0792,40.6,2.3,53.6,SL_DRAG_FRICTION_WARNING,False
SESS_2026091355,TRD_10505,INTERMEDIATE_1_2Y,139131,BANKNIFTY,37,1,1.01,0,False,17908.68,2467.45,15441.23,0.0,6.0,34.3,20.0,NONE,True
SESS_2026091356,TRD_10506,NOVICE_UNDER_6M,39971,NIFTY,31,0,1.08,0,False,-213.5,2225.0,-2438.5,0.9124,7.6,17.9,15.4,NONE,True
SESS_2026091357,TRD_10507,NOVICE_UNDER_6M,50151,NIFTY,32,0,0.96,0,True,4873.4,2299.56,2573.84,0.0,18.0,14.6,15.9,0DTE_HERO_OR_ZERO_THETA_DECAY_WARNING,True
SESS_2026091358,TRD_10508,INTERMEDIATE_1_2Y,197099,MIDCPNIFTY,54,0,1.29,0,False,-10708.7,3524.75,-14233.45,0.2476,14.6,14.5,25.1,NONE,True
SESS_2026091359,TRD_10509,EXPERIENCED_3Y_PLUS,1342889,NIFTY,6,0,1.03,0,False,-34474.04,425.69,-34899.73,0.0122,14.4,32.9,6.7,NONE,True
SESS_2026091360,TRD_10510,EXPERIENCED_3Y_PLUS,930455,SENSEX,15,0,1.04,0,False,-38763.23,1003.57,-39766.8,0.0252,16.5,28.0,5.2,NONE,True
SESS_2026091361,TRD_10511,INTERMEDIATE_1_2Y,158775,BANKNIFTY,36,0,1.13,0,True,8307.56,2272.74,6034.82,0.0,9.1,24.4,25.3,0DTE_HERO_OR_ZERO_THETA_DECAY_WARNING,True
SESS_2026091362,TRD_10512,NOVICE_UNDER_6M,70434,NIFTY,45,1,1.16,0,True,-1177.13,3075.61,-4252.74,0.7232,9.3,22.2,28.9,0DTE_HERO_OR_ZERO_THETA_DECAY_WARNING,True
SESS_2026091363,TRD_10513,NOVICE_UNDER_6M,36645,NIFTY,31,4,3.18,3,True,-8012.09,2006.18,-10018.27,0.2003,70.8,5.5,61.5,SL_DRAG_FRICTION_WARNING,True
SESS_2026091364,TRD_10514,NOVICE_UNDER_6M,41619,BANKNIFTY,35,0,1.02,0,False,-4328.83,1784.26,-6113.09,0.2919,17.7,30.5,19.0,NONE,True
SESS_2026091365,TRD_10515,INTERMEDIATE_1_2Y,111580,BANKNIFTY,42,0,1.0,0,False,-8954.85,2494.28,-11449.13,0.2179,16.7,13.0,21.0,NONE,True
SESS_2026091366,TRD_10516,NOVICE_UNDER_6M,45174,FINNIFTY,45,6,3.81,3,True,-4088.79,2859.43,-6948.22,0.4115,46.1,3.2,76.6,MANDATORY_COOLOFF_15MIN_LOCKOUT,True
SESS_2026091367,TRD_10517,EXPERIENCED_3Y_PLUS,778433,SENSEX,13,2,3.59,3,False,-232188.24,638.65,-232826.89,0.0027,39.9,6.9,51.1,MARTINGALE_LOT_SIZE_OVERRIDE_ALERT,False
SESS_2026091368,TRD_10518,ALGO_SEMI_AUTOMATED,2921769,BANKNIFTY,86,1,1.04,0,False,-194819.11,5820.87,-200639.98,0.029,9.9,22.0,27.5,NONE,True
SESS_2026091369,TRD_10519,ALGO_SEMI_AUTOMATED,2221092,NIFTY,72,0,1.07,0,False,-117027.1,4806.02,-121833.12,0.0394,9.7,19.3,21.2,NONE,True
SESS_2026091370,TRD_10520,NOVICE_UNDER_6M,59777,NIFTY,14,8,3.09,3,False,-19115.33,812.69,-19928.02,0.0408,64.2,6.3,59.8,SL_DRAG_FRICTION_WARNING,True
SESS_2026091371,TRD_10521,NOVICE_UNDER_6M,42383,NIFTY,39,3,3.67,3,True,-12100.59,2773.63,-14874.22,0.1865,34.3,2.9,61.8,SL_DRAG_FRICTION_WARNING,False
SESS_2026091372,TRD_10522,INTERMEDIATE_1_2Y,151366,SENSEX,44,1,1.01,0,True,-17482.38,2195.49,-19677.87,0.1116,9.8,13.5,23.6,0DTE_HERO_OR_ZERO_THETA_DECAY_WARNING,True
SESS_2026091373,TRD_10523,INTERMEDIATE_1_2Y,271511,NIFTY,42,0,1.06,0,False,14735.51,3003.26,11732.25,0.0,10.7,13.4,27.8,NONE,True
SESS_2026091374,TRD_10524,EXPERIENCED_3Y_PLUS,276520,BANKNIFTY,15,1,1.05,0,False,-25366.66,928.02,-26294.68,0.0353,12.7,16.5,16.0,NONE,True
SESS_2026091375,TRD_10525,NOVICE_UNDER_6M,67938,BANKNIFTY,57,0,1.04,0,False,-4490.25,3846.8,-8337.05,0.4614,10.9,18.1,19.3,NONE,True
SESS_2026091376,TRD_10526,NOVICE_UNDER_6M,30686,NIFTY,45,0,0.99,0,False,-885.17,2624.49,-3509.66,0.7478,14.8,32.3,16.3,NONE,True
SESS_2026091377,TRD_10527,EXPERIENCED_3Y_PLUS,1083248,NIFTY,16,0,1.24,0,False,988.57,886.95,101.62,0.0,10.4,18.1,7.3,NONE,True
SESS_2026091378,TRD_10528,INTERMEDIATE_1_2Y,100907,SENSEX,29,0,1.18,0,False,-10597.82,1862.37,-12460.19,0.1495,15.0,33.9,12.8,NONE,True
SESS_2026091379,TRD_10529,INTERMEDIATE_1_2Y,141080,NIFTY,33,4,2.74,4,True,-26765.4,1938.38,-28703.78,0.0675,72.2,2.8,63.7,SL_DRAG_FRICTION_WARNING,True
SESS_2026091380,TRD_10530,NOVICE_UNDER_6M,51557,NIFTY,46,0,1.04,0,False,1608.29,2920.15,-1311.86,0.6448,10.8,16.7,17.9,NONE,True
SESS_2026091381,TRD_10531,INTERMEDIATE_1_2Y,109700,BANKNIFTY,18,1,1.11,0,False,-13902.95,1098.53,-15001.48,0.0732,16.8,20.1,12.9,NONE,True
SESS_2026091382,TRD_10532,NOVICE_UNDER_6M,59567,FINNIFTY,17,0,1.16,0,False,-1263.69,1221.69,-2485.38,0.4916,14.6,16.5,15.4,NONE,True
SESS_2026091383,TRD_10533,INTERMEDIATE_1_2Y,172875,NIFTY,41,9,3.02,2,True,-33335.05,2592.22,-35927.27,0.0722,26.8,6.6,68.5,SL_DRAG_FRICTION_WARNING,True
SESS_2026091384,TRD_10534,INTERMEDIATE_1_2Y,88099,BANKNIFTY,43,0,1.06,0,True,-3579.04,2326.53,-5905.57,0.394,11.1,34.7,21.6,0DTE_HERO_OR_ZERO_THETA_DECAY_WARNING,True
SESS_2026091385,TRD_10535,NOVICE_UNDER_6M,28957,NIFTY,36,0,1.11,0,False,1757.07,1820.58,-63.51,0.5089,13.4,22.4,13.9,NONE,True
SESS_2026091386,TRD_10536,EXPERIENCED_3Y_PLUS,817594,BANKNIFTY,18,0,1.0,0,False,-1008.57,1149.58,-2158.15,0.5327,7.8,22.5,15.5,NONE,True
SESS_2026091387,TRD_10537,INTERMEDIATE_1_2Y,233679,BANKNIFTY,30,0,1.18,0,False,34779.57,1786.49,32993.08,0.0,13.2,19.0,11.7,NONE,True
SESS_2026091388,TRD_10538,NOVICE_UNDER_6M,55029,NIFTY,52,8,3.64,2,True,-4419.01,3170.48,-7589.49,0.4177,65.5,6.3,78.8,MANDATORY_COOLOFF_15MIN_LOCKOUT,True
SESS_2026091389,TRD_10539,NOVICE_UNDER_6M,34081,NIFTY,24,0,1.08,0,False,-2844.44,1714.05,-4558.49,0.376,8.8,25.1,12.3,NONE,True
SESS_2026091390,TRD_10540,NOVICE_UNDER_6M,74449,SENSEX,42,5,3.97,4,True,-17301.75,2065.77,-19367.52,0.1067,74.2,4.6,68.8,SL_DRAG_FRICTION_WARNING,True
SESS_2026091391,TRD_10541,ALGO_SEMI_AUTOMATED,960403,SENSEX,99,4,4.2,1,True,-333560.92,6914.26,-340475.18,0.0203,44.3,4.2,60.7,SL_DRAG_FRICTION_WARNING,True
SESS_2026091392,TRD_10542,EXPERIENCED_3Y_PLUS,807752,NIFTY,19,1,1.12,0,True,-48361.31,1086.97,-49448.28,0.022,12.6,30.8,21.1,0DTE_HERO_OR_ZERO_THETA_DECAY_WARNING,False
SESS_2026091393,TRD_10543,ALGO_SEMI_AUTOMATED,2321645,NIFTY,59,0,1.09,0,True,-11132.35,3428.33,-14560.68,0.2355,12.1,13.1,28.1,0DTE_HERO_OR_ZERO_THETA_DECAY_WARNING,False
SESS_2026091394,TRD_10544,ALGO_SEMI_AUTOMATED,2195615,MIDCPNIFTY,83,0,1.03,0,False,-187227.53,3991.27,-191218.8,0.0209,9.8,27.6,21.0,NONE,True
SESS_2026091395,TRD_10545,INTERMEDIATE_1_2Y,156443,MIDCPNIFTY,37,0,1.03,0,False,2372.51,2164.53,207.98,0.0,17.3,33.9,5.2,NONE,True
SESS_2026091396,TRD_10546,INTERMEDIATE_1_2Y,89562,NIFTY,10,1,1.04,0,False,-8394.0,697.2,-9091.2,0.0767,10.7,18.2,9.6,NONE,True
SESS_2026091397,TRD_10547,NOVICE_UNDER_6M,63319,BANKNIFTY,44,0,1.26,0,True,-1215.25,2975.75,-4191.0,0.71,11.4,19.5,26.9,0DTE_HERO_OR_ZERO_THETA_DECAY_WARNING,False
SESS_2026091398,TRD_10548,NOVICE_UNDER_6M,40082,BANKNIFTY,40,6,3.08,3,True,-8988.27,2282.8,-11271.07,0.2025,46.0,3.0,65.9,SL_DRAG_FRICTION_WARNING,True
SESS_2026091399,TRD_10549,ALGO_SEMI_AUTOMATED,1341043,NIFTY,70,4,3.19,3,False,-91763.67,4469.49,-96233.16,0.0464,53.3,4.4,57.9,SL_DRAG_FRICTION_WARNING,True
SESS_2026091400,TRD_10550,INTERMEDIATE_1_2Y,186877,FINNIFTY,23,6,2.7,2,True,-36335.44,1234.68,-37570.12,0.0329,47.7,3.9,56.1,SL_DRAG_FRICTION_WARNING,True
SESS_2026091401,TRD_10551,EXPERIENCED_3Y_PLUS,877107,MIDCPNIFTY,32,0,1.03,0,False,47731.45,2288.95,45442.5,0.0,6.9,31.7,15.4,NONE,True
SESS_2026091402,TRD_10552,INTERMEDIATE_1_2Y,178078,MIDCPNIFTY,48,1,1.02,0,False,-724.2,2638.99,-3363.19,0.7847,17.7,14.7,26.5,NONE,True
SESS_2026091403,TRD_10553,INTERMEDIATE_1_2Y,162093,NIFTY,24,3,3.38,3,True,-30758.06,1384.02,-32142.08,0.0431,32.2,2.5,60.3,SL_DRAG_FRICTION_WARNING,True
SESS_2026091404,TRD_10554,INTERMEDIATE_1_2Y,124994,BANKNIFTY,17,1,1.02,0,False,11451.5,1188.67,10262.83,0.0,11.4,30.7,13.4,NONE,True
SESS_2026091405,TRD_10555,NOVICE_UNDER_6M,39990,BANKNIFTY,21,0,1.1,0,False,-523.31,1262.92,-1786.23,0.707,16.0,13.0,18.6,NONE,True
SESS_2026091406,TRD_10556,INTERMEDIATE_1_2Y,57785,NIFTY,30,8,3.3,1,True,-12028.78,1598.08,-13626.86,0.1173,71.9,2.2,59.7,SL_DRAG_FRICTION_WARNING,True
SESS_2026091407,TRD_10557,INTERMEDIATE_1_2Y,83311,SENSEX,18,0,1.16,0,False,798.69,1005.74,-207.05,0.5574,8.1,15.7,9.5,NONE,True
SESS_2026091408,TRD_10558,INTERMEDIATE_1_2Y,211281,NIFTY,39,3,3.34,4,False,-39869.56,2096.99,-41966.55,0.05,34.1,5.4,63.0,SL_DRAG_FRICTION_WARNING,True
SESS_2026091409,TRD_10559,NOVICE_UNDER_6M,68223,NIFTY,59,0,0.92,0,True,1785.7,3898.33,-2112.63,0.6858,15.4,33.7,28.9,0DTE_HERO_OR_ZERO_THETA_DECAY_WARNING,True
SESS_2026091410,TRD_10560,EXPERIENCED_3Y_PLUS,412851,NIFTY,13,4,3.24,4,False,-103916.42,857.23,-104773.65,0.0082,57.8,3.6,59.1,SL_DRAG_FRICTION_WARNING,False
SESS_2026091411,TRD_10561,INTERMEDIATE_1_2Y,252488,NIFTY,26,0,0.99,0,True,-8572.9,1257.18,-9830.08,0.1279,6.9,21.9,19.3,0DTE_HERO_OR_ZERO_THETA_DECAY_WARNING,False
SESS_2026091412,TRD_10562,NOVICE_UNDER_6M,39612,SENSEX,44,0,1.18,0,False,1548.15,2351.72,-803.57,0.603,9.7,28.4,15.5,NONE,True
SESS_2026091413,TRD_10563,INTERMEDIATE_1_2Y,168372,NIFTY,25,0,1.17,0,False,21290.47,1659.59,19630.88,0.0,7.6,17.9,9.5,NONE,True
SESS_2026091414,TRD_10564,NOVICE_UNDER_6M,44902,NIFTY,45,0,1.25,0,False,-2440.87,2992.15,-5433.02,0.5507,9.7,24.4,20.1,NONE,True
SESS_2026091415,TRD_10565,INTERMEDIATE_1_2Y,135356,BANKNIFTY,17,1,0.99,0,False,18424.02,1135.74,17288.28,0.0,11.6,18.8,12.7,NONE,True
SESS_2026091416,TRD_10566,NOVICE_UNDER_6M,56116,NIFTY,32,9,2.84,4,True,-16358.78,1955.07,-18313.85,0.1068,51.5,4.0,79.0,MANDATORY_COOLOFF_15MIN_LOCKOUT,True
SESS_2026091417,TRD_10567,NOVICE_UNDER_6M,49189,FINNIFTY,69,0,1.21,0,False,-1633.81,3689.32,-5323.13,0.6931,12.6,34.3,24.4,NONE,True
SESS_2026091418,TRD_10568,ALGO_SEMI_AUTOMATED,2404280,NIFTY,97,0,1.03,0,True,-27169.93,5690.41,-32860.34,0.1732,6.6,19.7,27.0,0DTE_HERO_OR_ZERO_THETA_DECAY_WARNING,True
SESS_2026091419,TRD_10569,INTERMEDIATE_1_2Y,188047,NIFTY,23,5,2.76,1,False,-51691.87,1526.64,-53218.51,0.0287,54.7,4.7,43.7,SL_DRAG_FRICTION_WARNING,True
SESS_2026091420,TRD_10570,NOVICE_UNDER_6M,47382,SENSEX,44,0,1.18,0,True,2805.14,3106.12,-300.98,0.5255,7.0,14.3,32.7,0DTE_HERO_OR_ZERO_THETA_DECAY_WARNING,True
SESS_2026091421,TRD_10571,EXPERIENCED_3Y_PLUS,565705,FINNIFTY,12,1,0.95,0,False,24525.28,682.83,23842.45,0.0,8.0,12.5,17.9,NONE,True
SESS_2026091422,TRD_10572,INTERMEDIATE_1_2Y,120071,NIFTY,40,0,1.1,0,False,-7393.95,2785.07,-10179.02,0.2736,16.7,27.3,19.3,NONE,True
SESS_2026091423,TRD_10573,INTERMEDIATE_1_2Y,139421,NIFTY,51,8,3.82,3,True,-20436.54,3586.93,-24023.47,0.1493,41.0,3.7,72.2,SL_DRAG_FRICTION_WARNING,False
SESS_2026091424,TRD_10574,INTERMEDIATE_1_2Y,137737,NIFTY,39,0,1.04,0,False,-14688.21,2653.33,-17341.54,0.153,10.1,22.1,20.1,NONE,True
SESS_2026091425,TRD_10575,INTERMEDIATE_1_2Y,113376,NIFTY,16,0,1.21,0,False,-13073.45,856.55,-13930.0,0.0615,13.1,20.4,14.7,NONE,True
SESS_2026091426,TRD_10576,NOVICE_UNDER_6M,57132,FINNIFTY,17,5,4.5,3,False,-11151.18,1052.22,-12203.4,0.0862,63.6,2.1,66.5,SL_DRAG_FRICTION_WARNING,False
SESS_2026091427,TRD_10577,NOVICE_UNDER_6M,64012,BANKNIFTY,32,7,3.83,1,True,-6725.33,2296.69,-9022.02,0.2546,56.3,6.5,62.4,SL_DRAG_FRICTION_WARNING,True
SESS_2026091428,TRD_10578,NOVICE_UNDER_6M,51579,NIFTY,56,0,1.02,0,False,-1503.24,2749.43,-4252.67,0.6465,16.9,27.8,20.4,NONE,True
SESS_2026091429,TRD_10579,NOVICE_UNDER_6M,44725,NIFTY,34,0,1.09,0,False,3233.54,1679.97,1553.57,0.0,11.1,33.0,16.7,NONE,True
SESS_2026091430,TRD_10580,EXPERIENCED_3Y_PLUS,732377,NIFTY,20,0,1.14,0,False,27813.88,1020.15,26793.73,0.0,18.0,23.5,14.9,NONE,True
SESS_2026091431,TRD_10581,ALGO_SEMI_AUTOMATED,1082434,BANKNIFTY,103,0,1.17,0,True,58255.47,7036.58,51218.89,0.0,10.7,22.5,26.6,0DTE_HERO_OR_ZERO_THETA_DECAY_WARNING,True
SESS_2026091432,TRD_10582,NOVICE_UNDER_6M,23474,BANKNIFTY,22,2,3.29,5,True,-6756.46,1298.55,-8055.01,0.1612,31.5,4.0,58.4,MARTINGALE_LOT_SIZE_OVERRIDE_ALERT,True
SESS_2026091433,TRD_10583,INTERMEDIATE_1_2Y,197169,SENSEX,30,0,1.14,0,False,9524.75,1463.0,8061.75,0.0,16.3,13.6,20.1,NONE,True
SESS_2026091434,TRD_10584,NOVICE_UNDER_6M,27729,NIFTY,56,7,3.06,1,False,-6469.09,3014.56,-9483.65,0.3179,52.1,6.6,62.3,SL_DRAG_FRICTION_WARNING,True
SESS_2026091435,TRD_10585,EXPERIENCED_3Y_PLUS,611381,FINNIFTY,10,9,2.92,3,False,-109604.98,719.05,-110324.03,0.0065,71.2,4.3,66.6,SL_DRAG_FRICTION_WARNING,True
SESS_2026091436,TRD_10586,EXPERIENCED_3Y_PLUS,1347121,BANKNIFTY,14,0,0.96,0,False,-87878.71,687.6,-88566.31,0.0078,13.1,21.7,12.7,NONE,True
SESS_2026091437,TRD_10587,INTERMEDIATE_1_2Y,199339,BANKNIFTY,44,0,1.04,0,False,29263.75,3051.76,26211.99,0.0,8.2,17.9,17.5,NONE,True
SESS_2026091438,TRD_10588,INTERMEDIATE_1_2Y,204907,NIFTY,16,0,0.96,0,False,1598.91,837.48,761.43,0.0,7.9,28.4,5.0,NONE,True
SESS_2026091439,TRD_10589,INTERMEDIATE_1_2Y,95590,NIFTY,39,0,0.95,0,False,1156.23,2329.55,-1173.32,0.6683,12.3,14.9,20.1,NONE,True
SESS_2026091440,TRD_10590,NOVICE_UNDER_6M,22532,SENSEX,30,3,2.51,2,True,-4177.8,2074.12,-6251.92,0.3318,41.6,4.8,44.0,SL_DRAG_FRICTION_WARNING,False
SESS_2026091441,TRD_10591,NOVICE_UNDER_6M,35849,NIFTY,43,6,3.7,3,False,-6318.52,2785.74,-9104.26,0.306,70.9,4.4,65.0,SL_DRAG_FRICTION_WARNING,False
SESS_2026091442,TRD_10592,NOVICE_UNDER_6M,30037,FINNIFTY,66,0,1.06,0,False,-1236.46,4690.93,-5927.39,0.7914,16.8,30.5,22.0,NONE,True
SESS_2026091443,TRD_10593,INTERMEDIATE_1_2Y,94893,BANKNIFTY,28,7,2.65,1,True,-19892.35,1907.59,-21799.94,0.0875,55.8,4.7,54.1,SL_DRAG_FRICTION_WARNING,True
SESS_2026091444,TRD_10594,EXPERIENCED_3Y_PLUS,837603,SENSEX,9,0,1.01,0,False,91663.28,617.81,91045.47,0.0,13.9,28.8,9.3,NONE,True
SESS_2026091445,TRD_10595,NOVICE_UNDER_6M,72602,BANKNIFTY,63,0,1.11,0,False,-5519.12,3982.67,-9501.79,0.4191,14.8,28.9,21.5,NONE,True
SESS_2026091446,TRD_10596,INTERMEDIATE_1_2Y,311641,BANKNIFTY,21,0,0.99,0,True,25137.82,1072.1,24065.72,0.0,14.6,23.5,19.0,0DTE_HERO_OR_ZERO_THETA_DECAY_WARNING,False
SESS_2026091447,TRD_10597,NOVICE_UNDER_6M,27883,SENSEX,48,3,3.03,1,True,-4436.88,2700.79,-7137.67,0.3784,34.9,5.4,48.9,SL_DRAG_FRICTION_WARNING,False
SESS_2026091448,TRD_10598,INTERMEDIATE_1_2Y,119620,NIFTY,41,0,1.03,0,False,6726.6,2640.85,4085.75,0.0,13.3,17.2,11.3,NONE,True
SESS_2026091449,TRD_10599,NOVICE_UNDER_6M,31596,NIFTY,43,0,1.05,0,False,-2128.89,2837.04,-4965.93,0.5713,13.3,31.8,9.4,NONE,True
SESS_2026091450,TRD_10600,NOVICE_UNDER_6M,48613,SENSEX,20,0,1.0,0,False,1052.56,1148.1,-95.54,0.5217,12.5,18.3,12.8,NONE,True
SESS_2026091451,TRD_10601,NOVICE_UNDER_6M,63390,BANKNIFTY,61,2,2.3,2,False,-6046.28,3503.73,-9550.01,0.3669,73.4,4.1,47.3,PNL_PROTECT_DAILY_LIMIT_ENFORCEMENT,False
SESS_2026091452,TRD_10602,INTERMEDIATE_1_2Y,257879,NIFTY,11,5,2.63,3,False,-56411.73,733.6,-57145.33,0.0128,43.1,2.3,49.3,SL_DRAG_FRICTION_WARNING,True
SESS_2026091453,TRD_10603,ALGO_SEMI_AUTOMATED,2604911,NIFTY,65,0,1.08,0,False,-340888.13,4129.67,-345017.8,0.012,8.7,21.6,19.7,NONE,True
SESS_2026091454,TRD_10604,NOVICE_UNDER_6M,43777,NIFTY,33,4,2.58,4,True,-13522.18,1909.46,-15431.64,0.1237,39.8,2.7,65.6,SL_DRAG_FRICTION_WARNING,True
SESS_2026091455,TRD_10605,NOVICE_UNDER_6M,53065,NIFTY,44,4,3.64,4,True,-12578.11,3153.56,-15731.67,0.2005,72.7,4.7,76.5,MANDATORY_COOLOFF_15MIN_LOCKOUT,False
SESS_2026091456,TRD_10606,INTERMEDIATE_1_2Y,187584,MIDCPNIFTY,36,0,1.09,0,False,5583.15,2221.25,3361.9,0.0,16.9,28.4,14.8,NONE,True
SESS_2026091457,TRD_10607,NOVICE_UNDER_6M,49592,BANKNIFTY,50,0,1.22,0,False,-4973.54,3037.95,-8011.49,0.3792,8.2,20.4,22.7,NONE,True
SESS_2026091458,TRD_10608,INTERMEDIATE_1_2Y,118725,SENSEX,21,8,3.95,2,True,-27234.49,1212.46,-28446.95,0.0426,66.7,6.2,64.0,SL_DRAG_FRICTION_WARNING,True
SESS_2026091459,TRD_10609,NOVICE_UNDER_6M,46541,NIFTY,45,0,1.05,0,False,2056.78,3229.59,-1172.81,0.6109,10.8,28.4,22.6,NONE,True
SESS_2026091460,TRD_10610,NOVICE_UNDER_6M,55826,BANKNIFTY,61,0,1.22,0,False,-370.85,4183.01,-4553.86,0.9186,8.9,20.5,17.2,NONE,True
SESS_2026091461,TRD_10611,EXPERIENCED_3Y_PLUS,774080,NIFTY,15,0,1.04,0,False,-30436.61,727.97,-31164.58,0.0234,7.5,16.1,16.1,NONE,True
SESS_2026091462,TRD_10612,NOVICE_UNDER_6M,54805,FINNIFTY,11,8,3.52,4,True,-14160.65,565.65,-14726.3,0.0384,65.7,2.9,73.2,SL_DRAG_FRICTION_WARNING,True
SESS_2026091463,TRD_10613,EXPERIENCED_3Y_PLUS,547483,MIDCPNIFTY,14,9,2.05,4,True,-118955.98,711.87,-119667.85,0.0059,37.0,5.9,62.1,SL_DRAG_FRICTION_WARNING,True
SESS_2026091464,TRD_10614,INTERMEDIATE_1_2Y,100728,NIFTY,40,7,2.89,2,True,-25634.83,2031.69,-27666.52,0.0734,64.6,2.8,64.0,SL_DRAG_FRICTION_WARNING,True
SESS_2026091465,TRD_10615,INTERMEDIATE_1_2Y,235378,BANKNIFTY,26,1,1.0,0,False,1095.88,1676.23,-580.35,0.6047,14.2,12.4,8.8,NONE,True
SESS_2026091466,TRD_10616,NOVICE_UNDER_6M,33526,BANKNIFTY,61,0,0.98,0,True,-2918.35,4293.23,-7211.58,0.5953,10.4,24.6,26.5,0DTE_HERO_OR_ZERO_THETA_DECAY_WARNING,True
SESS_2026091467,TRD_10617,INTERMEDIATE_1_2Y,304095,NIFTY,21,1,1.18,0,False,10562.9,1456.71,9106.19,0.0,11.5,18.1,18.0,NONE,True
SESS_2026091468,TRD_10618,INTERMEDIATE_1_2Y,163897,BANKNIFTY,15,10,4.13,4,True,-44705.38,987.11,-45692.49,0.0216,59.6,4.1,87.2,MANDATORY_COOLOFF_15MIN_LOCKOUT,True
SESS_2026091469,TRD_10619,ALGO_SEMI_AUTOMATED,980728,NIFTY,68,1,0.99,0,False,26561.61,3340.12,23221.49,0.0,7.3,33.0,30.5,NONE,True
SESS_2026091470,TRD_10620,NOVICE_UNDER_6M,57699,BANKNIFTY,44,1,1.21,0,True,1604.78,2807.15,-1202.37,0.6363,17.1,20.5,27.7,0DTE_HERO_OR_ZERO_THETA_DECAY_WARNING,True
SESS_2026091471,TRD_10621,NOVICE_UNDER_6M,62630,BANKNIFTY,23,5,3.0,3,False,-17759.15,1638.15,-19397.3,0.0845,31.0,2.1,54.5,SL_DRAG_FRICTION_WARNING,True
SESS_2026091472,TRD_10622,INTERMEDIATE_1_2Y,100909,NIFTY,47,0,1.05,0,False,-2284.89,2646.13,-4931.02,0.5366,6.4,14.8,18.0,NONE,True
SESS_2026091473,TRD_10623,INTERMEDIATE_1_2Y,144970,BANKNIFTY,46,7,3.44,3,True,-38362.39,2887.37,-41249.76,0.07,37.3,2.6,69.0,SL_DRAG_FRICTION_WARNING,False
SESS_2026091474,TRD_10624,NOVICE_UNDER_6M,62841,FINNIFTY,43,0,0.98,0,False,2458.71,2260.19,198.52,0.0,15.3,22.2,12.9,NONE,True
SESS_2026091475,TRD_10625,EXPERIENCED_3Y_PLUS,223567,BANKNIFTY,13,0,1.14,0,False,-74.32,927.26,-1001.58,0.9258,8.7,21.8,10.6,NONE,True
SESS_2026091476,TRD_10626,INTERMEDIATE_1_2Y,158684,BANKNIFTY,14,10,2.25,1,True,-37181.57,725.22,-37906.79,0.0191,64.4,2.6,56.3,SL_DRAG_FRICTION_WARNING,True
SESS_2026091477,TRD_10627,EXPERIENCED_3Y_PLUS,686864,BANKNIFTY,9,7,4.48,5,True,-142980.33,471.5,-143451.83,0.0033,73.1,5.4,73.4,SL_DRAG_FRICTION_WARNING,True
SESS_2026091478,TRD_10628,INTERMEDIATE_1_2Y,251374,SENSEX,33,1,1.2,0,False,-4669.6,1742.64,-6412.24,0.2718,12.4,17.9,16.6,NONE,True
SESS_2026091479,TRD_10629,NOVICE_UNDER_6M,34755,SENSEX,67,0,0.98,0,False,-2868.12,4192.74,-7060.86,0.5938,14.5,12.4,22.8,NONE,True
SESS_2026091480,TRD_10630,NOVICE_UNDER_6M,39509,NIFTY,22,0,1.12,0,False,-2467.66,1562.01,-4029.67,0.3876,14.2,31.8,10.5,NONE,True
SESS_2026091481,TRD_10631,NOVICE_UNDER_6M,60614,MIDCPNIFTY,40,0,1.03,0,True,1508.21,2613.18,-1104.97,0.6341,10.7,31.2,24.1,0DTE_HERO_OR_ZERO_THETA_DECAY_WARNING,False
SESS_2026091482,TRD_10632,EXPERIENCED_3Y_PLUS,509058,BANKNIFTY,24,3,3.13,3,True,-101824.9,1283.97,-103108.87,0.0125,66.4,2.0,52.6,SL_DRAG_FRICTION_WARNING,True
SESS_2026091483,TRD_10633,INTERMEDIATE_1_2Y,176092,BANKNIFTY,17,0,0.99,0,False,10697.99,1086.9,9611.09,0.0,10.8,13.3,10.1,NONE,True
SESS_2026091484,TRD_10634,EXPERIENCED_3Y_PLUS,499003,BANKNIFTY,23,0,1.03,0,False,-12705.58,1242.79,-13948.37,0.0891,9.3,23.0,14.9,NONE,True
SESS_2026091485,TRD_10635,NOVICE_UNDER_6M,51982,NIFTY,17,10,2.9,1,False,-15174.64,1048.39,-16223.03,0.0646,58.7,3.6,55.5,SL_DRAG_FRICTION_WARNING,True
SESS_2026091486,TRD_10636,INTERMEDIATE_1_2Y,179002,BANKNIFTY,24,0,1.04,0,False,11831.61,1619.25,10212.36,0.0,15.7,13.4,15.4,NONE,True
SESS_2026091487,TRD_10637,NOVICE_UNDER_6M,72959,NIFTY,42,8,3.3,1,True,-22890.84,2261.6,-25152.44,0.0899,32.5,2.4,63.8,SL_DRAG_FRICTION_WARNING,True
SESS_2026091488,TRD_10638,EXPERIENCED_3Y_PLUS,1150311,NIFTY,18,1,1.03,0,False,-75774.31,1075.92,-76850.23,0.014,12.3,17.0,12.8,NONE,True
SESS_2026091489,TRD_10639,INTERMEDIATE_1_2Y,184271,MIDCPNIFTY,38,7,3.63,1,False,-42049.33,2257.34,-44306.67,0.0509,59.8,6.8,57.6,SL_DRAG_FRICTION_WARNING,True
SESS_2026091490,TRD_10640,NOVICE_UNDER_6M,42991,NIFTY,52,0,0.99,0,False,-1500.74,2534.53,-4035.27,0.6281,13.6,20.8,14.3,NONE,True
SESS_2026091491,TRD_10641,INTERMEDIATE_1_2Y,179404,SENSEX,23,4,2.64,3,True,-29493.2,1254.3,-30747.5,0.0408,26.2,3.7,53.8,SL_DRAG_FRICTION_WARNING,True
SESS_2026091492,TRD_10642,INTERMEDIATE_1_2Y,192411,MIDCPNIFTY,39,2,2.27,1,False,-43510.01,2585.71,-46095.72,0.0561,48.2,3.5,32.7,PNL_PROTECT_DAILY_LIMIT_ENFORCEMENT,True
SESS_2026091493,TRD_10643,NOVICE_UNDER_6M,46019,BANKNIFTY,28,1,1.15,0,False,-5151.14,1920.51,-7071.65,0.2716,10.2,27.9,17.6,NONE,True
SESS_2026091494,TRD_10644,INTERMEDIATE_1_2Y,76335,SENSEX,25,7,3.25,1,False,-16144.51,1777.73,-17922.24,0.0992,73.8,4.8,49.9,SL_DRAG_FRICTION_WARNING,True
SESS_2026091495,TRD_10645,NOVICE_UNDER_6M,52891,SENSEX,21,0,1.01,0,True,-6956.44,1193.48,-8149.92,0.1464,10.5,22.7,17.9,0DTE_HERO_OR_ZERO_THETA_DECAY_WARNING,True
SESS_2026091496,TRD_10646,INTERMEDIATE_1_2Y,169728,NIFTY,26,1,1.01,0,False,17925.85,1635.36,16290.49,0.0,16.2,26.1,11.8,NONE,True
SESS_2026091497,TRD_10647,NOVICE_UNDER_6M,42429,SENSEX,31,1,1.1,0,False,3778.16,2188.92,1589.24,0.0,17.7,29.3,16.3,NONE,True
SESS_2026091498,TRD_10648,NOVICE_UNDER_6M,40934,NIFTY,25,0,1.14,0,False,746.13,1346.75,-600.62,0.6435,7.5,25.1,9.1,NONE,True
SESS_2026091499,TRD_10649,NOVICE_UNDER_6M,69228,SENSEX,26,0,1.0,0,False,214.22,1669.84,-1455.62,0.8863,16.5,18.1,9.4,NONE,True
SESS_2026091500,TRD_10650,INTERMEDIATE_1_2Y,196245,SENSEX,29,3,3.01,2,True,-15341.18,1857.63,-17198.81,0.108,48.9,6.7,44.9,SL_DRAG_FRICTION_WARNING,True
SESS_2026091501,TRD_10651,NOVICE_UNDER_6M,62739,BANKNIFTY,27,3,1.99,4,True,-21775.25,1606.22,-23381.47,0.0687,31.5,5.5,51.9,SL_DRAG_FRICTION_WARNING,True
SESS_2026091502,TRD_10652,INTERMEDIATE_1_2Y,134479,SENSEX,45,0,1.01,0,False,8769.4,2302.46,6466.94,0.0,11.0,19.7,18.5,NONE,True
SESS_2026091503,TRD_10653,EXPERIENCED_3Y_PLUS,262949,NIFTY,12,0,1.03,0,True,-26715.32,583.89,-27299.21,0.0214,14.7,17.1,14.3,0DTE_HERO_OR_ZERO_THETA_DECAY_WARNING,False
SESS_2026091504,TRD_10654,INTERMEDIATE_1_2Y,256996,NIFTY,15,0,1.12,0,False,936.44,934.17,2.27,0.0,16.3,31.9,13.3,NONE,True
SESS_2026091505,TRD_10655,INTERMEDIATE_1_2Y,189788,NIFTY,41,1,1.24,0,True,-18158.59,2662.52,-20821.11,0.1279,12.9,17.0,30.7,0DTE_HERO_OR_ZERO_THETA_DECAY_WARNING,True
SESS_2026091506,TRD_10656,NOVICE_UNDER_6M,36844,NIFTY,44,4,2.37,4,True,-5025.12,2313.16,-7338.28,0.3152,27.4,3.0,55.8,SL_DRAG_FRICTION_WARNING,True
SESS_2026091507,TRD_10657,INTERMEDIATE_1_2Y,76517,NIFTY,20,4,2.89,2,True,-14492.77,1159.53,-15652.3,0.0741,40.1,5.3,54.7,SL_DRAG_FRICTION_WARNING,True
SESS_2026091508,TRD_10658,INTERMEDIATE_1_2Y,200203,BANKNIFTY,33,0,0.94,0,False,8375.09,2294.57,6080.52,0.0,17.9,27.0,12.3,NONE,True
SESS_2026091509,TRD_10659,NOVICE_UNDER_6M,57237,SENSEX,63,8,2.43,3,True,-16845.01,4526.24,-21371.25,0.2118,69.5,2.3,70.8,SL_DRAG_FRICTION_WARNING,True
SESS_2026091510,TRD_10660,NOVICE_UNDER_6M,61754,BANKNIFTY,16,8,4.02,4,True,-17871.98,918.08,-18790.06,0.0489,65.8,5.0,79.6,MANDATORY_COOLOFF_15MIN_LOCKOUT,False
SESS_2026091511,TRD_10661,INTERMEDIATE_1_2Y,219687,NIFTY,37,4,4.81,3,True,-56648.89,2656.46,-59305.35,0.0448,31.8,2.7,78.2,MANDATORY_COOLOFF_15MIN_LOCKOUT,True
SESS_2026091512,TRD_10662,NOVICE_UNDER_6M,63981,NIFTY,25,4,3.25,1,True,-15682.51,1759.69,-17442.2,0.1009,58.5,4.1,55.9,SL_DRAG_FRICTION_WARNING,True
SESS_2026091513,TRD_10663,EXPERIENCED_3Y_PLUS,676534,BANKNIFTY,18,0,1.0,0,False,-37173.27,897.8,-38071.07,0.0236,8.1,26.8,12.0,NONE,True
SESS_2026091514,TRD_10664,INTERMEDIATE_1_2Y,268405,BANKNIFTY,46,0,1.15,0,False,28555.28,3082.81,25472.47,0.0,6.3,18.2,23.7,NONE,True
SESS_2026091515,TRD_10665,NOVICE_UNDER_6M,46276,BANKNIFTY,62,0,0.96,0,False,-3453.75,3053.55,-6507.3,0.4692,17.5,27.2,23.0,NONE,True
SESS_2026091516,TRD_10666,INTERMEDIATE_1_2Y,142052,NIFTY,26,1,1.2,0,False,8304.58,1311.39,6993.19,0.0,16.6,22.6,21.8,NONE,True
SESS_2026091517,TRD_10667,NOVICE_UNDER_6M,54525,NIFTY,28,3,3.89,3,False,-14616.6,1707.97,-16324.57,0.1046,71.3,2.3,54.2,SL_DRAG_FRICTION_WARNING,True
SESS_2026091518,TRD_10668,NOVICE_UNDER_6M,67078,MIDCPNIFTY,22,0,1.02,0,False,1158.78,1479.81,-321.03,0.5608,6.8,15.6,8.0,NONE,True
SESS_2026091519,TRD_10669,NOVICE_UNDER_6M,44039,BANKNIFTY,47,4,3.32,3,False,-10843.31,3123.91,-13967.22,0.2237,49.3,5.1,57.3,SL_DRAG_FRICTION_WARNING,True
SESS_2026091520,TRD_10670,NOVICE_UNDER_6M,36717,MIDCPNIFTY,21,3,3.36,5,True,-8242.38,1414.9,-9657.28,0.1465,59.8,6.9,61.2,SL_DRAG_FRICTION_WARNING,False
SESS_2026091521,TRD_10671,NOVICE_UNDER_6M,72900,BANKNIFTY,17,1,1.01,0,True,-5066.63,858.26,-5924.89,0.1449,13.6,17.2,17.7,0DTE_HERO_OR_ZERO_THETA_DECAY_WARNING,False
SESS_2026091522,TRD_10672,INTERMEDIATE_1_2Y,187489,BANKNIFTY,34,5,4.19,3,True,-44471.81,1948.45,-46420.26,0.042,33.6,2.7,70.3,SL_DRAG_FRICTION_WARNING,True
SESS_2026091523,TRD_10673,NOVICE_UNDER_6M,35662,NIFTY,30,4,3.1,2,True,-7315.73,2052.0,-9367.73,0.219,65.5,5.0,56.7,SL_DRAG_FRICTION_WARNING,True
SESS_2026091524,TRD_10674,NOVICE_UNDER_6M,37115,NIFTY,46,0,0.99,0,False,2790.15,2544.43,245.72,0.0,9.6,32.2,20.6,NONE,True
SESS_2026091525,TRD_10675,NOVICE_UNDER_6M,50989,BANKNIFTY,59,5,3.94,1,True,-10019.62,2933.06,-12952.68,0.2264,59.2,5.8,61.4,SL_DRAG_FRICTION_WARNING,True
SESS_2026091526,TRD_10676,NOVICE_UNDER_6M,41675,NIFTY,49,4,3.69,1,True,-5885.08,3223.51,-9108.59,0.3539,57.9,2.8,55.7,SL_DRAG_FRICTION_WARNING,True
SESS_2026091527,TRD_10677,INTERMEDIATE_1_2Y,163888,MIDCPNIFTY,22,9,3.42,1,True,-55033.4,1375.22,-56408.62,0.0244,45.0,4.7,63.4,SL_DRAG_FRICTION_WARNING,True
SESS_2026091528,TRD_10678,INTERMEDIATE_1_2Y,141321,NIFTY,36,6,2.52,2,False,-54805.44,2238.98,-57044.42,0.0392,71.4,4.1,49.6,SL_DRAG_FRICTION_WARNING,True
SESS_2026091529,TRD_10679,NOVICE_UNDER_6M,38678,FINNIFTY,26,0,1.09,0,False,2134.32,1360.25,774.07,0.0,13.5,18.8,18.9,NONE,True
SESS_2026091530,TRD_10680,NOVICE_UNDER_6M,45446,NIFTY,18,0,1.09,0,False,-3738.3,1146.83,-4885.13,0.2348,7.2,16.7,12.2,NONE,True
SESS_2026091531,TRD_10681,INTERMEDIATE_1_2Y,125969,BANKNIFTY,29,0,0.95,0,False,15420.48,1512.34,13908.14,0.0,8.1,15.5,12.9,NONE,True
SESS_2026091532,TRD_10682,INTERMEDIATE_1_2Y,90020,NIFTY,37,0,1.11,0,False,446.72,2656.39,-2209.67,0.856,16.4,24.5,16.9,NONE,True
SESS_2026091533,TRD_10683,NOVICE_UNDER_6M,57717,MIDCPNIFTY,20,6,2.31,2,True,-25430.24,1341.41,-26771.65,0.0501,31.7,6.2,51.6,SL_DRAG_FRICTION_WARNING,True
SESS_2026091534,TRD_10684,NOVICE_UNDER_6M,67709,BANKNIFTY,58,6,3.27,4,True,-14011.49,3176.22,-17187.71,0.1848,63.8,6.8,81.4,MANDATORY_COOLOFF_15MIN_LOCKOUT,False
SESS_2026091535,TRD_10685,INTERMEDIATE_1_2Y,99937,BANKNIFTY,25,4,2.7,3,True,-36664.52,1309.81,-37974.33,0.0345,46.8,2.7,50.9,SL_DRAG_FRICTION_WARNING,True
SESS_2026091536,TRD_10686,NOVICE_UNDER_6M,29795,NIFTY,27,0,1.14,0,True,3158.35,1664.29,1494.06,0.0,14.8,33.6,24.3,0DTE_HERO_OR_ZERO_THETA_DECAY_WARNING,True
SESS_2026091537,TRD_10687,INTERMEDIATE_1_2Y,252667,SENSEX,26,1,1.08,0,False,830.03,1654.65,-824.62,0.6659,13.4,25.2,11.2,NONE,True
SESS_2026091538,TRD_10688,EXPERIENCED_3Y_PLUS,704885,NIFTY,10,0,0.95,0,False,25759.54,520.34,25239.2,0.0,11.1,12.5,9.5,NONE,True
SESS_2026091539,TRD_10689,NOVICE_UNDER_6M,68429,FINNIFTY,46,4,3.13,4,True,-22000.43,2477.68,-24478.11,0.1012,56.6,3.6,68.4,SL_DRAG_FRICTION_WARNING,True
SESS_2026091540,TRD_10690,INTERMEDIATE_1_2Y,120241,SENSEX,35,0,1.21,0,False,1259.3,2193.63,-934.33,0.6353,13.4,27.2,20.5,NONE,True
SESS_2026091541,TRD_10691,NOVICE_UNDER_6M,54796,BANKNIFTY,22,5,2.85,2,False,-7850.39,1377.77,-9228.16,0.1493,74.6,3.0,49.2,SL_DRAG_FRICTION_WARNING,True
SESS_2026091542,TRD_10692,INTERMEDIATE_1_2Y,229512,BANKNIFTY,50,5,4.24,1,True,-52014.15,3373.59,-55387.74,0.0609,30.7,5.2,66.3,SL_DRAG_FRICTION_WARNING,True
SESS_2026091543,TRD_10693,NOVICE_UNDER_6M,32535,NIFTY,32,8,1.86,1,True,-4308.73,2086.58,-6395.31,0.3263,50.3,2.8,47.9,SL_DRAG_FRICTION_WARNING,True
SESS_2026091544,TRD_10694,INTERMEDIATE_1_2Y,199796,NIFTY,42,0,1.02,0,False,-19557.75,2496.69,-22054.44,0.1132,14.8,28.8,16.1,NONE,True
SESS_2026091545,TRD_10695,INTERMEDIATE_1_2Y,286181,FINNIFTY,10,1,1.05,0,True,12842.35,678.13,12164.22,0.0,6.5,29.4,11.6,0DTE_HERO_OR_ZERO_THETA_DECAY_WARNING,True
SESS_2026091546,TRD_10696,NOVICE_UNDER_6M,52306,SENSEX,60,8,3.96,2,True,-5459.36,3048.16,-8507.52,0.3583,31.4,5.0,82.4,MANDATORY_COOLOFF_15MIN_LOCKOUT,True
SESS_2026091547,TRD_10697,NOVICE_UNDER_6M,50779,BANKNIFTY,38,4,3.67,2,True,-9593.22,2491.48,-12084.7,0.2062,61.7,2.1,57.5,SL_DRAG_FRICTION_WARNING,True
SESS_2026091548,TRD_10698,ALGO_SEMI_AUTOMATED,1325460,NIFTY,87,1,1.13,0,False,-96699.27,5111.88,-101811.15,0.0502,10.2,31.1,23.9,NONE,True
SESS_2026091549,TRD_10699,NOVICE_UNDER_6M,49793,BANKNIFTY,62,4,2.91,2,True,-6862.25,3838.05,-10700.3,0.3587,63.2,5.7,64.3,SL_DRAG_FRICTION_WARNING,True
SESS_2026091550,TRD_10700,NOVICE_UNDER_6M,45862,BANKNIFTY,40,6,3.18,5,True,-11880.19,1940.73,-13820.92,0.1404,63.2,4.9,78.4,MANDATORY_COOLOFF_15MIN_LOCKOUT,True
SESS_2026091551,TRD_10701,EXPERIENCED_3Y_PLUS,861096,BANKNIFTY,15,0,1.03,0,True,56556.48,1024.91,55531.57,0.0,12.1,30.5,16.1,0DTE_HERO_OR_ZERO_THETA_DECAY_WARNING,True
SESS_2026091552,TRD_10702,NOVICE_UNDER_6M,46388,BANKNIFTY,27,10,3.04,2,True,-12191.8,1799.11,-13990.91,0.1286,65.4,2.5,65.3,SL_DRAG_FRICTION_WARNING,True
SESS_2026091553,TRD_10703,INTERMEDIATE_1_2Y,230296,NIFTY,17,1,1.18,0,False,34600.75,882.92,33717.83,0.0,8.1,31.2,14.4,NONE,True
SESS_2026091554,TRD_10704,INTERMEDIATE_1_2Y,104132,BANKNIFTY,26,0,1.07,0,False,-4401.05,1768.14,-6169.19,0.2866,6.2,24.5,13.0,NONE,True
SESS_2026091555,TRD_10705,INTERMEDIATE_1_2Y,118192,NIFTY,29,0,1.18,0,False,8207.54,1775.54,6432.0,0.0,10.0,19.0,16.8,NONE,True
SESS_2026091556,TRD_10706,INTERMEDIATE_1_2Y,187830,NIFTY,36,8,4.83,3,True,-22764.55,2114.28,-24878.83,0.085,68.3,2.1,82.4,MANDATORY_COOLOFF_15MIN_LOCKOUT,True
SESS_2026091557,TRD_10707,NOVICE_UNDER_6M,28299,SENSEX,29,7,2.48,4,False,-3614.47,2053.42,-5667.89,0.3623,42.8,3.0,62.5,SL_DRAG_FRICTION_WARNING,True
SESS_2026091558,TRD_10708,INTERMEDIATE_1_2Y,95154,NIFTY,21,1,1.25,0,False,-1020.9,1034.1,-2055.0,0.5032,16.8,18.8,17.0,NONE,True
SESS_2026091559,TRD_10709,NOVICE_UNDER_6M,66426,NIFTY,41,4,4.16,4,True,-17597.1,2644.93,-20242.03,0.1307,56.6,3.0,66.6,SL_DRAG_FRICTION_WARNING,True
SESS_2026091560,TRD_10710,NOVICE_UNDER_6M,40176,NIFTY,27,0,0.97,0,False,1260.1,1914.64,-654.54,0.6031,6.5,23.1,6.0,NONE,True
SESS_2026091561,TRD_10711,NOVICE_UNDER_6M,60476,BANKNIFTY,30,3,2.6,3,True,-15099.47,1783.93,-16883.4,0.1057,70.5,5.1,50.3,SL_DRAG_FRICTION_WARNING,True
SESS_2026091562,TRD_10712,INTERMEDIATE_1_2Y,150895,BANKNIFTY,18,0,0.97,0,True,4145.82,991.39,3154.43,0.0,8.8,33.4,17.0,0DTE_HERO_OR_ZERO_THETA_DECAY_WARNING,True
SESS_2026091563,TRD_10713,INTERMEDIATE_1_2Y,267252,NIFTY,22,8,3.09,2,True,-43111.58,1338.15,-44449.73,0.0301,33.5,6.2,59.5,SL_DRAG_FRICTION_WARNING,True
SESS_2026091564,TRD_10714,ALGO_SEMI_AUTOMATED,1483736,SENSEX,41,0,1.12,0,False,146214.68,2023.45,144191.23,0.0,8.0,31.1,17.9,NONE,True
SESS_2026091565,TRD_10715,EXPERIENCED_3Y_PLUS,833618,SENSEX,28,0,1.21,0,False,-59707.59,1995.78,-61703.37,0.0323,8.8,29.9,12.0,NONE,True
SESS_2026091566,TRD_10716,EXPERIENCED_3Y_PLUS,689475,BANKNIFTY,14,0,1.09,0,False,-22043.74,732.8,-22776.54,0.0322,14.5,19.4,10.1,NONE,True
SESS_2026091567,TRD_10717,NOVICE_UNDER_6M,61767,BANKNIFTY,21,0,1.03,0,False,-5556.44,1041.55,-6597.99,0.1579,9.9,20.5,10.6,NONE,True
SESS_2026091568,TRD_10718,INTERMEDIATE_1_2Y,135951,BANKNIFTY,12,0,1.02,0,False,-5781.48,642.33,-6423.81,0.1,9.1,22.4,8.5,NONE,True
SESS_2026091569,TRD_10719,INTERMEDIATE_1_2Y,224676,NIFTY,22,0,0.97,0,False,-8200.9,1481.45,-9682.35,0.153,11.5,20.2,14.1,NONE,True
SESS_2026091570,TRD_10720,NOVICE_UNDER_6M,49987,FINNIFTY,24,9,2.75,2,True,-17137.68,1277.44,-18415.12,0.0694,51.7,3.1,68.1,SL_DRAG_FRICTION_WARNING,True
SESS_2026091571,TRD_10721,INTERMEDIATE_1_2Y,120948,BANKNIFTY,32,0,1.04,0,True,-7660.09,2237.65,-9897.74,0.2261,11.7,24.3,23.4,0DTE_HERO_OR_ZERO_THETA_DECAY_WARNING,True
SESS_2026091572,TRD_10722,NOVICE_UNDER_6M,59221,NIFTY,34,2,4.0,2,True,-14664.6,1881.48,-16546.08,0.1137,28.1,2.9,54.1,MARTINGALE_LOT_SIZE_OVERRIDE_ALERT,False
SESS_2026091573,TRD_10723,EXPERIENCED_3Y_PLUS,906384,BANKNIFTY,15,0,0.96,0,False,-5028.06,825.31,-5853.37,0.141,7.3,21.8,15.0,NONE,True
SESS_2026091574,TRD_10724,INTERMEDIATE_1_2Y,255055,BANKNIFTY,27,1,1.12,0,False,28841.02,1935.54,26905.48,0.0,13.1,21.1,18.1,NONE,True
SESS_2026091575,TRD_10725,INTERMEDIATE_1_2Y,103549,NIFTY,31,5,3.91,2,False,-22554.89,1509.57,-24064.46,0.0627,27.6,4.9,64.0,SL_DRAG_FRICTION_WARNING,True
SESS_2026091576,TRD_10726,INTERMEDIATE_1_2Y,81823,BANKNIFTY,31,4,2.08,4,False,-29162.85,1551.23,-30714.08,0.0505,59.2,3.7,48.0,SL_DRAG_FRICTION_WARNING,True
SESS_2026091577,TRD_10727,NOVICE_UNDER_6M,40766,BANKNIFTY,41,7,3.33,2,True,-8633.72,2418.5,-11052.22,0.2188,72.0,6.2,63.2,SL_DRAG_FRICTION_WARNING,True
SESS_2026091578,TRD_10728,EXPERIENCED_3Y_PLUS,458014,NIFTY,26,1,1.02,0,False,54960.0,1710.94,53249.06,0.0,10.2,24.0,16.8,NONE,True
SESS_2026091579,TRD_10729,EXPERIENCED_3Y_PLUS,436535,NIFTY,14,0,1.15,0,False,44431.72,823.82,43607.9,0.0,12.5,26.7,10.6,NONE,True
SESS_2026091580,TRD_10730,NOVICE_UNDER_6M,31087,NIFTY,12,6,2.96,5,False,-5226.47,635.36,-5861.83,0.1084,65.5,5.9,51.6,SL_DRAG_FRICTION_WARNING,True
SESS_2026091581,TRD_10731,NOVICE_UNDER_6M,44224,BANKNIFTY,36,7,3.56,2,True,-15370.25,1798.78,-17169.03,0.1048,62.6,6.2,66.6,SL_DRAG_FRICTION_WARNING,True
SESS_2026091582,TRD_10732,NOVICE_UNDER_6M,74591,BANKNIFTY,34,4,4.31,3,False,-15126.36,2339.04,-17465.4,0.1339,26.1,6.0,66.2,SL_DRAG_FRICTION_WARNING,False
SESS_2026091583,TRD_10733,EXPERIENCED_3Y_PLUS,1034610,NIFTY,14,0,1.01,0,False,-57523.89,948.57,-58472.46,0.0162,11.1,21.7,6.8,NONE,True
SESS_2026091584,TRD_10734,INTERMEDIATE_1_2Y,142113,BANKNIFTY,32,0,1.13,0,False,4573.45,1685.88,2887.57,0.0,15.0,29.7,15.6,NONE,True
SESS_2026091585,TRD_10735,INTERMEDIATE_1_2Y,217201,NIFTY,16,6,2.02,5,True,-61215.54,1016.19,-62231.73,0.0163,67.6,6.9,57.5,SL_DRAG_FRICTION_WARNING,True
SESS_2026091586,TRD_10736,NOVICE_UNDER_6M,33486,NIFTY,45,3,3.36,4,False,-12969.49,2513.96,-15483.45,0.1624,67.8,5.6,64.4,SL_DRAG_FRICTION_WARNING,True
SESS_2026091587,TRD_10737,NOVICE_UNDER_6M,37603,NIFTY,17,7,3.89,2,True,-13718.32,1097.6,-14815.92,0.0741,45.1,6.6,61.9,SL_DRAG_FRICTION_WARNING,True
SESS_2026091588,TRD_10738,INTERMEDIATE_1_2Y,183781,SENSEX,30,4,3.52,3,True,-16524.4,2045.92,-18570.32,0.1102,52.2,6.9,59.1,SL_DRAG_FRICTION_WARNING,False
SESS_2026091589,TRD_10739,EXPERIENCED_3Y_PLUS,654702,BANKNIFTY,11,1,1.15,0,False,-18358.02,759.59,-19117.61,0.0397,11.8,16.3,14.7,NONE,True
SESS_2026091590,TRD_10740,NOVICE_UNDER_6M,32324,NIFTY,27,7,2.24,1,True,-7918.35,1850.21,-9768.56,0.1894,37.0,4.4,46.4,SL_DRAG_FRICTION_WARNING,True
SESS_2026091591,TRD_10741,NOVICE_UNDER_6M,43818,NIFTY,10,0,0.98,0,True,3071.65,643.91,2427.74,0.0,15.7,17.9,13.3,0DTE_HERO_OR_ZERO_THETA_DECAY_WARNING,True
SESS_2026091592,TRD_10742,INTERMEDIATE_1_2Y,264196,BANKNIFTY,32,0,1.09,0,False,28243.73,1850.57,26393.16,0.0,12.4,30.8,14.7,NONE,True
SESS_2026091593,TRD_10743,NOVICE_UNDER_6M,71225,NIFTY,15,0,0.97,0,False,-1118.49,872.0,-1990.49,0.4381,6.1,15.3,20.0,NONE,True
SESS_2026091594,TRD_10744,EXPERIENCED_3Y_PLUS,1206256,SENSEX,15,6,3.63,2,True,-202994.12,1053.56,-204047.68,0.0052,54.0,5.0,55.1,SL_DRAG_FRICTION_WARNING,True
SESS_2026091595,TRD_10745,NOVICE_UNDER_6M,47444,FINNIFTY,26,0,1.07,0,False,5516.87,1565.71,3951.16,0.0,12.4,31.7,11.9,NONE,True
SESS_2026091596,TRD_10746,ALGO_SEMI_AUTOMATED,1972222,NIFTY,105,0,0.97,0,False,10476.31,7289.75,3186.56,0.0,16.0,29.6,24.5,NONE,True
SESS_2026091597,TRD_10747,NOVICE_UNDER_6M,46123,BANKNIFTY,56,10,3.94,5,False,-7129.97,3791.1,-10921.07,0.3471,64.4,5.8,89.6,MANDATORY_COOLOFF_15MIN_LOCKOUT,False
SESS_2026091598,TRD_10748,EXPERIENCED_3Y_PLUS,948063,SENSEX,6,0,1.08,0,False,-53182.64,355.66,-53538.3,0.0066,16.8,23.7,7.2,NONE,True
SESS_2026091599,TRD_10749,NOVICE_UNDER_6M,47986,NIFTY,45,4,3.26,1,True,-19969.26,3146.2,-23115.46,0.1361,36.6,2.0,51.4,SL_DRAG_FRICTION_WARNING,False
SESS_2026091600,TRD_10750,INTERMEDIATE_1_2Y,138076,BANKNIFTY,28,1,1.24,0,False,-6002.99,1456.13,-7459.12,0.1952,7.5,15.1,20.8,NONE,True
SESS_2026091601,TRD_10751,NOVICE_UNDER_6M,53091,SENSEX,23,0,1.08,0,False,-7022.65,1522.39,-8545.04,0.1782,10.3,22.6,14.0,NONE,True
SESS_2026091602,TRD_10752,INTERMEDIATE_1_2Y,87309,SENSEX,12,0,0.96,0,False,-4233.52,734.64,-4968.16,0.1479,9.2,35.0,14.1,NONE,True
SESS_2026091603,TRD_10753,EXPERIENCED_3Y_PLUS,890872,BANKNIFTY,12,0,0.98,0,False,41474.86,736.71,40738.15,0.0,17.4,12.6,12.1,NONE,True
SESS_2026091604,TRD_10754,NOVICE_UNDER_6M,35051,BANKNIFTY,31,9,3.15,1,True,-5906.55,1626.03,-7532.58,0.2159,74.6,6.2,68.9,SL_DRAG_FRICTION_WARNING,True
SESS_2026091605,TRD_10755,NOVICE_UNDER_6M,53813,BANKNIFTY,23,6,3.52,1,True,-14134.51,1131.74,-15266.25,0.0741,51.3,2.5,56.0,SL_DRAG_FRICTION_WARNING,True
SESS_2026091606,TRD_10756,NOVICE_UNDER_6M,49128,BANKNIFTY,33,0,1.21,0,False,2915.54,1771.26,1144.28,0.0,6.4,25.7,19.6,NONE,True
SESS_2026091607,TRD_10757,NOVICE_UNDER_6M,34258,NIFTY,38,10,3.45,1,True,-12200.27,2045.98,-14246.25,0.1436,55.2,2.2,66.4,SL_DRAG_FRICTION_WARNING,True
SESS_2026091608,TRD_10758,NOVICE_UNDER_6M,59400,NIFTY,64,5,3.51,1,False,-19517.66,3239.67,-22757.33,0.1424,26.7,4.3,53.8,SL_DRAG_FRICTION_WARNING,True
SESS_2026091609,TRD_10759,INTERMEDIATE_1_2Y,165996,BANKNIFTY,44,1,0.98,0,True,14511.56,2861.7,11649.86,0.0,15.7,17.8,24.5,0DTE_HERO_OR_ZERO_THETA_DECAY_WARNING,True
SESS_2026091610,TRD_10760,INTERMEDIATE_1_2Y,147807,NIFTY,15,0,1.07,0,False,-1432.91,830.3,-2263.21,0.3669,6.8,31.2,5.0,NONE,True
SESS_2026091611,TRD_10761,NOVICE_UNDER_6M,34732,NIFTY,25,8,4.37,1,True,-11630.77,1308.65,-12939.42,0.1011,29.6,4.0,72.4,SL_DRAG_FRICTION_WARNING,False
SESS_2026091612,TRD_10762,NOVICE_UNDER_6M,40120,SENSEX,18,0,1.08,0,False,-250.38,941.89,-1192.27,0.79,15.9,30.4,10.3,NONE,True
SESS_2026091613,TRD_10763,NOVICE_UNDER_6M,36551,NIFTY,41,3,4.33,2,True,-6869.26,1991.72,-8860.98,0.2248,48.3,6.1,61.5,SL_DRAG_FRICTION_WARNING,False
SESS_2026091614,TRD_10764,NOVICE_UNDER_6M,34174,NIFTY,62,0,1.08,0,False,-2818.33,3969.11,-6787.44,0.5848,10.6,15.0,19.1,NONE,True
SESS_2026091615,TRD_10765,INTERMEDIATE_1_2Y,180057,BANKNIFTY,41,5,4.17,5,True,-24932.62,2219.21,-27151.83,0.0817,61.6,6.0,84.3,MANDATORY_COOLOFF_15MIN_LOCKOUT,True
SESS_2026091616,TRD_10766,NOVICE_UNDER_6M,59058,NIFTY,58,5,2.78,2,True,-16570.96,3144.27,-19715.23,0.1595,25.5,4.6,58.9,SL_DRAG_FRICTION_WARNING,False
SESS_2026091617,TRD_10767,NOVICE_UNDER_6M,49516,NIFTY,18,0,1.05,0,False,-1802.75,885.75,-2688.5,0.3295,12.8,14.0,11.7,NONE,True
SESS_2026091618,TRD_10768,NOVICE_UNDER_6M,49994,FINNIFTY,45,8,4.22,5,True,-7817.62,3008.26,-10825.88,0.2779,73.1,5.1,88.6,MANDATORY_COOLOFF_15MIN_LOCKOUT,True
SESS_2026091619,TRD_10769,INTERMEDIATE_1_2Y,152911,BANKNIFTY,26,0,0.97,0,False,-2090.36,1340.37,-3430.73,0.3907,12.3,19.3,12.9,NONE,True
SESS_2026091620,TRD_10770,NOVICE_UNDER_6M,62591,BANKNIFTY,23,0,1.12,0,False,-7825.16,1602.27,-9427.43,0.17,17.3,15.4,16.0,NONE,True
SESS_2026091621,TRD_10771,INTERMEDIATE_1_2Y,117630,BANKNIFTY,13,6,2.86,2,True,-41034.16,625.51,-41659.67,0.015,45.2,3.2,53.3,SL_DRAG_FRICTION_WARNING,True
SESS_2026091622,TRD_10772,INTERMEDIATE_1_2Y,178098,NIFTY,38,0,1.0,0,False,14687.54,1908.22,12779.32,0.0,6.0,25.3,11.3,NONE,True
SESS_2026091623,TRD_10773,INTERMEDIATE_1_2Y,106547,BANKNIFTY,20,0,1.21,0,False,6146.61,1308.84,4837.77,0.0,13.0,24.2,11.1,NONE,True
SESS_2026091624,TRD_10774,EXPERIENCED_3Y_PLUS,918636,BANKNIFTY,18,0,1.01,0,False,79157.5,1100.57,78056.93,0.0,17.4,33.7,8.9,NONE,True
SESS_2026091625,TRD_10775,INTERMEDIATE_1_2Y,121748,NIFTY,12,0,1.11,0,False,9210.86,850.49,8360.37,0.0,7.4,14.2,11.1,NONE,True
SESS_2026091626,TRD_10776,INTERMEDIATE_1_2Y,91618,NIFTY,15,0,0.96,0,False,-2846.22,770.95,-3617.17,0.2131,13.7,28.0,5.0,NONE,True
SESS_2026091627,TRD_10777,NOVICE_UNDER_6M,35004,NIFTY,12,0,0.95,0,False,-600.16,704.59,-1304.75,0.54,15.2,18.4,6.8,NONE,True
SESS_2026091628,TRD_10778,INTERMEDIATE_1_2Y,142344,NIFTY,30,0,1.08,0,False,-9999.03,1478.64,-11477.67,0.1288,16.4,21.9,16.8,NONE,True
SESS_2026091629,TRD_10779,NOVICE_UNDER_6M,64207,SENSEX,45,0,1.11,0,False,-712.04,3156.24,-3868.28,0.8159,7.7,17.1,19.7,NONE,True
SESS_2026091630,TRD_10780,NOVICE_UNDER_6M,40820,BANKNIFTY,9,1,0.98,0,False,-1794.69,502.15,-2296.84,0.2186,12.0,13.6,13.3,NONE,True
SESS_2026091631,TRD_10781,NOVICE_UNDER_6M,66463,NIFTY,41,5,4.47,2,False,-21858.02,2061.19,-23919.21,0.0862,25.9,3.5,65.9,SL_DRAG_FRICTION_WARNING,True
SESS_2026091632,TRD_10782,INTERMEDIATE_1_2Y,291509,NIFTY,29,6,3.66,4,True,-79173.04,1404.46,-80577.5,0.0174,64.3,6.9,69.1,SL_DRAG_FRICTION_WARNING,True
SESS_2026091633,TRD_10783,INTERMEDIATE_1_2Y,75804,BANKNIFTY,26,3,3.18,1,True,-18546.69,1266.49,-19813.18,0.0639,53.1,4.6,39.9,SL_DRAG_FRICTION_WARNING,True
SESS_2026091634,TRD_10784,INTERMEDIATE_1_2Y,217519,BANKNIFTY,18,0,1.07,0,False,-19144.11,876.69,-20020.8,0.0438,13.5,13.6,19.0,NONE,True
SESS_2026091635,TRD_10785,NOVICE_UNDER_6M,55549,NIFTY,11,1,1.13,0,False,5800.35,727.03,5073.32,0.0,15.8,32.5,8.4,NONE,True
SESS_2026091636,TRD_10786,INTERMEDIATE_1_2Y,132128,BANKNIFTY,36,0,1.1,0,False,-7019.19,2275.79,-9294.98,0.2448,17.7,21.6,9.9,NONE,True
SESS_2026091637,TRD_10787,EXPERIENCED_3Y_PLUS,404346,SENSEX,8,0,1.05,0,False,18994.65,478.43,18516.22,0.0,13.5,16.7,15.5,NONE,True
SESS_2026091638,TRD_10788,EXPERIENCED_3Y_PLUS,440979,BANKNIFTY,11,1,0.96,0,False,-14652.7,554.81,-15207.51,0.0365,12.4,15.8,9.2,NONE,True
SESS_2026091639,TRD_10789,NOVICE_UNDER_6M,53602,SENSEX,23,2,3.13,2,False,-9188.79,1629.89,-10818.68,0.1507,71.7,6.7,36.7,MARTINGALE_LOT_SIZE_OVERRIDE_ALERT,False
SESS_2026091640,TRD_10790,INTERMEDIATE_1_2Y,126501,NIFTY,14,1,1.18,0,False,9946.95,937.48,9009.47,0.0,12.5,23.7,13.2,NONE,True
SESS_2026091641,TRD_10791,EXPERIENCED_3Y_PLUS,377207,SENSEX,9,4,2.06,2,False,-83695.69,646.58,-84342.27,0.0077,65.3,3.5,40.5,SL_DRAG_FRICTION_WARNING,False
SESS_2026091642,TRD_10792,INTERMEDIATE_1_2Y,101348,NIFTY,22,4,2.29,3,False,-11124.37,1135.63,-12260.0,0.0926,62.7,4.7,44.0,SL_DRAG_FRICTION_WARNING,False
SESS_2026091643,TRD_10793,NOVICE_UNDER_6M,51184,SENSEX,47,4,3.89,1,True,-10536.09,2355.2,-12891.29,0.1827,59.5,6.0,63.2,SL_DRAG_FRICTION_WARNING,True
SESS_2026091644,TRD_10794,EXPERIENCED_3Y_PLUS,845595,NIFTY,18,0,1.06,0,False,-42206.96,961.35,-43168.31,0.0223,6.0,27.4,9.2,NONE,True
SESS_2026091645,TRD_10795,NOVICE_UNDER_6M,47610,SENSEX,54,0,1.06,0,False,7551.77,3117.08,4434.69,0.0,15.6,24.3,15.4,NONE,True
SESS_2026091646,TRD_10796,NOVICE_UNDER_6M,63235,BANKNIFTY,12,0,1.27,0,False,-2181.13,765.08,-2946.21,0.2597,7.9,32.2,10.7,NONE,True
SESS_2026091647,TRD_10797,ALGO_SEMI_AUTOMATED,1071274,NIFTY,104,1,0.95,0,False,77303.02,5590.33,71712.69,0.0,17.4,21.7,30.3,NONE,True
SESS_2026091648,TRD_10798,INTERMEDIATE_1_2Y,104661,NIFTY,35,1,0.95,0,True,-5964.81,2179.53,-8144.34,0.2676,8.0,35.0,18.4,0DTE_HERO_OR_ZERO_THETA_DECAY_WARNING,False
SESS_2026091649,TRD_10799,NOVICE_UNDER_6M,70604,SENSEX,18,0,1.21,0,False,-5593.3,910.2,-6503.5,0.14,17.0,22.9,11.5,NONE,True
SESS_2026091650,TRD_10800,NOVICE_UNDER_6M,54479,MIDCPNIFTY,46,1,1.13,0,False,5052.27,3044.47,2007.8,0.0,6.5,29.2,23.4,NONE,True
SESS_2026091651,TRD_10801,INTERMEDIATE_1_2Y,320861,NIFTY,23,0,1.12,0,False,45579.41,1361.6,44217.81,0.0,13.0,18.6,12.2,NONE,True
SESS_2026091652,TRD_10802,NOVICE_UNDER_6M,48379,NIFTY,54,0,0.96,0,False,-3178.55,2746.72,-5925.27,0.4636,10.1,19.8,18.1,NONE,True
SESS_2026091653,TRD_10803,NOVICE_UNDER_6M,48532,NIFTY,54,7,3.26,3,True,-16914.06,3130.49,-20044.55,0.1562,27.8,3.1,74.2,SL_DRAG_FRICTION_WARNING,True
SESS_2026091654,TRD_10804,NOVICE_UNDER_6M,49345,BANKNIFTY,35,1,1.25,0,False,4474.51,2173.99,2300.52,0.0,16.7,27.6,22.7,NONE,True
SESS_2026091655,TRD_10805,INTERMEDIATE_1_2Y,162485,BANKNIFTY,16,5,2.81,2,True,-69002.48,1074.54,-70077.02,0.0153,68.2,6.5,51.0,SL_DRAG_FRICTION_WARNING,True
SESS_2026091656,TRD_10806,INTERMEDIATE_1_2Y,199959,NIFTY,35,5,4.13,2,True,-57142.74,2350.66,-59493.4,0.0395,57.6,5.3,69.9,SL_DRAG_FRICTION_WARNING,False
SESS_2026091657,TRD_10807,NOVICE_UNDER_6M,35601,BANKNIFTY,51,3,4.8,3,False,-10518.8,3263.65,-13782.45,0.2368,52.6,6.2,74.2,SL_DRAG_FRICTION_WARNING,True
SESS_2026091658,TRD_10808,INTERMEDIATE_1_2Y,232775,NIFTY,34,5,3.66,2,False,-42075.71,2348.02,-44423.73,0.0529,70.7,3.8,58.6,SL_DRAG_FRICTION_WARNING,True
SESS_2026091659,TRD_10809,EXPERIENCED_3Y_PLUS,1042122,SENSEX,26,1,0.95,0,False,-109812.95,1835.19,-111648.14,0.0164,6.1,16.5,18.1,NONE,True
SESS_2026091660,TRD_10810,INTERMEDIATE_1_2Y,236521,NIFTY,28,8,2.92,2,False,-72622.63,1436.03,-74058.66,0.0194,30.6,4.7,54.6,SL_DRAG_FRICTION_WARNING,True
SESS_2026091661,TRD_10811,INTERMEDIATE_1_2Y,72255,BANKNIFTY,22,5,3.95,1,True,-25552.0,1537.32,-27089.32,0.0568,67.9,2.2,54.9,SL_DRAG_FRICTION_WARNING,True
SESS_2026091662,TRD_10812,INTERMEDIATE_1_2Y,210927,SENSEX,37,1,1.11,0,False,18259.65,2321.64,15938.01,0.0,15.5,17.3,18.1,NONE,True
SESS_2026091663,TRD_10813,EXPERIENCED_3Y_PLUS,388092,BANKNIFTY,3,3,3.83,4,True,-90943.06,202.2,-91145.26,0.0022,63.4,2.8,62.7,SL_DRAG_FRICTION_WARNING,False
SESS_2026091664,TRD_10814,NOVICE_UNDER_6M,62581,BANKNIFTY,20,6,3.0,3,False,-8136.85,1395.65,-9532.5,0.1464,31.8,5.9,55.2,SL_DRAG_FRICTION_WARNING,True
SESS_2026091665,TRD_10815,INTERMEDIATE_1_2Y,141855,BANKNIFTY,30,0,1.02,0,False,7770.96,2024.71,5746.25,0.0,16.2,26.7,16.0,NONE,True
SESS_2026091666,TRD_10816,NOVICE_UNDER_6M,46383,NIFTY,25,4,3.89,2,False,-11723.92,1477.55,-13201.47,0.1119,74.5,5.9,55.6,SL_DRAG_FRICTION_WARNING,True
SESS_2026091667,TRD_10817,EXPERIENCED_3Y_PLUS,303215,BANKNIFTY,10,1,0.97,0,False,1263.6,633.89,629.71,0.0,9.2,27.0,14.3,NONE,True
SESS_2026091668,TRD_10818,EXPERIENCED_3Y_PLUS,499421,SENSEX,19,3,2.99,5,True,-142253.86,945.24,-143199.1,0.0066,63.8,6.4,56.0,SL_DRAG_FRICTION_WARNING,True
SESS_2026091669,TRD_10819,INTERMEDIATE_1_2Y,199496,BANKNIFTY,24,4,2.88,3,True,-49142.63,1471.68,-50614.31,0.0291,45.1,2.7,62.6,SL_DRAG_FRICTION_WARNING,False
SESS_2026091670,TRD_10820,EXPERIENCED_3Y_PLUS,1437880,BANKNIFTY,14,0,0.92,0,False,-8010.07,694.71,-8704.78,0.0798,10.5,16.8,11.1,NONE,True
SESS_2026091671,TRD_10821,INTERMEDIATE_1_2Y,136317,NIFTY,36,1,1.05,0,False,13087.8,2100.59,10987.21,0.0,10.3,14.9,16.8,NONE,True
SESS_2026091672,TRD_10822,INTERMEDIATE_1_2Y,164993,BANKNIFTY,27,9,3.67,3,True,-35754.59,1447.47,-37202.06,0.0389,71.8,7.0,77.9,MANDATORY_COOLOFF_15MIN_LOCKOUT,True
SESS_2026091673,TRD_10823,NOVICE_UNDER_6M,38787,NIFTY,10,0,1.05,0,False,-1221.46,684.9,-1906.36,0.3593,14.9,34.0,11.0,NONE,True
SESS_2026091674,TRD_10824,NOVICE_UNDER_6M,45373,NIFTY,26,4,3.59,2,True,-6335.84,1559.88,-7895.72,0.1976,61.8,4.5,55.2,SL_DRAG_FRICTION_WARNING,True
SESS_2026091675,TRD_10825,NOVICE_UNDER_6M,30745,BANKNIFTY,44,8,3.35,1,True,-4771.19,2592.95,-7364.14,0.3521,35.5,4.0,66.7,SL_DRAG_FRICTION_WARNING,True
SESS_2026091676,TRD_10826,EXPERIENCED_3Y_PLUS,352506,BANKNIFTY,10,0,1.05,0,True,-8404.86,692.88,-9097.74,0.0762,6.9,22.7,13.3,0DTE_HERO_OR_ZERO_THETA_DECAY_WARNING,True
SESS_2026091677,TRD_10827,NOVICE_UNDER_6M,45188,NIFTY,16,6,3.38,1,True,-13723.03,911.92,-14634.95,0.0623,52.6,4.9,53.5,SL_DRAG_FRICTION_WARNING,False
SESS_2026091678,TRD_10828,INTERMEDIATE_1_2Y,243476,NIFTY,50,6,3.94,1,False,-20218.12,3353.66,-23571.78,0.1423,62.3,7.0,71.9,SL_DRAG_FRICTION_WARNING,False
SESS_2026091679,TRD_10829,EXPERIENCED_3Y_PLUS,468160,BANKNIFTY,13,0,0.95,0,False,43223.99,860.96,42363.03,0.0,16.4,22.4,10.9,NONE,True
SESS_2026091680,TRD_10830,INTERMEDIATE_1_2Y,276445,NIFTY,40,9,3.21,3,False,-79151.95,2110.35,-81262.3,0.026,59.3,6.7,72.6,SL_DRAG_FRICTION_WARNING,True
SESS_2026091681,TRD_10831,INTERMEDIATE_1_2Y,274241,NIFTY,24,3,3.95,1,True,-34453.4,1155.07,-35608.47,0.0324,47.2,6.9,57.2,SL_DRAG_FRICTION_WARNING,True
SESS_2026091682,TRD_10832,EXPERIENCED_3Y_PLUS,746122,BANKNIFTY,21,0,1.0,0,False,52443.03,1285.22,51157.81,0.0,10.2,28.8,15.9,NONE,True
SESS_2026091683,TRD_10833,NOVICE_UNDER_6M,56550,NIFTY,25,4,3.82,1,False,-9044.72,1333.33,-10378.05,0.1285,33.0,4.9,51.0,SL_DRAG_FRICTION_WARNING,True
SESS_2026091684,TRD_10834,NOVICE_UNDER_6M,41158,BANKNIFTY,48,0,0.97,0,False,-1268.23,2501.74,-3769.97,0.6636,11.0,21.1,21.7,NONE,True
SESS_2026091685,TRD_10835,NOVICE_UNDER_6M,41344,BANKNIFTY,66,0,1.09,0,False,-5997.06,4528.91,-10525.97,0.4303,10.5,22.4,19.3,NONE,True
SESS_2026091686,TRD_10836,NOVICE_UNDER_6M,45549,BANKNIFTY,50,6,3.08,2,False,-9151.08,3506.84,-12657.92,0.277,33.5,4.7,52.9,SL_DRAG_FRICTION_WARNING,True
SESS_2026091687,TRD_10837,EXPERIENCED_3Y_PLUS,334604,SENSEX,10,5,4.0,2,False,-75839.15,699.33,-76538.48,0.0091,56.0,3.4,50.3,SL_DRAG_FRICTION_WARNING,True
SESS_2026091688,TRD_10838,INTERMEDIATE_1_2Y,110335,NIFTY,17,0,0.99,0,True,-11937.75,1146.31,-13084.06,0.0876,8.0,20.2,21.4,0DTE_HERO_OR_ZERO_THETA_DECAY_WARNING,True
SESS_2026091689,TRD_10839,NOVICE_UNDER_6M,72529,BANKNIFTY,20,0,1.26,0,False,-8134.3,1370.55,-9504.85,0.1442,15.6,27.7,10.3,NONE,True
SESS_2026091690,TRD_10840,NOVICE_UNDER_6M,50333,BANKNIFTY,50,0,1.11,0,False,-2973.0,2594.64,-5567.64,0.466,8.3,29.8,22.3,NONE,True
SESS_2026091691,TRD_10841,NOVICE_UNDER_6M,35646,NIFTY,32,6,3.05,3,True,-5596.18,2141.69,-7737.87,0.2768,57.3,2.6,61.5,SL_DRAG_FRICTION_WARNING,True
SESS_2026091692,TRD_10842,NOVICE_UNDER_6M,31648,SENSEX,55,8,3.8,2,False,-3402.16,2795.63,-6197.79,0.4511,55.6,5.1,70.5,SL_DRAG_FRICTION_WARNING,True
SESS_2026091693,TRD_10843,NOVICE_UNDER_6M,46990,BANKNIFTY,28,4,4.27,2,True,-10419.33,1949.93,-12369.26,0.1576,68.3,5.2,66.0,SL_DRAG_FRICTION_WARNING,True
SESS_2026091694,TRD_10844,NOVICE_UNDER_6M,74574,BANKNIFTY,19,5,2.38,2,True,-8324.25,1301.87,-9626.12,0.1352,36.6,4.0,48.4,SL_DRAG_FRICTION_WARNING,True
SESS_2026091695,TRD_10845,NOVICE_UNDER_6M,47879,SENSEX,58,3,4.26,3,False,-8427.7,2820.82,-11248.52,0.2508,46.3,4.2,69.9,SL_DRAG_FRICTION_WARNING,True
SESS_2026091696,TRD_10846,EXPERIENCED_3Y_PLUS,448500,NIFTY,21,0,1.01,0,True,-37045.69,1186.33,-38232.02,0.031,6.7,15.8,17.7,0DTE_HERO_OR_ZERO_THETA_DECAY_WARNING,True
SESS_2026091697,TRD_10847,EXPERIENCED_3Y_PLUS,391556,MIDCPNIFTY,10,0,1.08,0,True,600.81,585.99,14.82,0.0,8.9,31.4,18.2,0DTE_HERO_OR_ZERO_THETA_DECAY_WARNING,False
SESS_2026091698,TRD_10848,EXPERIENCED_3Y_PLUS,662918,SENSEX,9,0,1.03,0,False,-57469.69,549.78,-58019.47,0.0095,16.3,15.5,8.8,NONE,True
SESS_2026091699,TRD_10849,NOVICE_UNDER_6M,59398,BANKNIFTY,28,0,1.08,0,False,372.83,1675.05,-1302.22,0.8179,17.6,19.0,12.0,NONE,True
SESS_2026091700,TRD_10000,NOVICE_UNDER_6M,45445,NIFTY,41,0,1.23,0,False,6807.47,2391.12,4416.35,0.0,15.1,25.5,24.7,NONE,True
SESS_2026091701,TRD_10001,ALGO_SEMI_AUTOMATED,2492458,NIFTY,49,0,1.23,0,False,-2567.45,3274.44,-5841.89,0.5605,16.6,19.7,24.9,NONE,True
SESS_2026091702,TRD_10002,INTERMEDIATE_1_2Y,214839,SENSEX,28,0,1.24,0,False,-15877.67,1873.9,-17751.57,0.1056,11.2,30.3,19.8,NONE,True
SESS_2026091703,TRD_10003,EXPERIENCED_3Y_PLUS,615278,MIDCPNIFTY,9,0,1.02,0,False,-20327.73,512.62,-20840.35,0.0246,16.3,26.7,9.9,NONE,True
SESS_2026091704,TRD_10004,NOVICE_UNDER_6M,58787,NIFTY,31,0,0.99,0,False,-1587.13,2080.09,-3667.22,0.5672,15.1,24.3,17.9,NONE,True
SESS_2026091705,TRD_10005,NOVICE_UNDER_6M,57407,NIFTY,69,6,2.72,3,False,-6356.64,4625.07,-10981.71,0.4212,57.3,2.5,62.6,SL_DRAG_FRICTION_WARNING,True
SESS_2026091706,TRD_10006,NOVICE_UNDER_6M,40255,NIFTY,27,0,1.14,0,False,3000.45,1583.31,1417.14,0.0,13.9,21.1,17.1,NONE,True
SESS_2026091707,TRD_10007,INTERMEDIATE_1_2Y,124383,BANKNIFTY,41,8,4.54,2,True,-25489.65,1986.46,-27476.11,0.0723,28.3,6.2,79.7,MANDATORY_COOLOFF_15MIN_LOCKOUT,True
SESS_2026091708,TRD_10008,NOVICE_UNDER_6M,30597,BANKNIFTY,46,4,3.09,2,True,-7449.16,2303.88,-9753.04,0.2362,31.7,3.5,55.3,SL_DRAG_FRICTION_WARNING,True
SESS_2026091709,TRD_10009,NOVICE_UNDER_6M,28376,NIFTY,64,0,1.05,0,False,-2299.18,4124.29,-6423.47,0.6421,9.8,18.5,20.5,NONE,True
SESS_2026091710,TRD_10010,INTERMEDIATE_1_2Y,149602,BANKNIFTY,41,1,1.18,0,False,17466.62,1978.16,15488.46,0.0,8.6,24.1,18.7,NONE,True
SESS_2026091711,TRD_10011,INTERMEDIATE_1_2Y,110355,NIFTY,21,8,3.6,4,True,-34756.95,1214.82,-35971.77,0.0338,35.3,6.3,74.3,SL_DRAG_FRICTION_WARNING,True
SESS_2026091712,TRD_10012,EXPERIENCED_3Y_PLUS,1213492,BANKNIFTY,18,0,1.24,0,False,-25243.94,983.24,-26227.18,0.0375,17.3,28.5,13.9,NONE,True
SESS_2026091713,TRD_10013,INTERMEDIATE_1_2Y,218363,BANKNIFTY,26,1,1.06,0,False,-24708.68,1783.8,-26492.48,0.0673,11.0,33.1,14.8,NONE,True
SESS_2026091714,TRD_10014,EXPERIENCED_3Y_PLUS,485108,BANKNIFTY,11,0,1.15,0,False,40414.16,554.42,39859.74,0.0,15.7,22.9,10.1,NONE,True
SESS_2026091715,TRD_10015,INTERMEDIATE_1_2Y,92630,MIDCPNIFTY,42,0,0.98,0,False,894.7,2464.86,-1570.16,0.7337,6.5,15.9,17.1,NONE,True
SESS_2026091716,TRD_10016,INTERMEDIATE_1_2Y,125046,BANKNIFTY,21,0,0.99,0,False,-185.11,1203.92,-1389.03,0.8667,15.4,30.3,12.0,NONE,True
SESS_2026091717,TRD_10017,INTERMEDIATE_1_2Y,336691,NIFTY,17,0,1.13,0,False,3740.59,930.6,2809.99,0.0,15.1,21.6,16.7,NONE,True
SESS_2026091718,TRD_10018,NOVICE_UNDER_6M,46563,BANKNIFTY,24,7,2.33,1,False,-6631.39,1512.47,-8143.86,0.1857,54.8,3.1,42.6,SL_DRAG_FRICTION_WARNING,True
SESS_2026091719,TRD_10019,EXPERIENCED_3Y_PLUS,388770,FINNIFTY,20,0,1.16,0,True,-35876.72,1282.54,-37159.26,0.0345,15.4,23.0,23.4,0DTE_HERO_OR_ZERO_THETA_DECAY_WARNING,True
SESS_2026091720,TRD_10020,NOVICE_UNDER_6M,47233,BANKNIFTY,41,3,2.8,2,False,-18012.21,2684.1,-20696.31,0.1297,38.1,3.1,52.4,SL_DRAG_FRICTION_WARNING,False
SESS_2026091721,TRD_10021,NOVICE_UNDER_6M,71187,MIDCPNIFTY,29,9,4.07,1,False,-8656.11,2019.32,-10675.43,0.1892,62.8,4.0,66.1,SL_DRAG_FRICTION_WARNING,False
SESS_2026091722,TRD_10022,ALGO_SEMI_AUTOMATED,1313240,BANKNIFTY,60,0,1.15,0,False,-91937.87,3564.54,-95502.41,0.0373,12.9,33.6,21.5,NONE,True
SESS_2026091723,TRD_10023,EXPERIENCED_3Y_PLUS,407119,BANKNIFTY,22,0,1.11,0,False,-15653.73,1180.71,-16834.44,0.0701,16.1,20.9,8.9,NONE,True
SESS_2026091724,TRD_10024,INTERMEDIATE_1_2Y,148557,NIFTY,44,9,2.81,2,True,-46139.22,2530.55,-48669.77,0.052,46.2,4.5,65.0,SL_DRAG_FRICTION_WARNING,True
SESS_2026091725,TRD_10025,INTERMEDIATE_1_2Y,147303,BANKNIFTY,35,0,1.07,0,True,13841.58,2079.31,11762.27,0.0,14.8,21.7,17.2,0DTE_HERO_OR_ZERO_THETA_DECAY_WARNING,True
SESS_2026091726,TRD_10026,INTERMEDIATE_1_2Y,127297,NIFTY,14,6,3.32,2,True,-27417.0,949.69,-28366.69,0.0335,50.1,3.6,52.3,SL_DRAG_FRICTION_WARNING,True
SESS_2026091727,TRD_10027,EXPERIENCED_3Y_PLUS,482305,NIFTY,19,6,3.52,4,False,-73816.65,1276.26,-75092.91,0.017,74.4,2.1,68.2,SL_DRAG_FRICTION_WARNING,True
SESS_2026091728,TRD_10028,INTERMEDIATE_1_2Y,247643,BANKNIFTY,42,0,0.97,0,True,20470.96,2441.97,18028.99,0.0,11.5,18.0,21.9,0DTE_HERO_OR_ZERO_THETA_DECAY_WARNING,False
SESS_2026091729,TRD_10029,INTERMEDIATE_1_2Y,202056,BANKNIFTY,26,0,0.99,0,True,2644.34,1848.39,795.95,0.0,6.8,29.5,17.1,0DTE_HERO_OR_ZERO_THETA_DECAY_WARNING,False
SESS_2026091730,TRD_10030,NOVICE_UNDER_6M,24716,NIFTY,24,0,1.13,0,False,268.95,1461.03,-1192.08,0.8445,13.4,27.5,14.9,NONE,True
SESS_2026091731,TRD_10031,INTERMEDIATE_1_2Y,106853,BANKNIFTY,35,0,1.13,0,False,11569.59,2128.47,9441.12,0.0,7.1,29.0,18.2,NONE,True
SESS_2026091732,TRD_10032,NOVICE_UNDER_6M,60685,BANKNIFTY,28,5,2.94,1,True,-12195.26,1997.5,-14192.76,0.1407,54.6,5.4,55.2,SL_DRAG_FRICTION_WARNING,False
SESS_2026091733,TRD_10033,INTERMEDIATE_1_2Y,130618,BANKNIFTY,55,0,0.97,0,False,-1382.95,3951.93,-5334.88,0.7408,12.8,34.5,23.7,NONE,True
SESS_2026091734,TRD_10034,EXPERIENCED_3Y_PLUS,777821,NIFTY,7,1,0.99,0,False,99344.33,381.62,98962.71,0.0,18.0,24.2,7.3,NONE,True
SESS_2026091735,TRD_10035,NOVICE_UNDER_6M,58300,SENSEX,42,3,2.61,4,True,-13255.23,2433.6,-15688.83,0.1551,62.0,4.3,59.7,SL_DRAG_FRICTION_WARNING,True
SESS_2026091736,TRD_10036,INTERMEDIATE_1_2Y,279234,BANKNIFTY,24,6,3.61,3,True,-49958.9,1672.09,-51630.99,0.0324,57.3,4.9,69.5,SL_DRAG_FRICTION_WARNING,False
SESS_2026091737,TRD_10037,EXPERIENCED_3Y_PLUS,1109141,SENSEX,17,0,1.19,0,False,129548.35,1132.08,128416.27,0.0,7.1,12.0,13.7,NONE,True
SESS_2026091738,TRD_10038,ALGO_SEMI_AUTOMATED,947510,BANKNIFTY,37,0,1.03,0,False,-107523.99,2334.64,-109858.63,0.0213,11.4,13.1,21.4,NONE,True
SESS_2026091739,TRD_10039,INTERMEDIATE_1_2Y,253904,BANKNIFTY,42,1,0.98,0,False,7183.39,2792.56,4390.83,0.0,17.4,24.7,20.8,NONE,True
SESS_2026091740,TRD_10040,NOVICE_UNDER_6M,61268,BANKNIFTY,52,10,3.6,1,True,-16752.53,3201.05,-19953.58,0.1604,50.4,4.9,70.7,SL_DRAG_FRICTION_WARNING,True
SESS_2026091741,TRD_10041,NOVICE_UNDER_6M,30625,FINNIFTY,36,6,2.51,3,False,-7397.81,2066.61,-9464.42,0.2184,67.9,2.9,53.5,SL_DRAG_FRICTION_WARNING,True
SESS_2026091742,TRD_10042,INTERMEDIATE_1_2Y,76362,BANKNIFTY,16,6,3.23,3,False,-15213.4,1106.83,-16320.23,0.0678,74.7,4.1,56.1,SL_DRAG_FRICTION_WARNING,False
SESS_2026091743,TRD_10043,NOVICE_UNDER_6M,43921,NIFTY,41,0,1.29,0,False,-3995.52,1978.78,-5974.3,0.3312,16.5,32.7,21.7,NONE,True
SESS_2026091744,TRD_10044,NOVICE_UNDER_6M,56921,BANKNIFTY,50,0,1.01,0,False,-6931.67,2508.03,-9439.7,0.2657,10.5,21.4,27.4,NONE,True
SESS_2026091745,TRD_10045,NOVICE_UNDER_6M,46279,BANKNIFTY,26,9,3.43,2,False,-12209.89,1722.89,-13932.78,0.1237,60.2,3.2,59.1,SL_DRAG_FRICTION_WARNING,True
SESS_2026091746,TRD_10046,EXPERIENCED_3Y_PLUS,1174082,SENSEX,12,0,1.16,0,False,-61454.78,796.06,-62250.84,0.0128,9.7,20.1,10.9,NONE,True
SESS_2026091747,TRD_10047,INTERMEDIATE_1_2Y,206104,NIFTY,40,0,1.1,0,False,-8652.72,2762.09,-11414.81,0.242,16.5,31.0,23.6,NONE,True
SESS_2026091748,TRD_10048,EXPERIENCED_3Y_PLUS,701894,SENSEX,9,1,1.28,0,False,-13326.57,464.89,-13791.46,0.0337,10.4,33.6,14.3,NONE,True
SESS_2026091749,TRD_10049,NOVICE_UNDER_6M,45338,BANKNIFTY,30,1,1.01,0,True,3172.71,2136.81,1035.9,0.0,10.5,19.1,23.8,0DTE_HERO_OR_ZERO_THETA_DECAY_WARNING,False
SESS_2026091750,TRD_10050,NOVICE_UNDER_6M,53538,SENSEX,23,0,0.99,0,False,551.55,1175.1,-623.55,0.6806,8.2,34.1,10.1,NONE,True
SESS_2026091751,TRD_10051,ALGO_SEMI_AUTOMATED,2611725,NIFTY,118,1,0.98,0,False,267351.73,8348.69,259003.04,0.0,10.5,34.7,26.7,NONE,True
SESS_2026091752,TRD_10052,EXPERIENCED_3Y_PLUS,832538,BANKNIFTY,9,0,0.99,0,False,-15841.36,543.19,-16384.55,0.0332,14.8,31.9,8.2,NONE,True
SESS_2026091753,TRD_10053,ALGO_SEMI_AUTOMATED,1072502,BANKNIFTY,112,0,0.97,0,False,92541.5,6051.95,86489.55,0.0,8.1,24.0,18.1,NONE,True
SESS_2026091754,TRD_10054,EXPERIENCED_3Y_PLUS,786145,NIFTY,11,0,1.25,0,False,-101766.76,529.17,-102295.93,0.0052,7.9,14.9,14.2,NONE,True
SESS_2026091755,TRD_10055,NOVICE_UNDER_6M,52981,NIFTY,42,5,4.04,3,False,-10798.43,2244.64,-13043.07,0.1721,72.8,3.5,67.5,SL_DRAG_FRICTION_WARNING,True
SESS_2026091756,TRD_10056,ALGO_SEMI_AUTOMATED,1205313,SENSEX,115,0,0.97,0,False,-83368.31,7274.17,-90642.48,0.0803,15.7,23.4,20.0,NONE,True
SESS_2026091757,TRD_10057,EXPERIENCED_3Y_PLUS,771211,FINNIFTY,16,1,1.01,0,False,-28651.15,772.36,-29423.51,0.0262,14.0,28.0,13.1,NONE,True
SESS_2026091758,TRD_10058,NOVICE_UNDER_6M,51791,NIFTY,44,6,2.82,4,True,-13027.58,3107.18,-16134.76,0.1926,71.6,7.0,77.5,MANDATORY_COOLOFF_15MIN_LOCKOUT,True
SESS_2026091759,TRD_10059,NOVICE_UNDER_6M,51767,NIFTY,20,0,1.09,0,False,-7060.82,1187.45,-8248.27,0.144,10.8,15.0,17.7,NONE,True
SESS_2026091760,TRD_10060,NOVICE_UNDER_6M,43382,BANKNIFTY,40,6,3.15,4,True,-7737.68,2545.57,-10283.25,0.2475,41.7,4.4,71.1,SL_DRAG_FRICTION_WARNING,True
SESS_2026091761,TRD_10061,NOVICE_UNDER_6M,62053,NIFTY,28,0,1.05,0,True,-5846.26,1474.48,-7320.74,0.2014,8.0,17.2,10.4,0DTE_HERO_OR_ZERO_THETA_DECAY_WARNING,False
SESS_2026091762,TRD_10062,NOVICE_UNDER_6M,41762,NIFTY,31,6,3.3,3,True,-12774.31,1552.1,-14326.41,0.1083,74.5,3.7,61.3,SL_DRAG_FRICTION_WARNING,False
SESS_2026091763,TRD_10063,ALGO_SEMI_AUTOMATED,1006529,SENSEX,62,0,1.08,0,False,-60136.35,4064.86,-64201.21,0.0633,8.3,22.6,20.2,NONE,True
SESS_2026091764,TRD_10064,ALGO_SEMI_AUTOMATED,2076226,BANKNIFTY,103,1,1.01,0,False,-242530.77,6797.49,-249328.26,0.0273,15.4,23.3,17.7,NONE,True
SESS_2026091765,TRD_10065,NOVICE_UNDER_6M,58237,SENSEX,28,10,1.95,4,True,-21490.21,1660.66,-23150.87,0.0717,28.8,5.8,69.1,SL_DRAG_FRICTION_WARNING,True
SESS_2026091766,TRD_10066,NOVICE_UNDER_6M,66951,NIFTY,37,0,0.96,0,False,362.92,2084.24,-1721.32,0.8517,17.5,15.8,15.6,NONE,True
SESS_2026091767,TRD_10067,NOVICE_UNDER_6M,72277,NIFTY,15,0,1.06,0,False,3480.25,754.36,2725.89,0.0,12.5,13.8,14.6,NONE,True
SESS_2026091768,TRD_10068,NOVICE_UNDER_6M,65164,NIFTY,33,8,3.13,2,True,-13359.75,2234.44,-15594.19,0.1433,30.8,4.0,68.0,SL_DRAG_FRICTION_WARNING,True
SESS_2026091769,TRD_10069,INTERMEDIATE_1_2Y,263779,NIFTY,39,0,1.19,0,True,14360.68,2437.54,11923.14,0.0,9.3,12.4,23.1,0DTE_HERO_OR_ZERO_THETA_DECAY_WARNING,False
SESS_2026091770,TRD_10070,NOVICE_UNDER_6M,49120,SENSEX,23,0,1.1,0,False,5744.67,1507.72,4236.95,0.0,10.7,15.7,13.7,NONE,True
SESS_2026091771,TRD_10071,NOVICE_UNDER_6M,60599,NIFTY,37,0,1.09,0,False,354.54,1910.58,-1556.04,0.8435,6.3,22.2,20.2,NONE,True
SESS_2026091772,TRD_10072,EXPERIENCED_3Y_PLUS,560960,NIFTY,18,1,1.01,0,False,25039.34,1011.98,24027.36,0.0,13.2,31.9,12.0,NONE,True
SESS_2026091773,TRD_10073,NOVICE_UNDER_6M,68097,BANKNIFTY,39,4,2.1,4,False,-16223.94,2345.23,-18569.17,0.1263,63.1,6.2,55.6,SL_DRAG_FRICTION_WARNING,False
SESS_2026091774,TRD_10074,NOVICE_UNDER_6M,49547,BANKNIFTY,70,4,4.65,3,True,-9278.8,4523.83,-13802.63,0.3278,55.8,4.7,79.7,MANDATORY_COOLOFF_15MIN_LOCKOUT,True
SESS_2026091775,TRD_10075,EXPERIENCED_3Y_PLUS,389291,NIFTY,19,1,1.03,0,True,3798.97,1068.37,2730.6,0.0,12.4,24.7,17.6,0DTE_HERO_OR_ZERO_THETA_DECAY_WARNING,False
SESS_2026091776,TRD_10076,INTERMEDIATE_1_2Y,121148,BANKNIFTY,33,7,2.18,5,False,-49574.37,1762.91,-51337.28,0.0343,58.6,2.8,65.4,SL_DRAG_FRICTION_WARNING,True
SESS_2026091777,TRD_10077,NOVICE_UNDER_6M,69957,BANKNIFTY,30,5,3.68,3,False,-23609.95,1901.21,-25511.16,0.0745,58.9,5.4,57.8,SL_DRAG_FRICTION_WARNING,True
SESS_2026091778,TRD_10078,NOVICE_UNDER_6M,45823,BANKNIFTY,17,3,3.52,2,True,-10931.8,974.09,-11905.89,0.0818,38.6,6.4,45.4,SL_DRAG_FRICTION_WARNING,True
SESS_2026091779,TRD_10079,NOVICE_UNDER_6M,42137,BANKNIFTY,47,2,2.82,1,False,-17322.72,2677.84,-20000.56,0.1339,28.7,4.7,45.4,MARTINGALE_LOT_SIZE_OVERRIDE_ALERT,False
SESS_2026091780,TRD_10080,NOVICE_UNDER_6M,66041,SENSEX,10,1,0.94,0,False,-1295.87,537.29,-1833.16,0.2931,6.6,17.4,13.2,NONE,True
SESS_2026091781,TRD_10081,NOVICE_UNDER_6M,33924,BANKNIFTY,36,1,1.0,0,True,2840.5,2234.86,605.64,0.0,12.5,14.8,20.5,0DTE_HERO_OR_ZERO_THETA_DECAY_WARNING,False
SESS_2026091782,TRD_10082,INTERMEDIATE_1_2Y,321753,BANKNIFTY,13,0,0.98,0,True,11785.69,863.43,10922.26,0.0,13.3,19.8,11.8,0DTE_HERO_OR_ZERO_THETA_DECAY_WARNING,True
SESS_2026091783,TRD_10083,INTERMEDIATE_1_2Y,183340,BANKNIFTY,20,7,2.71,2,True,-62218.92,1424.16,-63643.08,0.0224,60.8,4.2,57.3,SL_DRAG_FRICTION_WARNING,True
SESS_2026091784,TRD_10084,INTERMEDIATE_1_2Y,236934,SENSEX,27,5,3.96,5,True,-42913.68,1919.79,-44833.47,0.0428,31.9,3.6,71.4,SL_DRAG_FRICTION_WARNING,True
SESS_2026091785,TRD_10085,NOVICE_UNDER_6M,48046,BANKNIFTY,20,6,3.73,3,True,-6626.68,1365.73,-7992.41,0.1709,42.5,3.1,68.9,SL_DRAG_FRICTION_WARNING,True
SESS_2026091786,TRD_10086,EXPERIENCED_3Y_PLUS,615453,MIDCPNIFTY,14,0,0.98,0,False,-10934.34,676.06,-11610.4,0.0582,11.9,19.2,13.9,NONE,True
SESS_2026091787,TRD_10087,EXPERIENCED_3Y_PLUS,1004135,NIFTY,24,1,0.93,0,True,53780.9,1671.44,52109.46,0.0,11.4,26.7,19.3,0DTE_HERO_OR_ZERO_THETA_DECAY_WARNING,True
SESS_2026091788,TRD_10088,NOVICE_UNDER_6M,34022,BANKNIFTY,29,0,1.06,0,True,-4637.57,1699.09,-6336.66,0.2681,10.5,16.6,17.5,0DTE_HERO_OR_ZERO_THETA_DECAY_WARNING,True
SESS_2026091789,TRD_10089,INTERMEDIATE_1_2Y,163711,BANKNIFTY,15,0,1.06,0,False,-5915.63,795.31,-6710.94,0.1185,10.5,16.1,6.7,NONE,True
SESS_2026091790,TRD_10090,INTERMEDIATE_1_2Y,181953,SENSEX,22,0,1.11,0,False,-15551.04,1484.55,-17035.59,0.0871,14.8,20.4,9.7,NONE,True
SESS_2026091791,TRD_10091,NOVICE_UNDER_6M,46560,SENSEX,16,0,1.07,0,False,1176.3,972.1,204.2,0.0,15.1,33.4,5.0,NONE,True
SESS_2026091792,TRD_10092,NOVICE_UNDER_6M,45546,NIFTY,46,7,3.45,2,True,-6372.58,2995.69,-9368.27,0.3198,31.2,3.2,63.2,SL_DRAG_FRICTION_WARNING,True
SESS_2026091793,TRD_10093,INTERMEDIATE_1_2Y,145850,SENSEX,50,5,3.85,5,False,-24246.49,2506.44,-26752.93,0.0937,59.7,6.2,72.1,SL_DRAG_FRICTION_WARNING,True
SESS_2026091794,TRD_10094,NOVICE_UNDER_6M,62582,NIFTY,50,4,2.14,2,True,-20967.31,3247.76,-24215.07,0.1341,35.9,6.3,51.7,SL_DRAG_FRICTION_WARNING,True
SESS_2026091795,TRD_10095,ALGO_SEMI_AUTOMATED,1106698,NIFTY,136,0,0.94,0,False,60818.44,9189.72,51628.72,0.0,17.1,19.4,19.3,NONE,True
SESS_2026091796,TRD_10096,INTERMEDIATE_1_2Y,282912,BANKNIFTY,45,0,1.0,0,False,11723.92,2401.74,9322.18,0.0,17.0,26.3,15.1,NONE,True
SESS_2026091797,TRD_10097,INTERMEDIATE_1_2Y,104355,BANKNIFTY,16,0,1.07,0,False,2189.13,855.53,1333.6,0.0,17.9,13.5,10.8,NONE,True
SESS_2026091798,TRD_10098,NOVICE_UNDER_6M,59423,BANKNIFTY,35,4,2.95,3,True,-25021.66,2245.04,-27266.7,0.0823,51.3,6.4,57.9,SL_DRAG_FRICTION_WARNING,True
SESS_2026091799,TRD_10099,NOVICE_UNDER_6M,61827,BANKNIFTY,43,5,4.3,2,True,-19399.14,3054.1,-22453.24,0.136,59.5,5.1,71.0,SL_DRAG_FRICTION_WARNING,True
SESS_2026091800,TRD_10100,NOVICE_UNDER_6M,22381,BANKNIFTY,52,0,0.99,0,False,509.53,3468.3,-2958.77,0.8719,15.3,21.9,23.4,NONE,True
SESS_2026091801,TRD_10101,NOVICE_UNDER_6M,46557,NIFTY,25,1,1.18,0,False,-870.49,1379.24,-2249.73,0.6131,17.5,34.0,14.9,NONE,True
SESS_2026091802,TRD_10102,NOVICE_UNDER_6M,46895,NIFTY,59,4,3.07,2,False,-9844.21,3959.35,-13803.56,0.2868,41.8,3.6,58.1,SL_DRAG_FRICTION_WARNING,True
SESS_2026091803,TRD_10103,EXPERIENCED_3Y_PLUS,321084,NIFTY,15,0,0.97,0,False,-4245.0,1001.34,-5246.34,0.1909,6.2,26.9,12.7,NONE,True
SESS_2026091804,TRD_10104,EXPERIENCED_3Y_PLUS,592735,MIDCPNIFTY,9,0,1.03,0,False,-39817.78,614.04,-40431.82,0.0152,16.1,21.9,9.6,NONE,True
SESS_2026091805,TRD_10105,INTERMEDIATE_1_2Y,233959,NIFTY,33,8,3.95,2,False,-86376.29,2038.35,-88414.64,0.0231,38.1,4.1,69.5,SL_DRAG_FRICTION_WARNING,True
SESS_2026091806,TRD_10106,NOVICE_UNDER_6M,50837,SENSEX,41,6,2.79,3,False,-7866.96,2664.74,-10531.7,0.253,59.0,5.7,62.4,SL_DRAG_FRICTION_WARNING,True
SESS_2026091807,TRD_10107,NOVICE_UNDER_6M,50971,NIFTY,44,6,3.52,2,True,-8486.26,2331.16,-10817.42,0.2155,68.3,5.0,61.7,SL_DRAG_FRICTION_WARNING,False
SESS_2026091808,TRD_10108,INTERMEDIATE_1_2Y,225422,SENSEX,25,3,2.8,3,False,-42453.68,1551.43,-44005.11,0.0353,30.1,2.5,52.3,SL_DRAG_FRICTION_WARNING,True
SESS_2026091809,TRD_10109,INTERMEDIATE_1_2Y,196953,NIFTY,46,4,4.38,2,True,-48535.7,3026.41,-51562.11,0.0587,60.0,2.9,65.4,SL_DRAG_FRICTION_WARNING,False
SESS_2026091810,TRD_10110,INTERMEDIATE_1_2Y,257381,NIFTY,16,6,3.36,4,False,-30734.72,830.06,-31564.78,0.0263,40.0,6.1,59.4,SL_DRAG_FRICTION_WARNING,True
SESS_2026091811,TRD_10111,NOVICE_UNDER_6M,47328,SENSEX,53,0,1.2,0,True,1314.84,2617.53,-1302.69,0.6656,11.4,26.8,29.0,0DTE_HERO_OR_ZERO_THETA_DECAY_WARNING,False
SESS_2026091812,TRD_10112,NOVICE_UNDER_6M,72404,NIFTY,27,3,3.68,5,True,-19221.91,1494.25,-20716.16,0.0721,61.2,4.9,64.9,SL_DRAG_FRICTION_WARNING,True
SESS_2026091813,TRD_10113,NOVICE_UNDER_6M,63467,SENSEX,27,7,3.33,3,True,-20107.5,1735.52,-21843.02,0.0795,53.4,6.0,63.0,SL_DRAG_FRICTION_WARNING,True
SESS_2026091814,TRD_10114,INTERMEDIATE_1_2Y,58823,BANKNIFTY,32,0,0.99,0,False,723.99,1644.06,-920.07,0.6943,6.6,24.5,18.0,NONE,True
SESS_2026091815,TRD_10115,INTERMEDIATE_1_2Y,62473,NIFTY,25,5,3.22,2,False,-14412.6,1439.16,-15851.76,0.0908,41.5,5.3,53.1,SL_DRAG_FRICTION_WARNING,True
SESS_2026091816,TRD_10116,INTERMEDIATE_1_2Y,220952,NIFTY,44,11,2.68,2,True,-54650.97,2662.2,-57313.17,0.0465,25.3,3.9,72.1,SL_DRAG_FRICTION_WARNING,False
SESS_2026091817,TRD_10117,NOVICE_UNDER_6M,40898,BANKNIFTY,16,5,2.87,1,True,-15152.41,964.72,-16117.13,0.0599,37.8,3.5,40.7,SL_DRAG_FRICTION_WARNING,True
SESS_2026091818,TRD_10118,EXPERIENCED_3Y_PLUS,1204770,NIFTY,4,0,0.99,0,False,767.3,214.4,552.9,0.0,12.4,21.8,6.3,NONE,True
SESS_2026091819,TRD_10119,NOVICE_UNDER_6M,27927,NIFTY,17,4,2.73,4,True,-8665.48,1078.34,-9743.82,0.1107,71.8,2.8,61.9,SL_DRAG_FRICTION_WARNING,True
SESS_2026091820,TRD_10120,NOVICE_UNDER_6M,28236,FINNIFTY,43,0,0.93,0,False,-1538.88,2753.35,-4292.23,0.6415,16.5,29.2,23.2,NONE,True
SESS_2026091821,TRD_10121,INTERMEDIATE_1_2Y,191949,BANKNIFTY,40,1,1.17,0,False,-14188.48,2181.83,-16370.31,0.1333,16.7,32.2,21.1,NONE,True
SESS_2026091822,TRD_10122,INTERMEDIATE_1_2Y,323775,NIFTY,29,5,3.5,2,True,-87273.51,1927.97,-89201.48,0.0216,70.7,4.3,59.3,SL_DRAG_FRICTION_WARNING,False
SESS_2026091823,TRD_10123,INTERMEDIATE_1_2Y,307386,BANKNIFTY,9,6,4.48,3,True,-64262.29,550.48,-64812.77,0.0085,69.4,4.9,64.5,SL_DRAG_FRICTION_WARNING,True
SESS_2026091824,TRD_10124,INTERMEDIATE_1_2Y,315341,MIDCPNIFTY,6,0,1.0,0,False,-15755.69,300.96,-16056.65,0.0187,15.7,13.0,12.5,NONE,True
SESS_2026091825,TRD_10125,INTERMEDIATE_1_2Y,222041,NIFTY,22,8,2.08,1,True,-40392.18,1407.11,-41799.29,0.0337,27.0,2.5,47.6,SL_DRAG_FRICTION_WARNING,True
SESS_2026091826,TRD_10126,EXPERIENCED_3Y_PLUS,720492,NIFTY,15,0,1.1,0,True,114685.15,967.22,113717.93,0.0,16.8,29.0,16.0,0DTE_HERO_OR_ZERO_THETA_DECAY_WARNING,True
SESS_2026091827,TRD_10127,NOVICE_UNDER_6M,57299,NIFTY,21,1,1.11,0,False,-3859.95,1333.94,-5193.89,0.2568,9.3,25.1,13.2,NONE,True
SESS_2026091828,TRD_10128,NOVICE_UNDER_6M,38156,BANKNIFTY,65,7,3.07,2,True,-9669.94,3869.68,-13539.62,0.2858,62.8,2.8,71.2,SL_DRAG_FRICTION_WARNING,False
SESS_2026091829,TRD_10129,INTERMEDIATE_1_2Y,154036,FINNIFTY,35,0,1.16,0,False,-13724.64,1757.51,-15482.15,0.1135,17.6,33.0,15.8,NONE,True
SESS_2026091830,TRD_10130,INTERMEDIATE_1_2Y,236094,BANKNIFTY,47,0,1.05,0,False,-5210.95,2664.13,-7875.08,0.3383,9.5,15.4,17.5,NONE,True
SESS_2026091831,TRD_10131,NOVICE_UNDER_6M,51857,NIFTY,39,5,2.63,1,False,-12780.68,2342.42,-15123.1,0.1549,36.0,4.4,48.2,SL_DRAG_FRICTION_WARNING,True
SESS_2026091832,TRD_10132,INTERMEDIATE_1_2Y,313503,BANKNIFTY,44,7,3.43,1,False,-49979.46,3033.8,-53013.26,0.0572,63.1,4.1,56.4,SL_DRAG_FRICTION_WARNING,True
SESS_2026091833,TRD_10133,EXPERIENCED_3Y_PLUS,846110,NIFTY,16,1,1.08,0,False,-13141.27,888.56,-14029.83,0.0633,6.8,30.2,9.3,NONE,True
SESS_2026091834,TRD_10134,NOVICE_UNDER_6M,37429,BANKNIFTY,36,0,1.16,0,False,529.22,2004.83,-1475.61,0.7912,11.6,13.5,13.5,NONE,True
SESS_2026091835,TRD_10135,NOVICE_UNDER_6M,41301,NIFTY,35,1,0.98,0,False,19.98,2025.26,-2005.28,0.9902,8.5,18.1,15.4,NONE,True
SESS_2026091836,TRD_10136,INTERMEDIATE_1_2Y,168984,NIFTY,43,1,1.03,0,False,-10481.38,3029.6,-13510.98,0.2242,13.1,27.7,21.5,NONE,True
SESS_2026091837,TRD_10137,INTERMEDIATE_1_2Y,190658,NIFTY,23,9,3.38,1,True,-49822.35,1465.93,-51288.28,0.0286,64.5,4.6,57.3,SL_DRAG_FRICTION_WARNING,True
SESS_2026091838,TRD_10138,NOVICE_UNDER_6M,47946,NIFTY,21,1,0.92,0,False,801.03,1448.03,-647.0,0.6438,14.6,31.5,18.6,NONE,True
SESS_2026091839,TRD_10139,EXPERIENCED_3Y_PLUS,492547,NIFTY,22,0,1.03,0,False,20098.9,1405.93,18692.97,0.0,8.8,18.3,14.1,NONE,True
SESS_2026091840,TRD_10140,INTERMEDIATE_1_2Y,248108,NIFTY,33,1,1.2,0,False,-7789.43,1988.74,-9778.17,0.2034,9.8,21.7,15.5,NONE,True
SESS_2026091841,TRD_10141,INTERMEDIATE_1_2Y,213408,NIFTY,19,0,1.02,0,False,10443.57,1261.27,9182.3,0.0,15.6,22.2,14.1,NONE,True
SESS_2026091842,TRD_10142,INTERMEDIATE_1_2Y,244884,BANKNIFTY,33,0,1.01,0,False,-8117.07,2119.49,-10236.56,0.2071,6.5,31.4,17.1,NONE,True
SESS_2026091843,TRD_10143,EXPERIENCED_3Y_PLUS,391074,NIFTY,15,0,1.06,0,False,-9547.52,903.28,-10450.8,0.0864,9.4,13.0,11.5,NONE,True
SESS_2026091844,TRD_10144,NOVICE_UNDER_6M,37715,NIFTY,65,5,3.27,1,False,-11523.58,4131.16,-15654.74,0.2639,30.1,2.8,54.9,SL_DRAG_FRICTION_WARNING,True
SESS_2026091845,TRD_10145,EXPERIENCED_3Y_PLUS,1388753,BANKNIFTY,8,1,1.15,0,False,19523.85,468.08,19055.77,0.0,13.2,29.1,13.5,NONE,True
SESS_2026091846,TRD_10146,INTERMEDIATE_1_2Y,256282,NIFTY,31,0,1.0,0,False,-6718.99,1869.21,-8588.2,0.2176,15.7,26.4,13.9,NONE,True
SESS_2026091847,TRD_10147,NOVICE_UNDER_6M,50107,NIFTY,27,0,1.15,0,False,3473.57,1339.02,2134.55,0.0,16.3,33.9,24.3,NONE,True
SESS_2026091848,TRD_10148,ALGO_SEMI_AUTOMATED,1117556,BANKNIFTY,46,0,1.13,0,False,15602.98,2758.03,12844.95,0.0,8.5,14.7,11.9,NONE,True
SESS_2026091849,TRD_10149,EXPERIENCED_3Y_PLUS,780170,NIFTY,20,5,2.48,2,True,-263583.04,1358.34,-264941.38,0.0051,62.2,5.6,52.1,SL_DRAG_FRICTION_WARNING,True
SESS_2026091850,TRD_10150,INTERMEDIATE_1_2Y,141222,BANKNIFTY,35,4,3.99,2,True,-37394.44,2141.99,-39536.43,0.0542,43.8,7.0,59.8,SL_DRAG_FRICTION_WARNING,True
SESS_2026091851,TRD_10151,NOVICE_UNDER_6M,45489,SENSEX,31,0,1.01,0,False,-948.66,2029.0,-2977.66,0.6814,16.2,28.3,12.9,NONE,True
SESS_2026091852,TRD_10152,EXPERIENCED_3Y_PLUS,577497,SENSEX,18,0,1.1,0,False,62874.06,1127.42,61746.64,0.0,11.8,29.0,8.8,NONE,True
SESS_2026091853,TRD_10153,INTERMEDIATE_1_2Y,136061,NIFTY,49,0,1.06,0,True,10254.89,2689.13,7565.76,0.0,12.8,13.7,26.4,0DTE_HERO_OR_ZERO_THETA_DECAY_WARNING,False
SESS_2026091854,TRD_10154,NOVICE_UNDER_6M,38490,MIDCPNIFTY,47,1,1.03,0,False,387.38,3038.83,-2651.45,0.8869,14.5,17.9,22.5,NONE,True
SESS_2026091855,TRD_10155,NOVICE_UNDER_6M,56451,BANKNIFTY,21,0,1.06,0,False,-3221.95,1478.86,-4700.81,0.3146,13.6,17.6,10.0,NONE,True
SESS_2026091856,TRD_10156,INTERMEDIATE_1_2Y,236077,BANKNIFTY,25,0,1.24,0,False,-5092.61,1691.5,-6784.11,0.2493,12.9,26.9,20.4,NONE,True
SESS_2026091857,TRD_10157,ALGO_SEMI_AUTOMATED,1378356,NIFTY,69,1,1.27,0,False,229985.37,4548.38,225436.99,0.0,17.4,12.0,31.3,NONE,True
SESS_2026091858,TRD_10158,NOVICE_UNDER_6M,66660,NIFTY,27,0,0.97,0,False,9508.17,1470.09,8038.08,0.0,7.5,27.6,12.7,NONE,True
SESS_2026091859,TRD_10159,NOVICE_UNDER_6M,65482,NIFTY,24,5,2.79,2,True,-9565.62,1505.82,-11071.44,0.136,62.0,2.5,52.5,SL_DRAG_FRICTION_WARNING,True
SESS_2026091860,TRD_10160,NOVICE_UNDER_6M,52339,SENSEX,27,4,2.15,1,True,-14798.91,1552.25,-16351.16,0.0949,67.9,2.3,37.2,SL_DRAG_FRICTION_WARNING,True
SESS_2026091861,TRD_10161,EXPERIENCED_3Y_PLUS,1001708,NIFTY,23,5,3.29,1,True,-269305.15,1603.34,-270908.49,0.0059,53.4,5.9,56.8,SL_DRAG_FRICTION_WARNING,True
SESS_2026091862,TRD_10162,NOVICE_UNDER_6M,51467,FINNIFTY,29,0,1.09,0,False,-2256.26,1456.51,-3712.77,0.3923,11.3,31.6,14.3,NONE,True
SESS_2026091863,TRD_10163,NOVICE_UNDER_6M,67643,NIFTY,65,0,0.91,0,False,3122.71,4646.88,-1524.17,0.5981,15.6,19.9,20.9,NONE,True
SESS_2026091864,TRD_10164,NOVICE_UNDER_6M,61202,BANKNIFTY,48,4,3.65,4,True,-13950.91,2963.71,-16914.62,0.1752,32.0,4.7,70.7,SL_DRAG_FRICTION_WARNING,False
SESS_2026091865,TRD_10165,NOVICE_UNDER_6M,29957,MIDCPNIFTY,59,7,3.68,2,True,-8047.02,2994.07,-11041.09,0.2712,54.0,3.0,78.6,MANDATORY_COOLOFF_15MIN_LOCKOUT,False
SESS_2026091866,TRD_10166,NOVICE_UNDER_6M,50598,BANKNIFTY,36,8,2.78,1,True,-14570.01,2108.86,-16678.87,0.1264,39.5,4.9,56.3,SL_DRAG_FRICTION_WARNING,True
SESS_2026091867,TRD_10167,NOVICE_UNDER_6M,28811,BANKNIFTY,36,3,2.47,3,True,-6296.19,2008.43,-8304.62,0.2418,37.2,3.6,50.8,SL_DRAG_FRICTION_WARNING,False
SESS_2026091868,TRD_10168,INTERMEDIATE_1_2Y,122539,SENSEX,25,0,1.09,0,False,-11309.88,1473.66,-12783.54,0.1153,6.2,30.4,18.9,NONE,True
SESS_2026091869,TRD_10169,INTERMEDIATE_1_2Y,190405,BANKNIFTY,22,5,3.23,1,True,-27849.35,1490.0,-29339.35,0.0508,57.6,2.0,52.1,SL_DRAG_FRICTION_WARNING,True
SESS_2026091870,TRD_10170,EXPERIENCED_3Y_PLUS,508893,SENSEX,23,9,2.7,3,True,-193056.76,1633.33,-194690.09,0.0084,26.7,2.9,64.3,SL_DRAG_FRICTION_WARNING,True
SESS_2026091871,TRD_10171,INTERMEDIATE_1_2Y,286946,NIFTY,46,5,4.01,1,False,-114742.92,2659.38,-117402.3,0.0227,29.8,5.9,58.4,SL_DRAG_FRICTION_WARNING,True
SESS_2026091872,TRD_10172,NOVICE_UNDER_6M,41738,NIFTY,26,0,0.93,0,False,-2338.86,1709.88,-4048.74,0.4223,10.8,32.5,14.2,NONE,True
SESS_2026091873,TRD_10173,INTERMEDIATE_1_2Y,103565,BANKNIFTY,11,0,1.17,0,False,-2443.87,564.92,-3008.79,0.1878,8.2,16.1,12.4,NONE,True
SESS_2026091874,TRD_10174,NOVICE_UNDER_6M,26426,SENSEX,63,0,1.17,0,True,-1461.18,3894.72,-5355.9,0.7272,8.5,24.3,30.0,0DTE_HERO_OR_ZERO_THETA_DECAY_WARNING,True
SESS_2026091875,TRD_10175,EXPERIENCED_3Y_PLUS,707617,FINNIFTY,29,4,2.84,3,True,-194524.73,1542.74,-196067.47,0.0079,68.0,5.4,61.8,SL_DRAG_FRICTION_WARNING,True
SESS_2026091876,TRD_10176,NOVICE_UNDER_6M,44486,BANKNIFTY,48,5,3.91,1,True,-14392.35,2366.79,-16759.14,0.1412,46.5,3.0,65.0,SL_DRAG_FRICTION_WARNING,True
SESS_2026091877,TRD_10177,NOVICE_UNDER_6M,57103,NIFTY,41,9,3.98,2,True,-12012.22,2785.09,-14797.31,0.1882,56.8,3.8,67.6,SL_DRAG_FRICTION_WARNING,True
SESS_2026091878,TRD_10178,NOVICE_UNDER_6M,61376,NIFTY,19,1,1.25,0,False,-5932.23,1134.49,-7066.72,0.1605,15.8,24.9,23.1,NONE,True
SESS_2026091879,TRD_10179,NOVICE_UNDER_6M,43549,SENSEX,26,0,1.09,0,False,2624.19,1478.55,1145.64,0.0,9.6,18.1,8.8,NONE,True
SESS_2026091880,TRD_10180,NOVICE_UNDER_6M,39334,BANKNIFTY,53,0,1.01,0,False,2178.2,3096.43,-918.23,0.587,17.9,18.2,19.3,NONE,True
SESS_2026091881,TRD_10181,INTERMEDIATE_1_2Y,116150,NIFTY,30,1,0.97,0,False,-3413.68,1619.89,-5033.57,0.3218,15.2,24.7,19.1,NONE,True
SESS_2026091882,TRD_10182,INTERMEDIATE_1_2Y,128606,NIFTY,44,1,1.05,0,False,-11672.63,2788.85,-14461.48,0.1928,9.6,19.8,24.4,NONE,True
SESS_2026091883,TRD_10183,INTERMEDIATE_1_2Y,149665,BANKNIFTY,19,0,1.02,0,False,-4682.01,1253.58,-5935.59,0.2112,13.9,21.4,7.8,NONE,True
SESS_2026091884,TRD_10184,NOVICE_UNDER_6M,39223,NIFTY,38,3,3.75,1,True,-8361.54,2635.15,-10996.69,0.2396,54.5,3.2,48.3,SL_DRAG_FRICTION_WARNING,True
SESS_2026091885,TRD_10185,INTERMEDIATE_1_2Y,138953,FINNIFTY,19,0,0.96,0,False,-1174.48,925.33,-2099.81,0.4407,12.2,16.5,10.0,NONE,True
SESS_2026091886,TRD_10186,NOVICE_UNDER_6M,25889,BANKNIFTY,50,5,3.26,1,False,-5899.42,2908.33,-8807.75,0.3302,25.2,2.5,48.4,SL_DRAG_FRICTION_WARNING,True
SESS_2026091887,TRD_10187,INTERMEDIATE_1_2Y,174955,FINNIFTY,16,0,0.97,0,False,-10181.56,1062.99,-11244.55,0.0945,17.7,21.2,11.3,NONE,True
SESS_2026091888,TRD_10188,EXPERIENCED_3Y_PLUS,968865,BANKNIFTY,14,0,1.16,0,False,-20233.72,908.05,-21141.77,0.043,17.9,26.6,9.6,NONE,True
SESS_2026091889,TRD_10189,INTERMEDIATE_1_2Y,274396,SENSEX,18,4,4.37,4,True,-71142.7,1111.39,-72254.09,0.0154,70.0,2.1,73.0,SL_DRAG_FRICTION_WARNING,True
SESS_2026091890,TRD_10190,NOVICE_UNDER_6M,53474,NIFTY,70,6,3.69,2,True,-13164.86,4489.35,-17654.21,0.2543,48.0,5.1,64.6,SL_DRAG_FRICTION_WARNING,True
SESS_2026091891,TRD_10191,NOVICE_UNDER_6M,42202,SENSEX,39,10,2.49,2,False,-7949.82,2403.35,-10353.17,0.2321,26.4,4.0,66.0,SL_DRAG_FRICTION_WARNING,True
SESS_2026091892,TRD_10192,EXPERIENCED_3Y_PLUS,765582,NIFTY,21,4,2.9,2,True,-155235.83,1111.38,-156347.21,0.0071,58.3,6.2,48.8,SL_DRAG_FRICTION_WARNING,True
SESS_2026091893,TRD_10193,INTERMEDIATE_1_2Y,80941,BANKNIFTY,30,0,0.96,0,True,1426.17,1467.14,-40.97,0.5071,6.9,22.0,15.2,0DTE_HERO_OR_ZERO_THETA_DECAY_WARNING,False
SESS_2026091894,TRD_10194,NOVICE_UNDER_6M,66154,MIDCPNIFTY,19,10,3.44,3,True,-10024.0,1211.21,-11235.21,0.1078,29.2,2.1,80.4,MANDATORY_COOLOFF_15MIN_LOCKOUT,True
SESS_2026091895,TRD_10195,NOVICE_UNDER_6M,48571,NIFTY,51,5,2.53,4,False,-10227.57,2496.42,-12723.99,0.1962,62.4,2.4,59.5,SL_DRAG_FRICTION_WARNING,True
SESS_2026091896,TRD_10196,INTERMEDIATE_1_2Y,100614,BANKNIFTY,42,6,3.78,2,True,-31306.98,2215.06,-33522.04,0.0661,69.4,7.0,62.1,SL_DRAG_FRICTION_WARNING,True
SESS_2026091897,TRD_10197,NOVICE_UNDER_6M,53727,BANKNIFTY,34,0,0.99,0,False,-277.13,2329.85,-2606.98,0.8937,6.7,19.5,17.9,NONE,True
SESS_2026091898,TRD_10198,INTERMEDIATE_1_2Y,260442,NIFTY,39,9,3.88,1,True,-17120.26,2156.03,-19276.29,0.1118,71.3,6.1,62.6,SL_DRAG_FRICTION_WARNING,True
SESS_2026091899,TRD_10199,NOVICE_UNDER_6M,68125,BANKNIFTY,37,0,0.96,0,True,-2502.18,1897.41,-4399.59,0.4313,12.4,31.6,22.6,0DTE_HERO_OR_ZERO_THETA_DECAY_WARNING,True
SESS_2026091900,TRD_10200,NOVICE_UNDER_6M,54783,FINNIFTY,48,1,1.05,0,False,-776.78,3001.19,-3777.97,0.7944,11.9,18.8,22.3,NONE,True
SESS_2026091901,TRD_10201,EXPERIENCED_3Y_PLUS,376293,MIDCPNIFTY,27,0,1.1,0,False,-24373.28,1711.64,-26084.92,0.0656,15.4,35.0,20.6,NONE,True
SESS_2026091902,TRD_10202,NOVICE_UNDER_6M,33358,MIDCPNIFTY,27,7,2.41,2,True,-3276.3,1416.23,-4692.53,0.3018,45.5,5.3,60.2,SL_DRAG_FRICTION_WARNING,False
SESS_2026091903,TRD_10203,NOVICE_UNDER_6M,42487,NIFTY,72,7,3.78,4,True,-7979.99,3568.33,-11548.32,0.309,56.6,3.4,85.7,MANDATORY_COOLOFF_15MIN_LOCKOUT,False
SESS_2026091904,TRD_10204,NOVICE_UNDER_6M,50434,NIFTY,39,0,1.04,0,False,861.92,2790.37,-1928.45,0.764,12.1,34.6,18.7,NONE,True
SESS_2026091905,TRD_10205,INTERMEDIATE_1_2Y,324274,BANKNIFTY,35,5,4.41,4,True,-44700.27,2395.46,-47095.73,0.0509,43.2,4.5,77.4,MANDATORY_COOLOFF_15MIN_LOCKOUT,True
SESS_2026091906,TRD_10206,NOVICE_UNDER_6M,52434,BANKNIFTY,18,5,3.83,2,True,-12617.94,1150.56,-13768.5,0.0836,37.9,6.4,64.8,SL_DRAG_FRICTION_WARNING,True
SESS_2026091907,TRD_10207,NOVICE_UNDER_6M,40289,BANKNIFTY,52,8,3.32,5,True,-7764.71,3051.46,-10816.17,0.2821,34.0,2.2,84.7,MANDATORY_COOLOFF_15MIN_LOCKOUT,False
SESS_2026091908,TRD_10208,NOVICE_UNDER_6M,63924,SENSEX,10,1,1.03,0,False,4239.67,504.07,3735.6,0.0,14.1,34.7,13.5,NONE,True
SESS_2026091909,TRD_10209,EXPERIENCED_3Y_PLUS,671281,BANKNIFTY,9,0,0.97,0,False,-48146.66,463.99,-48610.65,0.0095,13.9,15.2,10.5,NONE,True
SESS_2026091910,TRD_10210,NOVICE_UNDER_6M,36201,NIFTY,22,4,3.01,1,True,-10304.82,1056.68,-11361.5,0.093,75.0,5.0,51.3,SL_DRAG_FRICTION_WARNING,True
SESS_2026091911,TRD_10211,EXPERIENCED_3Y_PLUS,656247,NIFTY,22,0,1.11,0,False,53483.63,1464.83,52018.8,0.0,10.2,12.7,16.4,NONE,True
SESS_2026091912,TRD_10212,NOVICE_UNDER_6M,37069,NIFTY,64,0,0.98,0,False,-4888.56,4499.68,-9388.24,0.4793,13.1,33.2,20.6,NONE,True
SESS_2026091913,TRD_10213,INTERMEDIATE_1_2Y,283551,BANKNIFTY,23,0,1.08,0,False,1657.05,1574.02,83.03,0.0,8.9,14.9,18.2,NONE,True
SESS_2026091914,TRD_10214,EXPERIENCED_3Y_PLUS,296200,NIFTY,12,0,1.0,0,True,18167.23,723.04,17444.19,0.0,10.0,29.5,21.7,0DTE_HERO_OR_ZERO_THETA_DECAY_WARNING,True
SESS_2026091915,TRD_10215,NOVICE_UNDER_6M,46623,SENSEX,31,7,3.54,3,True,-5630.86,1654.11,-7284.97,0.2271,57.1,5.4,65.6,SL_DRAG_FRICTION_WARNING,True
SESS_2026091916,TRD_10216,EXPERIENCED_3Y_PLUS,936804,NIFTY,15,0,1.1,0,False,29876.08,755.04,29121.04,0.0,12.7,29.8,13.6,NONE,True
SESS_2026091917,TRD_10217,INTERMEDIATE_1_2Y,268994,NIFTY,26,0,1.15,0,False,-8249.7,1449.65,-9699.35,0.1495,12.9,19.3,10.2,NONE,True
SESS_2026091918,TRD_10218,EXPERIENCED_3Y_PLUS,576866,NIFTY,15,0,1.11,0,True,55766.37,720.24,55046.13,0.0,15.1,16.3,8.6,0DTE_HERO_OR_ZERO_THETA_DECAY_WARNING,True
SESS_2026091919,TRD_10219,EXPERIENCED_3Y_PLUS,338011,BANKNIFTY,12,1,0.92,0,True,-2987.48,643.26,-3630.74,0.1772,6.6,19.6,21.3,0DTE_HERO_OR_ZERO_THETA_DECAY_WARNING,False
SESS_2026091920,TRD_10220,INTERMEDIATE_1_2Y,141713,NIFTY,45,5,3.21,1,True,-30812.86,2755.98,-33568.84,0.0821,58.2,2.3,57.8,SL_DRAG_FRICTION_WARNING,True
SESS_2026091921,TRD_10221,INTERMEDIATE_1_2Y,127164,BANKNIFTY,27,0,1.09,0,False,7354.45,1619.29,5735.16,0.0,9.5,18.9,16.3,NONE,True
SESS_2026091922,TRD_10222,NOVICE_UNDER_6M,66206,BANKNIFTY,28,0,1.06,0,False,-3067.21,1486.86,-4554.07,0.3265,8.9,15.2,8.5,NONE,True
SESS_2026091923,TRD_10223,ALGO_SEMI_AUTOMATED,1192341,BANKNIFTY,69,0,1.12,0,False,-97686.7,4197.26,-101883.96,0.0412,17.3,21.2,22.4,NONE,True
SESS_2026091924,TRD_10224,INTERMEDIATE_1_2Y,132646,NIFTY,21,0,1.03,0,False,-8833.63,1090.93,-9924.56,0.1099,12.8,20.7,10.0,NONE,True
SESS_2026091925,TRD_10225,NOVICE_UNDER_6M,57685,NIFTY,25,8,3.63,2,True,-11909.24,1752.97,-13662.21,0.1283,36.1,2.4,67.4,SL_DRAG_FRICTION_WARNING,True
SESS_2026091926,TRD_10226,INTERMEDIATE_1_2Y,144316,FINNIFTY,12,8,3.49,2,False,-35819.96,604.57,-36424.53,0.0166,59.5,5.0,56.9,SL_DRAG_FRICTION_WARNING,True
SESS_2026091927,TRD_10227,INTERMEDIATE_1_2Y,102454,NIFTY,22,0,1.19,0,False,-1842.12,1374.98,-3217.1,0.4274,8.9,16.1,15.8,NONE,True
SESS_2026091928,TRD_10228,NOVICE_UNDER_6M,46790,BANKNIFTY,69,4,2.55,2,True,-10186.68,4140.18,-14326.86,0.289,35.8,6.2,55.9,SL_DRAG_FRICTION_WARNING,False
SESS_2026091929,TRD_10229,NOVICE_UNDER_6M,23374,SENSEX,22,7,2.27,3,True,-5558.51,1313.25,-6871.76,0.1911,35.6,5.1,64.7,SL_DRAG_FRICTION_WARNING,True
SESS_2026091930,TRD_10230,EXPERIENCED_3Y_PLUS,228355,BANKNIFTY,18,0,1.04,0,False,9814.91,1156.47,8658.44,0.0,8.2,19.8,11.4,NONE,True
SESS_2026091931,TRD_10231,NOVICE_UNDER_6M,56631,NIFTY,29,0,1.12,0,False,-2907.32,1590.82,-4498.14,0.3537,13.5,32.7,13.9,NONE,True
SESS_2026091932,TRD_10232,NOVICE_UNDER_6M,58488,NIFTY,45,0,1.12,0,True,-457.75,3004.39,-3462.14,0.8678,10.6,26.4,24.4,0DTE_HERO_OR_ZERO_THETA_DECAY_WARNING,True
SESS_2026091933,TRD_10233,NOVICE_UNDER_6M,45740,BANKNIFTY,27,2,3.78,3,False,-8827.6,1363.66,-10191.26,0.1338,42.6,5.4,50.4,MARTINGALE_LOT_SIZE_OVERRIDE_ALERT,True
SESS_2026091934,TRD_10234,INTERMEDIATE_1_2Y,155433,NIFTY,27,1,1.02,0,False,8401.98,1339.35,7062.63,0.0,13.9,26.9,20.9,NONE,True
SESS_2026091935,TRD_10235,NOVICE_UNDER_6M,49388,NIFTY,51,1,1.07,0,False,-4905.15,2609.62,-7514.77,0.3473,6.9,28.6,23.5,NONE,True
SESS_2026091936,TRD_10236,NOVICE_UNDER_6M,30191,SENSEX,20,6,4.35,1,True,-8283.36,1025.03,-9308.39,0.1101,48.9,4.1,61.7,SL_DRAG_FRICTION_WARNING,True
SESS_2026091937,TRD_10237,NOVICE_UNDER_6M,50506,BANKNIFTY,17,8,3.33,2,True,-18293.37,932.72,-19226.09,0.0485,45.7,6.6,66.4,SL_DRAG_FRICTION_WARNING,True
SESS_2026091938,TRD_10238,NOVICE_UNDER_6M,41618,SENSEX,13,7,3.23,2,False,-5375.11,670.33,-6045.44,0.1109,53.5,4.7,53.6,SL_DRAG_FRICTION_WARNING,True
SESS_2026091939,TRD_10239,INTERMEDIATE_1_2Y,123982,NIFTY,23,1,1.03,0,False,605.6,1246.34,-640.74,0.673,17.7,29.4,20.9,NONE,True
SESS_2026091940,TRD_10240,INTERMEDIATE_1_2Y,162573,BANKNIFTY,29,1,1.03,0,False,-8943.85,1756.56,-10700.41,0.1642,16.6,19.8,18.5,NONE,True
SESS_2026091941,TRD_10241,ALGO_SEMI_AUTOMATED,1193458,NIFTY,105,0,0.98,0,False,102502.32,7249.6,95252.72,0.0,9.5,21.9,22.3,NONE,True
SESS_2026091942,TRD_10242,EXPERIENCED_3Y_PLUS,1091289,FINNIFTY,13,1,0.99,0,False,73521.2,701.66,72819.54,0.0,17.3,17.1,15.9,NONE,True
SESS_2026091943,TRD_10243,EXPERIENCED_3Y_PLUS,611139,BANKNIFTY,27,1,1.25,0,False,-8960.38,1402.72,-10363.1,0.1354,11.3,18.8,17.0,NONE,True
SESS_2026091944,TRD_10244,INTERMEDIATE_1_2Y,236757,BANKNIFTY,30,0,0.93,0,False,-3973.65,1533.32,-5506.97,0.2784,7.7,12.1,11.2,NONE,True
SESS_2026091945,TRD_10245,INTERMEDIATE_1_2Y,170652,BANKNIFTY,23,8,2.29,2,True,-40479.6,1433.7,-41913.3,0.0342,47.4,4.1,55.5,SL_DRAG_FRICTION_WARNING,True
SESS_2026091946,TRD_10246,INTERMEDIATE_1_2Y,133322,BANKNIFTY,10,0,1.0,0,False,1682.89,552.28,1130.61,0.0,16.4,13.7,13.0,NONE,True
SESS_2026091947,TRD_10247,INTERMEDIATE_1_2Y,267364,SENSEX,18,0,1.19,0,False,21934.36,1152.63,20781.73,0.0,17.8,27.9,9.1,NONE,True
SESS_2026091948,TRD_10248,NOVICE_UNDER_6M,54859,SENSEX,27,6,3.42,4,True,-10602.97,1329.66,-11932.63,0.1114,30.8,4.6,73.2,SL_DRAG_FRICTION_WARNING,True
SESS_2026091949,TRD_10249,INTERMEDIATE_1_2Y,103038,SENSEX,21,0,1.14,0,False,3889.86,1474.94,2414.92,0.0,13.7,32.3,13.6,NONE,True
SESS_2026091950,TRD_10250,NOVICE_UNDER_6M,54846,NIFTY,27,9,3.28,3,True,-16883.05,1387.12,-18270.17,0.0759,44.8,4.0,78.6,MANDATORY_COOLOFF_15MIN_LOCKOUT,True
SESS_2026091951,TRD_10251,EXPERIENCED_3Y_PLUS,479606,NIFTY,8,0,0.93,0,False,16182.99,440.1,15742.89,0.0,6.6,32.4,5.0,NONE,True
SESS_2026091952,TRD_10252,EXPERIENCED_3Y_PLUS,1173714,BANKNIFTY,9,0,0.99,0,False,14984.29,436.96,14547.33,0.0,11.1,22.4,9.7,NONE,True
SESS_2026091953,TRD_10253,INTERMEDIATE_1_2Y,310435,NIFTY,29,0,1.11,0,False,-14211.36,2030.48,-16241.84,0.125,16.2,26.7,13.0,NONE,True
SESS_2026091954,TRD_10254,INTERMEDIATE_1_2Y,263138,NIFTY,44,0,1.07,0,False,19817.25,2232.09,17585.16,0.0,11.0,25.1,19.5,NONE,True
SESS_2026091955,TRD_10255,NOVICE_UNDER_6M,43545,NIFTY,54,0,1.03,0,False,-4021.8,3757.0,-7778.8,0.483,17.6,32.1,23.2,NONE,True
SESS_2026091956,TRD_10256,NOVICE_UNDER_6M,40920,MIDCPNIFTY,20,9,3.72,4,True,-4392.12,1312.2,-5704.32,0.23,52.0,2.2,73.3,SL_DRAG_FRICTION_WARNING,True
SESS_2026091957,TRD_10257,ALGO_SEMI_AUTOMATED,1207316,NIFTY,82,0,1.0,0,True,-35301.72,5288.22,-40589.94,0.1303,10.9,32.6,24.3,0DTE_HERO_OR_ZERO_THETA_DECAY_WARNING,False
SESS_2026091958,TRD_10258,INTERMEDIATE_1_2Y,113321,NIFTY,32,6,2.79,2,True,-23774.86,1545.23,-25320.09,0.061,50.3,3.0,61.3,SL_DRAG_FRICTION_WARNING,True
SESS_2026091959,TRD_10259,INTERMEDIATE_1_2Y,127393,SENSEX,15,1,1.07,0,True,-8728.54,886.53,-9615.07,0.0922,17.5,26.0,16.8,0DTE_HERO_OR_ZERO_THETA_DECAY_WARNING,False
SESS_2026091960,TRD_10260,EXPERIENCED_3Y_PLUS,400139,BANKNIFTY,26,0,1.05,0,True,44411.48,1512.76,42898.72,0.0,7.1,20.4,21.8,0DTE_HERO_OR_ZERO_THETA_DECAY_WARNING,True
SESS_2026091961,TRD_10261,INTERMEDIATE_1_2Y,177500,NIFTY,27,1,1.02,0,False,-11927.01,1338.56,-13265.57,0.1009,12.3,27.3,7.2,NONE,True
SESS_2026091962,TRD_10262,ALGO_SEMI_AUTOMATED,2234515,NIFTY,89,0,1.24,0,False,59516.27,4415.06,55101.21,0.0,10.5,17.9,21.9,NONE,True
SESS_2026091963,TRD_10263,INTERMEDIATE_1_2Y,207471,BANKNIFTY,29,10,4.73,3,True,-68251.57,1670.53,-69922.1,0.0239,63.1,2.8,87.9,MANDATORY_COOLOFF_15MIN_LOCKOUT,True
SESS_2026091964,TRD_10264,INTERMEDIATE_1_2Y,158429,NIFTY,38,0,0.95,0,False,-2271.87,2266.21,-4538.08,0.4994,15.8,33.4,16.4,NONE,True
SESS_2026091965,TRD_10265,EXPERIENCED_3Y_PLUS,1096842,NIFTY,10,6,2.76,4,True,-237419.9,674.67,-238094.57,0.0028,48.9,3.9,61.6,SL_DRAG_FRICTION_WARNING,True
SESS_2026091966,TRD_10266,INTERMEDIATE_1_2Y,132857,NIFTY,32,0,0.98,0,True,-1934.21,2279.64,-4213.85,0.541,12.2,33.7,24.2,0DTE_HERO_OR_ZERO_THETA_DECAY_WARNING,False
SESS_2026091967,TRD_10267,NOVICE_UNDER_6M,68904,BANKNIFTY,11,1,0.97,0,False,5075.21,674.67,4400.54,0.0,6.1,22.5,12.2,NONE,True
SESS_2026091968,TRD_10268,NOVICE_UNDER_6M,55536,NIFTY,22,5,3.23,3,False,-15881.09,1224.45,-17105.54,0.0716,31.0,5.8,54.2,SL_DRAG_FRICTION_WARNING,True
SESS_2026091969,TRD_10269,NOVICE_UNDER_6M,44184,BANKNIFTY,9,0,1.04,0,True,1907.44,492.19,1415.25,0.0,6.9,31.0,10.8,0DTE_HERO_OR_ZERO_THETA_DECAY_WARNING,True
SESS_2026091970,TRD_10270,INTERMEDIATE_1_2Y,200281,SENSEX,27,0,1.02,0,False,-2210.78,1600.33,-3811.11,0.4199,16.2,27.9,14.2,NONE,True
SESS_2026091971,TRD_10271,NOVICE_UNDER_6M,58687,NIFTY,57,1,0.97,0,False,-1126.96,3788.9,-4915.86,0.7708,13.3,20.0,16.9,NONE,True
SESS_2026091972,TRD_10272,NOVICE_UNDER_6M,44699,NIFTY,15,1,1.06,0,False,-5481.32,976.82,-6458.14,0.1513,9.5,18.1,18.4,NONE,True
SESS_2026091973,TRD_10273,INTERMEDIATE_1_2Y,244805,BANKNIFTY,49,1,1.1,0,False,31051.97,2566.38,28485.59,0.0,15.4,26.4,29.2,NONE,True
SESS_2026091974,TRD_10274,NOVICE_UNDER_6M,61543,NIFTY,38,0,1.26,0,False,-2432.23,2436.65,-4868.88,0.5005,11.5,20.3,13.1,NONE,True
SESS_2026091975,TRD_10275,NOVICE_UNDER_6M,42402,SENSEX,49,0,1.19,0,False,-4049.29,3185.59,-7234.88,0.4403,14.9,14.2,23.4,NONE,True
SESS_2026091976,TRD_10276,ALGO_SEMI_AUTOMATED,2361945,NIFTY,67,2,3.14,3,True,-303144.99,4177.38,-307322.37,0.0136,58.5,6.2,67.1,MARTINGALE_LOT_SIZE_OVERRIDE_ALERT,True
SESS_2026091977,TRD_10277,NOVICE_UNDER_6M,41862,SENSEX,35,0,1.05,0,True,-774.98,2158.91,-2933.89,0.7359,8.2,18.5,15.2,0DTE_HERO_OR_ZERO_THETA_DECAY_WARNING,False
SESS_2026091978,TRD_10278,EXPERIENCED_3Y_PLUS,605419,BANKNIFTY,30,1,1.26,0,False,41593.24,1456.52,40136.72,0.0,9.4,31.1,21.0,NONE,True
SESS_2026091979,TRD_10279,NOVICE_UNDER_6M,69723,NIFTY,43,1,1.04,0,True,384.71,2336.31,-1951.6,0.8586,12.2,19.1,33.6,0DTE_HERO_OR_ZERO_THETA_DECAY_WARNING,False
SESS_2026091980,TRD_10280,INTERMEDIATE_1_2Y,267618,NIFTY,55,0,1.01,0,True,8994.57,2826.45,6168.12,0.0,6.4,32.3,20.9,0DTE_HERO_OR_ZERO_THETA_DECAY_WARNING,True
SESS_2026091981,TRD_10281,NOVICE_UNDER_6M,53537,BANKNIFTY,30,3,2.13,3,True,-18595.87,2127.14,-20723.01,0.1026,66.2,4.5,48.4,SL_DRAG_FRICTION_WARNING,True
SESS_2026091982,TRD_10282,NOVICE_UNDER_6M,29248,SENSEX,41,0,1.01,0,False,502.15,2718.43,-2216.28,0.8441,13.9,17.0,22.4,NONE,True
SESS_2026091983,TRD_10283,NOVICE_UNDER_6M,31580,NIFTY,16,0,1.06,0,False,69.61,1047.21,-977.6,0.9377,8.8,24.7,7.6,NONE,True
SESS_2026091984,TRD_10284,INTERMEDIATE_1_2Y,235363,NIFTY,22,0,0.98,0,False,29095.78,1090.04,28005.74,0.0,17.4,19.7,5.0,NONE,True
SESS_2026091985,TRD_10285,ALGO_SEMI_AUTOMATED,1952141,BANKNIFTY,81,0,0.94,0,False,-29006.52,4359.31,-33365.83,0.1307,8.6,22.2,19.3,NONE,True
SESS_2026091986,TRD_10286,NOVICE_UNDER_6M,45024,BANKNIFTY,23,0,1.06,0,False,1117.98,1390.99,-273.01,0.5544,7.7,15.2,7.3,NONE,True
SESS_2026091987,TRD_10287,NOVICE_UNDER_6M,57598,FINNIFTY,28,7,2.87,2,True,-21177.9,1900.56,-23078.46,0.0824,42.4,5.6,67.8,SL_DRAG_FRICTION_WARNING,False
SESS_2026091988,TRD_10288,NOVICE_UNDER_6M,27382,BANKNIFTY,29,4,3.87,2,False,-5858.67,1822.64,-7681.31,0.2373,46.6,6.6,53.9,SL_DRAG_FRICTION_WARNING,True
SESS_2026091989,TRD_10289,NOVICE_UNDER_6M,74863,BANKNIFTY,46,5,2.82,5,False,-13915.66,2655.71,-16571.37,0.1603,42.8,2.1,65.6,SL_DRAG_FRICTION_WARNING,True
SESS_2026091990,TRD_10290,EXPERIENCED_3Y_PLUS,676967,SENSEX,25,1,1.03,0,False,86292.86,1445.5,84847.36,0.0,13.9,24.5,16.3,NONE,True
SESS_2026091991,TRD_10291,NOVICE_UNDER_6M,65953,NIFTY,42,7,3.13,3,True,-14281.45,2201.55,-16483.0,0.1336,48.0,4.0,74.3,SL_DRAG_FRICTION_WARNING,True
SESS_2026091992,TRD_10292,EXPERIENCED_3Y_PLUS,649711,FINNIFTY,23,0,1.04,0,False,-20755.81,1207.37,-21963.18,0.055,17.4,34.8,17.1,NONE,True
SESS_2026091993,TRD_10293,NOVICE_UNDER_6M,64939,BANKNIFTY,36,1,1.01,0,False,-5358.17,2007.47,-7365.64,0.2725,15.7,25.0,16.2,NONE,True
SESS_2026091994,TRD_10294,NOVICE_UNDER_6M,51843,SENSEX,34,5,3.49,2,True,-11593.12,2415.03,-14008.15,0.1724,52.5,2.9,57.4,SL_DRAG_FRICTION_WARNING,False
SESS_2026091995,TRD_10295,NOVICE_UNDER_6M,66914,NIFTY,61,8,2.5,4,True,-14765.88,4323.77,-19089.65,0.2265,49.1,4.9,76.9,MANDATORY_COOLOFF_15MIN_LOCKOUT,True
SESS_2026091996,TRD_10296,INTERMEDIATE_1_2Y,295698,NIFTY,43,0,1.15,0,False,22983.22,2382.24,20600.98,0.0,11.3,26.9,17.7,NONE,True
SESS_2026091997,TRD_10297,INTERMEDIATE_1_2Y,194928,BANKNIFTY,38,6,2.88,3,True,-30377.11,2272.04,-32649.15,0.0696,51.1,4.2,65.2,SL_DRAG_FRICTION_WARNING,True
SESS_2026091998,TRD_10298,NOVICE_UNDER_6M,76009,NIFTY,40,0,1.08,0,True,-2222.96,1932.67,-4155.63,0.4651,7.2,32.2,20.4,0DTE_HERO_OR_ZERO_THETA_DECAY_WARNING,False
SESS_2026091999,TRD_10299,INTERMEDIATE_1_2Y,163037,NIFTY,18,0,1.03,0,False,-10861.76,1231.62,-12093.38,0.1018,10.1,34.9,9.0,NONE,True
SESS_2026092000,TRD_10300,INTERMEDIATE_1_2Y,147903,SENSEX,19,6,3.11,4,True,-60241.75,974.06,-61215.81,0.0159,72.6,5.2,66.4,SL_DRAG_FRICTION_WARNING,True
SESS_2026092001,TRD_10301,INTERMEDIATE_1_2Y,208686,NIFTY,16,1,1.02,0,False,33460.23,1035.76,32424.47,0.0,15.5,26.6,15.8,NONE,True
SESS_2026092002,TRD_10302,NOVICE_UNDER_6M,42134,NIFTY,55,0,1.01,0,False,-744.31,3665.6,-4409.91,0.8312,17.5,20.5,19.7,NONE,True
SESS_2026092003,TRD_10303,NOVICE_UNDER_6M,43888,BANKNIFTY,57,0,1.09,0,False,1982.37,3119.98,-1137.61,0.6115,10.5,17.9,21.9,NONE,True
SESS_2026092004,TRD_10304,INTERMEDIATE_1_2Y,195782,NIFTY,45,1,1.02,0,False,-8387.58,2374.16,-10761.74,0.2206,8.4,29.2,19.2,NONE,True
SESS_2026092005,TRD_10305,NOVICE_UNDER_6M,38519,NIFTY,61,6,3.19,1,True,-10021.98,3366.78,-13388.76,0.2515,49.7,4.2,67.8,SL_DRAG_FRICTION_WARNING,True
SESS_2026092006,TRD_10306,INTERMEDIATE_1_2Y,106915,NIFTY,43,1,1.02,0,False,-4097.08,2228.16,-6325.24,0.3523,17.1,32.7,23.1,NONE,True
SESS_2026092007,TRD_10307,INTERMEDIATE_1_2Y,233761,NIFTY,29,0,1.01,0,False,8667.62,1995.1,6672.52,0.0,14.7,34.9,11.9,NONE,True
SESS_2026092008,TRD_10308,EXPERIENCED_3Y_PLUS,311143,SENSEX,5,0,1.01,0,True,-19722.34,272.3,-19994.64,0.0136,17.9,12.7,7.8,0DTE_HERO_OR_ZERO_THETA_DECAY_WARNING,True
SESS_2026092009,TRD_10309,NOVICE_UNDER_6M,46259,NIFTY,27,0,1.07,0,False,-160.18,1387.94,-1548.12,0.8965,11.4,33.0,15.5,NONE,True
SESS_2026092010,TRD_10310,NOVICE_UNDER_6M,72346,NIFTY,28,0,1.1,0,False,-8318.79,1627.39,-9946.18,0.1636,6.1,24.9,9.1,NONE,True
SESS_2026092011,TRD_10311,INTERMEDIATE_1_2Y,98049,SENSEX,11,7,1.95,5,True,-27519.61,618.66,-28138.27,0.022,34.2,4.8,68.4,SL_DRAG_FRICTION_WARNING,False
SESS_2026092012,TRD_10312,INTERMEDIATE_1_2Y,104080,SENSEX,26,7,3.63,2,True,-18543.55,1365.37,-19908.92,0.0686,49.6,6.3,66.1,SL_DRAG_FRICTION_WARNING,True
SESS_2026092013,TRD_10313,NOVICE_UNDER_6M,34606,NIFTY,42,0,1.27,0,False,2427.08,2166.18,260.9,0.0,10.3,32.4,14.0,NONE,True
SESS_2026092014,TRD_10314,INTERMEDIATE_1_2Y,152402,NIFTY,34,0,0.97,0,True,-9012.98,2215.37,-11228.35,0.1973,10.4,17.1,18.6,0DTE_HERO_OR_ZERO_THETA_DECAY_WARNING,False
SESS_2026092015,TRD_10315,INTERMEDIATE_1_2Y,123965,NIFTY,37,0,1.08,0,False,13485.62,2081.49,11404.13,0.0,6.9,27.3,19.2,NONE,True
SESS_2026092016,TRD_10316,NOVICE_UNDER_6M,43156,MIDCPNIFTY,47,5,2.17,3,True,-10980.2,2481.37,-13461.57,0.1843,34.3,6.2,56.2,SL_DRAG_FRICTION_WARNING,False
SESS_2026092017,TRD_10317,NOVICE_UNDER_6M,34511,MIDCPNIFTY,18,5,4.54,3,False,-10219.94,907.85,-11127.79,0.0816,62.4,5.8,65.0,SL_DRAG_FRICTION_WARNING,True
SESS_2026092018,TRD_10318,ALGO_SEMI_AUTOMATED,724294,SENSEX,57,1,1.03,0,True,8500.51,2850.69,5649.82,0.0,13.5,13.4,30.2,0DTE_HERO_OR_ZERO_THETA_DECAY_WARNING,False
SESS_2026092019,TRD_10319,INTERMEDIATE_1_2Y,120230,BANKNIFTY,32,3,3.79,4,True,-25451.22,1989.25,-27440.47,0.0725,26.6,3.6,64.8,SL_DRAG_FRICTION_WARNING,True
SESS_2026092020,TRD_10320,EXPERIENCED_3Y_PLUS,1017460,NIFTY,27,1,1.04,0,False,55245.51,1477.7,53767.81,0.0,7.2,16.0,17.3,NONE,True
SESS_2026092021,TRD_10321,INTERMEDIATE_1_2Y,275590,BANKNIFTY,28,6,4.07,1,True,-58785.25,1506.82,-60292.07,0.025,32.6,2.7,66.5,SL_DRAG_FRICTION_WARNING,True
SESS_2026092022,TRD_10322,NOVICE_UNDER_6M,28324,BANKNIFTY,43,0,0.97,0,False,-339.36,2545.49,-2884.85,0.8824,11.7,29.6,16.5,NONE,True
SESS_2026092023,TRD_10323,NOVICE_UNDER_6M,55679,BANKNIFTY,27,4,2.88,4,True,-16632.86,1868.14,-18501.0,0.101,60.4,5.2,61.1,SL_DRAG_FRICTION_WARNING,True
SESS_2026092024,TRD_10324,EXPERIENCED_3Y_PLUS,1168272,NIFTY,7,7,2.64,5,True,-325052.24,404.54,-325456.78,0.0012,30.9,5.2,62.0,SL_DRAG_FRICTION_WARNING,True
SESS_2026092025,TRD_10325,EXPERIENCED_3Y_PLUS,668140,BANKNIFTY,9,0,1.15,0,False,-54002.41,524.31,-54526.72,0.0096,8.6,15.7,8.7,NONE,True
SESS_2026092026,TRD_10326,EXPERIENCED_3Y_PLUS,860391,BANKNIFTY,7,6,2.81,3,True,-190632.79,348.69,-190981.48,0.0018,54.7,3.2,55.3,SL_DRAG_FRICTION_WARNING,True
SESS_2026092027,TRD_10327,INTERMEDIATE_1_2Y,226238,NIFTY,15,4,3.33,2,True,-48863.14,942.75,-49805.89,0.0189,57.2,3.7,54.3,SL_DRAG_FRICTION_WARNING,True
SESS_2026092028,TRD_10328,EXPERIENCED_3Y_PLUS,597286,NIFTY,10,0,0.95,0,False,16240.65,658.18,15582.47,0.0,8.1,15.0,5.0,NONE,True
SESS_2026092029,TRD_10329,EXPERIENCED_3Y_PLUS,739366,MIDCPNIFTY,6,0,1.09,0,False,-14074.9,397.62,-14472.52,0.0275,8.0,19.3,8.5,NONE,True
SESS_2026092030,TRD_10330,NOVICE_UNDER_6M,28417,NIFTY,41,2,3.88,3,True,-7703.1,2583.43,-10286.53,0.2511,59.2,4.3,56.9,MARTINGALE_LOT_SIZE_OVERRIDE_ALERT,True
SESS_2026092031,TRD_10331,INTERMEDIATE_1_2Y,150634,NIFTY,28,9,4.01,3,True,-42200.29,1507.76,-43708.05,0.0345,28.6,6.4,76.3,MANDATORY_COOLOFF_15MIN_LOCKOUT,True
SESS_2026092032,TRD_10332,EXPERIENCED_3Y_PLUS,353106,NIFTY,16,2,2.83,3,True,-61723.61,1052.25,-62775.86,0.0168,64.8,2.9,48.3,MARTINGALE_LOT_SIZE_OVERRIDE_ALERT,False
SESS_2026092033,TRD_10333,NOVICE_UNDER_6M,44085,MIDCPNIFTY,20,1,0.99,0,False,1405.25,1001.26,403.99,0.0,8.9,25.0,13.1,NONE,True
SESS_2026092034,TRD_10334,INTERMEDIATE_1_2Y,284811,SENSEX,27,5,2.04,3,True,-68180.53,1325.92,-69506.45,0.0191,40.3,4.4,55.4,SL_DRAG_FRICTION_WARNING,True
SESS_2026092035,TRD_10335,NOVICE_UNDER_6M,55633,BANKNIFTY,48,0,1.04,0,False,3531.39,3219.21,312.18,0.0,9.2,20.4,19.5,NONE,True
SESS_2026092036,TRD_10336,INTERMEDIATE_1_2Y,199398,BANKNIFTY,41,4,3.23,2,True,-35786.91,2580.26,-38367.17,0.0673,30.5,5.9,58.8,SL_DRAG_FRICTION_WARNING,True
SESS_2026092037,TRD_10337,INTERMEDIATE_1_2Y,140410,BANKNIFTY,31,5,3.03,4,True,-42480.75,1819.93,-44300.68,0.0411,47.7,4.5,63.6,SL_DRAG_FRICTION_WARNING,True
SESS_2026092038,TRD_10338,NOVICE_UNDER_6M,33209,NIFTY,47,5,2.6,2,True,-8559.74,3191.32,-11751.06,0.2716,45.0,2.7,60.8,SL_DRAG_FRICTION_WARNING,True
SESS_2026092039,TRD_10339,INTERMEDIATE_1_2Y,73031,NIFTY,23,3,3.38,4,True,-23842.23,1181.16,-25023.39,0.0472,39.3,7.0,60.2,SL_DRAG_FRICTION_WARNING,True
SESS_2026092040,TRD_10340,INTERMEDIATE_1_2Y,279334,NIFTY,37,5,2.36,2,True,-87358.21,1969.95,-89328.16,0.0221,44.1,4.5,51.7,SL_DRAG_FRICTION_WARNING,True
SESS_2026092041,TRD_10341,INTERMEDIATE_1_2Y,156450,BANKNIFTY,38,0,1.09,0,True,-12589.33,2185.87,-14775.2,0.1479,8.2,23.8,27.2,0DTE_HERO_OR_ZERO_THETA_DECAY_WARNING,True
SESS_2026092042,TRD_10342,NOVICE_UNDER_6M,45145,NIFTY,56,5,4.05,2,True,-10531.46,3337.2,-13868.66,0.2406,73.8,3.9,73.2,SL_DRAG_FRICTION_WARNING,True
SESS_2026092043,TRD_10343,NOVICE_UNDER_6M,70983,BANKNIFTY,10,4,3.65,4,True,-25900.15,562.68,-26462.83,0.0213,61.4,5.5,63.5,SL_DRAG_FRICTION_WARNING,False
SESS_2026092044,TRD_10344,EXPERIENCED_3Y_PLUS,926297,NIFTY,9,0,1.1,0,False,15910.43,492.51,15417.92,0.0,17.2,20.8,12.6,NONE,True
SESS_2026092045,TRD_10345,INTERMEDIATE_1_2Y,142686,NIFTY,48,3,3.38,1,True,-45216.28,2404.81,-47621.09,0.0505,39.0,2.6,53.9,SL_DRAG_FRICTION_WARNING,True
SESS_2026092046,TRD_10346,INTERMEDIATE_1_2Y,205293,FINNIFTY,38,0,1.16,0,False,9502.13,2586.9,6915.23,0.0,14.1,24.1,15.0,NONE,True
SESS_2026092047,TRD_10347,NOVICE_UNDER_6M,50179,BANKNIFTY,56,1,1.09,0,True,-4135.8,2854.98,-6990.78,0.4084,7.9,32.0,28.8,0DTE_HERO_OR_ZERO_THETA_DECAY_WARNING,True
SESS_2026092048,TRD_10348,NOVICE_UNDER_6M,62470,NIFTY,49,0,1.06,0,True,10098.58,3400.27,6698.31,0.0,13.4,27.2,26.1,0DTE_HERO_OR_ZERO_THETA_DECAY_WARNING,True
SESS_2026092049,TRD_10349,NOVICE_UNDER_6M,59546,NIFTY,53,0,1.03,0,False,-5148.18,3302.59,-8450.77,0.3908,17.9,16.6,20.5,NONE,True
SESS_2026092050,TRD_10350,INTERMEDIATE_1_2Y,313858,BANKNIFTY,23,8,3.79,3,True,-96796.08,1608.45,-98404.53,0.0163,54.8,5.0,70.8,SL_DRAG_FRICTION_WARNING,False
SESS_2026092051,TRD_10351,INTERMEDIATE_1_2Y,116606,NIFTY,42,0,1.03,0,False,6424.18,2664.15,3760.03,0.0,8.0,13.1,17.6,NONE,True
SESS_2026092052,TRD_10352,NOVICE_UNDER_6M,24410,BANKNIFTY,18,0,0.99,0,False,1606.72,1162.53,444.19,0.0,8.1,20.9,9.9,NONE,True
SESS_2026092053,TRD_10353,ALGO_SEMI_AUTOMATED,2145075,NIFTY,40,0,1.0,0,True,38474.9,1974.03,36500.87,0.0,16.2,19.1,22.8,0DTE_HERO_OR_ZERO_THETA_DECAY_WARNING,True
SESS_2026092054,TRD_10354,EXPERIENCED_3Y_PLUS,452395,BANKNIFTY,13,0,1.06,0,False,39137.45,836.19,38301.26,0.0,11.1,34.3,14.5,NONE,True
SESS_2026092055,TRD_10355,INTERMEDIATE_1_2Y,241970,BANKNIFTY,17,0,1.08,0,False,23123.42,859.18,22264.24,0.0,16.9,29.9,9.6,NONE,True
SESS_2026092056,TRD_10356,NOVICE_UNDER_6M,59957,NIFTY,17,0,1.01,0,False,8694.64,1203.06,7491.58,0.0,6.8,29.0,11.2,NONE,True
SESS_2026092057,TRD_10357,INTERMEDIATE_1_2Y,150117,NIFTY,18,0,1.11,0,False,-2971.97,1110.87,-4082.84,0.2721,6.4,28.0,16.4,NONE,True
SESS_2026092058,TRD_10358,EXPERIENCED_3Y_PLUS,519926,BANKNIFTY,11,0,1.01,0,True,9437.51,530.29,8907.22,0.0,10.7,29.8,15.4,0DTE_HERO_OR_ZERO_THETA_DECAY_WARNING,True
SESS_2026092059,TRD_10359,NOVICE_UNDER_6M,53337,BANKNIFTY,29,0,1.1,0,False,3295.41,1766.71,1528.7,0.0,13.9,20.3,11.0,NONE,True
SESS_2026092060,TRD_10360,NOVICE_UNDER_6M,34262,BANKNIFTY,27,0,1.11,0,False,-1071.22,1908.82,-2980.04,0.6405,13.6,32.5,17.8,NONE,True
SESS_2026092061,TRD_10361,INTERMEDIATE_1_2Y,165791,FINNIFTY,13,10,3.25,4,True,-39808.95,694.63,-40503.58,0.0171,48.9,2.7,74.4,SL_DRAG_FRICTION_WARNING,True
SESS_2026092062,TRD_10362,INTERMEDIATE_1_2Y,65339,BANKNIFTY,47,7,3.57,3,False,-9180.03,3202.94,-12382.97,0.2587,29.7,5.1,70.1,SL_DRAG_FRICTION_WARNING,True
SESS_2026092063,TRD_10363,INTERMEDIATE_1_2Y,272237,FINNIFTY,18,5,4.25,1,True,-79723.06,992.1,-80715.16,0.0123,57.4,3.6,63.1,SL_DRAG_FRICTION_WARNING,False
SESS_2026092064,TRD_10364,NOVICE_UNDER_6M,63644,NIFTY,27,0,0.98,0,False,-8418.55,1685.4,-10103.95,0.1668,15.7,29.3,10.6,NONE,True
SESS_2026092065,TRD_10365,NOVICE_UNDER_6M,65111,NIFTY,19,1,1.1,0,False,1309.84,1174.64,135.2,0.0,11.0,18.3,16.2,NONE,True
SESS_2026092066,TRD_10366,INTERMEDIATE_1_2Y,96519,BANKNIFTY,27,6,3.7,4,True,-32707.5,1839.52,-34547.02,0.0532,41.0,6.2,78.0,MANDATORY_COOLOFF_15MIN_LOCKOUT,True
SESS_2026092067,TRD_10367,INTERMEDIATE_1_2Y,165857,NIFTY,41,0,1.1,0,False,-5497.16,2282.41,-7779.57,0.2934,6.8,26.8,17.6,NONE,True
SESS_2026092068,TRD_10368,INTERMEDIATE_1_2Y,125132,NIFTY,37,0,0.94,0,False,-2759.34,2293.78,-5053.12,0.4539,8.9,20.8,19.2,NONE,True
SESS_2026092069,TRD_10369,INTERMEDIATE_1_2Y,110321,BANKNIFTY,18,4,3.11,3,True,-18934.63,946.89,-19881.52,0.0476,28.3,6.1,54.8,SL_DRAG_FRICTION_WARNING,True
SESS_2026092070,TRD_10370,NOVICE_UNDER_6M,61429,NIFTY,49,0,0.97,0,False,-1386.15,3143.86,-4530.01,0.694,16.3,18.8,16.8,NONE,True
SESS_2026092071,TRD_10371,NOVICE_UNDER_6M,44802,SENSEX,24,6,3.49,5,True,-4660.86,1455.44,-6116.3,0.238,48.6,2.5,70.3,SL_DRAG_FRICTION_WARNING,True
SESS_2026092072,TRD_10372,EXPERIENCED_3Y_PLUS,790057,BANKNIFTY,20,0,1.15,0,False,-17142.22,1257.71,-18399.93,0.0684,9.0,24.9,15.1,NONE,True
SESS_2026092073,TRD_10373,NOVICE_UNDER_6M,25588,BANKNIFTY,26,8,3.44,2,False,-2968.13,1751.54,-4719.67,0.3711,67.6,5.2,62.9,SL_DRAG_FRICTION_WARNING,False
SESS_2026092074,TRD_10374,INTERMEDIATE_1_2Y,185700,SENSEX,44,0,1.0,0,False,-2845.61,2457.06,-5302.67,0.4634,16.9,32.1,17.3,NONE,True
SESS_2026092075,TRD_10375,NOVICE_UNDER_6M,62969,NIFTY,31,5,3.93,2,True,-17195.61,1589.46,-18785.07,0.0846,63.1,6.0,64.2,SL_DRAG_FRICTION_WARNING,True
SESS_2026092076,TRD_10376,INTERMEDIATE_1_2Y,156138,NIFTY,48,1,1.1,0,False,866.48,2971.46,-2104.98,0.7742,11.2,22.3,18.7,NONE,True
SESS_2026092077,TRD_10377,NOVICE_UNDER_6M,32638,NIFTY,44,0,1.18,0,False,2587.37,2768.01,-180.64,0.5169,11.2,13.2,20.2,NONE,True
SESS_2026092078,TRD_10378,INTERMEDIATE_1_2Y,270405,SENSEX,14,0,1.14,0,False,32430.01,706.48,31723.53,0.0,17.4,28.5,6.4,NONE,True
SESS_2026092079,TRD_10379,ALGO_SEMI_AUTOMATED,1382823,BANKNIFTY,90,5,3.38,2,False,-278725.88,4883.24,-283609.12,0.0172,59.3,3.9,65.3,SL_DRAG_FRICTION_WARNING,False
SESS_2026092080,TRD_10380,INTERMEDIATE_1_2Y,202125,NIFTY,19,0,1.08,0,False,-24602.02,1357.24,-25959.26,0.0523,11.2,23.9,15.1,NONE,True
SESS_2026092081,TRD_10381,INTERMEDIATE_1_2Y,270904,NIFTY,33,1,1.17,0,False,-9350.96,1691.49,-11042.45,0.1532,17.4,23.1,17.6,NONE,True
SESS_2026092082,TRD_10382,INTERMEDIATE_1_2Y,209015,NIFTY,45,1,0.95,0,False,-6440.32,2641.36,-9081.68,0.2908,12.4,15.9,20.1,NONE,True
SESS_2026092083,TRD_10383,NOVICE_UNDER_6M,33967,NIFTY,16,0,1.06,0,False,-2173.64,912.53,-3086.17,0.2957,18.0,21.8,12.3,NONE,True
SESS_2026092084,TRD_10384,NOVICE_UNDER_6M,61156,NIFTY,35,1,1.13,0,False,3291.0,2022.05,1268.95,0.0,13.8,25.2,18.1,NONE,True
SESS_2026092085,TRD_10385,NOVICE_UNDER_6M,44042,MIDCPNIFTY,28,2,4.04,1,True,-9661.83,1747.93,-11409.76,0.1532,63.2,4.2,49.9,MARTINGALE_LOT_SIZE_OVERRIDE_ALERT,True
SESS_2026092086,TRD_10386,NOVICE_UNDER_6M,59842,BANKNIFTY,41,4,4.32,4,True,-14622.77,2483.79,-17106.56,0.1452,68.4,5.5,75.6,MANDATORY_COOLOFF_15MIN_LOCKOUT,True
SESS_2026092087,TRD_10387,EXPERIENCED_3Y_PLUS,565019,MIDCPNIFTY,9,1,0.99,0,False,-25290.73,541.87,-25832.6,0.021,9.4,26.5,10.6,NONE,True
SESS_2026092088,TRD_10388,INTERMEDIATE_1_2Y,183400,SENSEX,37,0,0.96,0,True,-4379.32,2379.51,-6758.83,0.3521,17.6,16.5,25.7,0DTE_HERO_OR_ZERO_THETA_DECAY_WARNING,False
SESS_2026092089,TRD_10389,NOVICE_UNDER_6M,28469,NIFTY,55,1,1.01,0,False,-1817.35,3185.79,-5003.14,0.6368,11.5,32.4,26.3,NONE,True
SESS_2026092090,TRD_10390,NOVICE_UNDER_6M,34277,BANKNIFTY,26,6,3.68,2,False,-8158.94,1557.44,-9716.38,0.1603,52.7,6.4,59.2,SL_DRAG_FRICTION_WARNING,False
SESS_2026092091,TRD_10391,INTERMEDIATE_1_2Y,186647,NIFTY,34,0,1.16,0,False,-11134.57,2243.92,-13378.49,0.1677,7.7,20.1,7.7,NONE,True
SESS_2026092092,TRD_10392,NOVICE_UNDER_6M,58861,BANKNIFTY,55,0,1.05,0,False,-2551.56,2838.39,-5389.95,0.5266,12.7,18.5,25.0,NONE,True
SESS_2026092093,TRD_10393,NOVICE_UNDER_6M,46551,BANKNIFTY,18,0,0.99,0,True,-2588.52,1199.64,-3788.16,0.3167,9.8,22.8,15.4,0DTE_HERO_OR_ZERO_THETA_DECAY_WARNING,True
SESS_2026092094,TRD_10394,INTERMEDIATE_1_2Y,181467,BANKNIFTY,39,0,1.07,0,False,-3494.69,2551.51,-6046.2,0.422,6.4,21.4,20.6,NONE,True
SESS_2026092095,TRD_10395,INTERMEDIATE_1_2Y,211588,SENSEX,23,0,1.1,0,False,22125.34,1581.44,20543.9,0.0,9.0,33.9,18.1,NONE,True
SESS_2026092096,TRD_10396,INTERMEDIATE_1_2Y,102276,BANKNIFTY,25,0,1.17,0,True,1192.32,1247.21,-54.89,0.5113,11.6,31.7,21.9,0DTE_HERO_OR_ZERO_THETA_DECAY_WARNING,True
SESS_2026092097,TRD_10397,INTERMEDIATE_1_2Y,323211,NIFTY,33,0,0.96,0,False,15481.68,2244.17,13237.51,0.0,13.2,25.1,15.9,NONE,True
SESS_2026092098,TRD_10398,NOVICE_UNDER_6M,76339,NIFTY,18,9,3.31,3,True,-27948.23,1179.43,-29127.66,0.0405,71.5,4.0,66.6,SL_DRAG_FRICTION_WARNING,True
SESS_2026092099,TRD_10399,NOVICE_UNDER_6M,52613,BANKNIFTY,41,7,2.92,2,True,-9036.88,2345.27,-11382.15,0.206,45.0,5.3,63.9,SL_DRAG_FRICTION_WARNING,False
SESS_2026092100,TRD_10400,EXPERIENCED_3Y_PLUS,884062,NIFTY,5,0,1.02,0,False,2889.03,314.26,2574.77,0.0,13.2,20.6,8.0,NONE,True
SESS_2026092101,TRD_10401,NOVICE_UNDER_6M,38681,MIDCPNIFTY,25,0,1.05,0,False,2965.05,1608.25,1356.8,0.0,16.3,19.3,15.7,NONE,True
SESS_2026092102,TRD_10402,NOVICE_UNDER_6M,51868,BANKNIFTY,32,0,1.0,0,False,-1083.64,1560.75,-2644.39,0.5902,8.6,14.0,11.2,NONE,True
SESS_2026092103,TRD_10403,INTERMEDIATE_1_2Y,121550,BANKNIFTY,29,0,1.04,0,False,-4460.79,1602.5,-6063.29,0.2643,10.1,18.0,14.9,NONE,True
SESS_2026092104,TRD_10404,NOVICE_UNDER_6M,33867,NIFTY,23,0,0.96,0,False,3579.26,1228.71,2350.55,0.0,15.0,27.5,7.4,NONE,True
SESS_2026092105,TRD_10405,NOVICE_UNDER_6M,61572,BANKNIFTY,70,7,3.68,4,True,-14781.08,3520.46,-18301.54,0.1924,71.3,6.3,83.1,MANDATORY_COOLOFF_15MIN_LOCKOUT,True
SESS_2026092106,TRD_10406,INTERMEDIATE_1_2Y,115380,NIFTY,23,0,0.92,0,False,13796.39,1334.96,12461.43,0.0,10.5,18.2,9.5,NONE,True
SESS_2026092107,TRD_10407,INTERMEDIATE_1_2Y,138101,SENSEX,49,0,1.09,0,False,-3945.17,3084.2,-7029.37,0.4388,11.9,25.9,25.7,NONE,True
SESS_2026092108,TRD_10408,NOVICE_UNDER_6M,51746,BANKNIFTY,50,7,3.64,5,False,-13672.92,2833.21,-16506.13,0.1716,73.6,4.8,68.2,SL_DRAG_FRICTION_WARNING,False
SESS_2026092109,TRD_10409,INTERMEDIATE_1_2Y,142631,NIFTY,23,0,1.06,0,False,619.43,1630.94,-1011.51,0.7247,7.2,17.1,12.3,NONE,True
SESS_2026092110,TRD_10410,NOVICE_UNDER_6M,31728,BANKNIFTY,56,0,1.27,0,False,-680.68,3036.25,-3716.93,0.8169,6.8,17.9,20.0,NONE,True
SESS_2026092111,TRD_10411,EXPERIENCED_3Y_PLUS,459786,SENSEX,27,6,3.09,2,False,-70885.85,1772.61,-72658.46,0.0244,73.9,6.2,43.9,SL_DRAG_FRICTION_WARNING,True
SESS_2026092112,TRD_10412,INTERMEDIATE_1_2Y,86463,BANKNIFTY,22,0,1.01,0,False,-5028.05,1100.27,-6128.32,0.1795,9.5,21.2,15.0,NONE,True
SESS_2026092113,TRD_10413,NOVICE_UNDER_6M,37136,BANKNIFTY,16,4,2.72,4,True,-7405.26,806.33,-8211.59,0.0982,47.5,4.7,55.8,SL_DRAG_FRICTION_WARNING,True
SESS_2026092114,TRD_10414,INTERMEDIATE_1_2Y,346440,NIFTY,36,6,3.61,2,True,-104700.97,2419.39,-107120.36,0.0226,62.1,5.5,60.9,SL_DRAG_FRICTION_WARNING,True
SESS_2026092115,TRD_10415,INTERMEDIATE_1_2Y,175434,BANKNIFTY,52,0,0.98,0,False,-5088.79,2564.74,-7653.53,0.3351,16.3,25.8,26.4,NONE,True
SESS_2026092116,TRD_10416,NOVICE_UNDER_6M,41451,FINNIFTY,18,0,0.93,0,False,6040.53,1028.39,5012.14,0.0,17.0,29.2,10.5,NONE,True
SESS_2026092117,TRD_10417,NOVICE_UNDER_6M,65162,NIFTY,56,0,0.98,0,False,320.43,3248.99,-2928.56,0.9102,15.6,14.8,20.4,NONE,True
SESS_2026092118,TRD_10418,NOVICE_UNDER_6M,47708,SENSEX,20,1,1.02,0,False,3618.8,1232.87,2385.93,0.0,8.0,30.0,13.2,NONE,True
SESS_2026092119,TRD_10419,INTERMEDIATE_1_2Y,169740,NIFTY,32,0,1.13,0,True,11034.65,2022.41,9012.24,0.0,12.8,15.2,22.2,0DTE_HERO_OR_ZERO_THETA_DECAY_WARNING,False
SESS_2026092120,TRD_10420,INTERMEDIATE_1_2Y,190987,NIFTY,27,1,0.94,0,False,5159.54,1596.22,3563.32,0.0,7.7,13.1,18.4,NONE,True
SESS_2026092121,TRD_10421,INTERMEDIATE_1_2Y,187157,BANKNIFTY,36,4,3.24,1,True,-24716.37,2429.05,-27145.42,0.0895,29.4,3.7,48.0,SL_DRAG_FRICTION_WARNING,True
SESS_2026092122,TRD_10422,NOVICE_UNDER_6M,77047,FINNIFTY,55,0,1.11,0,True,-9542.54,3141.74,-12684.28,0.2477,13.6,23.9,26.3,0DTE_HERO_OR_ZERO_THETA_DECAY_WARNING,False
SESS_2026092123,TRD_10423,NOVICE_UNDER_6M,61203,NIFTY,26,5,2.96,2,True,-13065.46,1460.82,-14526.28,0.1006,65.2,5.5,55.5,SL_DRAG_FRICTION_WARNING,True
SESS_2026092124,TRD_10424,INTERMEDIATE_1_2Y,72117,MIDCPNIFTY,43,0,1.04,0,False,7139.26,2403.76,4735.5,0.0,9.1,12.8,20.0,NONE,True
SESS_2026092125,TRD_10425,NOVICE_UNDER_6M,34205,NIFTY,35,6,3.32,3,True,-3073.34,2203.69,-5277.03,0.4176,46.3,6.9,63.9,SL_DRAG_FRICTION_WARNING,True
SESS_2026092126,TRD_10426,NOVICE_UNDER_6M,37578,BANKNIFTY,42,7,4.19,1,True,-6268.17,2891.08,-9159.25,0.3156,69.2,7.0,66.9,SL_DRAG_FRICTION_WARNING,True
SESS_2026092127,TRD_10427,NOVICE_UNDER_6M,61144,BANKNIFTY,27,0,1.13,0,False,-1904.53,1788.43,-3692.96,0.4843,8.6,12.4,14.5,NONE,True
SESS_2026092128,TRD_10428,ALGO_SEMI_AUTOMATED,1898293,BANKNIFTY,104,0,1.12,0,False,-66523.6,6462.45,-72986.05,0.0885,17.4,25.1,22.9,NONE,True
SESS_2026092129,TRD_10429,NOVICE_UNDER_6M,59966,BANKNIFTY,45,0,1.01,0,True,-5207.7,2954.25,-8161.95,0.362,8.9,20.2,20.6,0DTE_HERO_OR_ZERO_THETA_DECAY_WARNING,True
SESS_2026092130,TRD_10430,NOVICE_UNDER_6M,52489,SENSEX,51,4,3.6,2,True,-9341.92,2942.51,-12284.43,0.2395,52.8,6.3,58.9,SL_DRAG_FRICTION_WARNING,True
SESS_2026092131,TRD_10431,NOVICE_UNDER_6M,59489,NIFTY,30,0,1.02,0,False,5253.84,1554.37,3699.47,0.0,13.9,27.3,10.5,NONE,True
SESS_2026092132,TRD_10432,INTERMEDIATE_1_2Y,269564,BANKNIFTY,35,0,1.06,0,False,26434.26,2111.96,24322.3,0.0,10.5,13.0,11.1,NONE,True
SESS_2026092133,TRD_10433,INTERMEDIATE_1_2Y,201757,NIFTY,41,1,1.09,0,False,-6479.01,2510.84,-8989.85,0.2793,13.3,21.2,22.9,NONE,True
SESS_2026092134,TRD_10434,EXPERIENCED_3Y_PLUS,677515,FINNIFTY,11,0,1.16,0,False,16965.79,549.43,16416.36,0.0,7.8,17.3,5.0,NONE,True
SESS_2026092135,TRD_10435,INTERMEDIATE_1_2Y,202263,FINNIFTY,35,0,1.2,0,False,-1870.44,1912.2,-3782.64,0.5055,11.9,24.4,18.2,NONE,True
SESS_2026092136,TRD_10436,NOVICE_UNDER_6M,71671,BANKNIFTY,17,1,1.11,0,False,3892.0,1158.32,2733.68,0.0,7.9,22.2,10.9,NONE,True
SESS_2026092137,TRD_10437,INTERMEDIATE_1_2Y,187822,BANKNIFTY,25,4,3.15,3,True,-52765.98,1266.96,-54032.94,0.0234,42.9,5.2,53.3,SL_DRAG_FRICTION_WARNING,True
SESS_2026092138,TRD_10438,NOVICE_UNDER_6M,48563,NIFTY,32,0,1.2,0,True,-42.4,1677.07,-1719.47,0.9753,17.5,20.1,23.2,0DTE_HERO_OR_ZERO_THETA_DECAY_WARNING,True
SESS_2026092139,TRD_10439,NOVICE_UNDER_6M,27513,NIFTY,47,5,3.56,1,True,-6240.25,3096.48,-9336.73,0.3316,31.3,3.4,56.1,SL_DRAG_FRICTION_WARNING,True
SESS_2026092140,TRD_10440,NOVICE_UNDER_6M,53390,BANKNIFTY,22,6,3.42,2,True,-19365.33,1390.63,-20755.96,0.067,57.7,2.2,58.5,SL_DRAG_FRICTION_WARNING,True
SESS_2026092141,TRD_10441,NOVICE_UNDER_6M,37492,NIFTY,58,0,1.16,0,False,-870.17,4010.55,-4880.72,0.8217,8.6,29.2,22.6,NONE,True
SESS_2026092142,TRD_10442,INTERMEDIATE_1_2Y,146382,BANKNIFTY,54,0,1.02,0,False,2145.15,3748.68,-1603.53,0.636,16.6,19.9,27.8,NONE,True
SESS_2026092143,TRD_10443,EXPERIENCED_3Y_PLUS,681417,BANKNIFTY,11,1,1.09,0,True,35018.18,632.3,34385.88,0.0,7.6,26.5,19.8,0DTE_HERO_OR_ZERO_THETA_DECAY_WARNING,False
SESS_2026092144,TRD_10444,NOVICE_UNDER_6M,59166,SENSEX,40,6,2.63,2,False,-7169.86,2067.42,-9237.28,0.2238,45.4,5.7,47.7,SL_DRAG_FRICTION_WARNING,True
SESS_2026092145,TRD_10445,INTERMEDIATE_1_2Y,92371,NIFTY,44,5,4.19,3,False,-37643.48,2636.97,-40280.45,0.0655,35.9,3.2,67.8,SL_DRAG_FRICTION_WARNING,True
SESS_2026092146,TRD_10446,INTERMEDIATE_1_2Y,133393,FINNIFTY,16,1,0.99,0,False,-755.96,964.61,-1720.57,0.5606,17.3,20.5,12.6,NONE,True
SESS_2026092147,TRD_10447,NOVICE_UNDER_6M,45885,NIFTY,39,1,1.16,0,True,525.01,1965.65,-1440.64,0.7892,15.4,24.9,28.8,0DTE_HERO_OR_ZERO_THETA_DECAY_WARNING,True
SESS_2026092148,TRD_10448,NOVICE_UNDER_6M,46203,NIFTY,30,6,3.66,2,False,-14430.62,1512.22,-15942.84,0.0949,55.2,2.8,62.4,SL_DRAG_FRICTION_WARNING,True
SESS_2026092149,TRD_10449,NOVICE_UNDER_6M,57518,BANKNIFTY,47,7,3.61,2,True,-16025.85,3268.82,-19294.67,0.1694,46.7,3.9,67.1,SL_DRAG_FRICTION_WARNING,True
SESS_2026092150,TRD_10450,NOVICE_UNDER_6M,43290,FINNIFTY,28,0,1.09,0,False,-298.57,1675.05,-1973.62,0.8487,17.8,21.9,12.8,NONE,True
SESS_2026092151,TRD_10451,INTERMEDIATE_1_2Y,176488,BANKNIFTY,49,0,1.13,0,False,21574.93,2635.41,18939.52,0.0,6.6,21.3,23.2,NONE,True
SESS_2026092152,TRD_10452,EXPERIENCED_3Y_PLUS,1081272,NIFTY,13,1,1.05,0,False,132357.43,824.76,131532.67,0.0,14.0,14.5,6.4,NONE,True
SESS_2026092153,TRD_10453,INTERMEDIATE_1_2Y,223068,BANKNIFTY,31,7,3.98,3,True,-25091.61,1836.41,-26928.02,0.0682,49.2,2.9,74.7,SL_DRAG_FRICTION_WARNING,True
SESS_2026092154,TRD_10454,EXPERIENCED_3Y_PLUS,617774,SENSEX,8,1,1.01,0,False,-4604.66,502.96,-5107.62,0.0985,9.9,26.9,10.6,NONE,True
SESS_2026092155,TRD_10455,NOVICE_UNDER_6M,34725,FINNIFTY,30,6,4.02,3,True,-6292.38,1657.02,-7949.4,0.2084,73.4,3.7,73.0,SL_DRAG_FRICTION_WARNING,True
SESS_2026092156,TRD_10456,NOVICE_UNDER_6M,67700,SENSEX,19,3,3.89,4,False,-11727.43,1099.21,-12826.64,0.0857,38.1,5.2,59.9,SL_DRAG_FRICTION_WARNING,True
SESS_2026092157,TRD_10457,ALGO_SEMI_AUTOMATED,2588278,NIFTY,60,2,2.48,2,True,-921461.78,3930.53,-925392.31,0.0042,73.8,5.2,58.1,PNL_PROTECT_DAILY_LIMIT_ENFORCEMENT,True
SESS_2026092158,TRD_10458,INTERMEDIATE_1_2Y,181776,NIFTY,36,0,1.24,0,True,-5311.38,1764.06,-7075.44,0.2493,10.2,19.3,21.7,0DTE_HERO_OR_ZERO_THETA_DECAY_WARNING,True
SESS_2026092159,TRD_10459,NOVICE_UNDER_6M,55487,BANKNIFTY,31,2,3.5,2,True,-21994.48,2117.71,-24112.19,0.0878,48.0,5.1,48.2,MARTINGALE_LOT_SIZE_OVERRIDE_ALERT,False
SESS_2026092160,TRD_10460,INTERMEDIATE_1_2Y,153136,FINNIFTY,11,0,1.07,0,False,18267.86,610.53,17657.33,0.0,11.2,25.7,8.7,NONE,True
SESS_2026092161,TRD_10461,INTERMEDIATE_1_2Y,206999,BANKNIFTY,15,0,1.1,0,False,-3870.48,810.0,-4680.48,0.1731,17.1,21.8,8.3,NONE,True
SESS_2026092162,TRD_10462,EXPERIENCED_3Y_PLUS,1451819,FINNIFTY,22,0,1.02,0,False,-25764.9,1314.22,-27079.12,0.0485,10.3,24.1,10.8,NONE,True
SESS_2026092163,TRD_10463,NOVICE_UNDER_6M,48863,MIDCPNIFTY,27,4,3.93,4,False,-15535.54,1687.13,-17222.67,0.098,55.6,2.4,64.8,SL_DRAG_FRICTION_WARNING,False
SESS_2026092164,TRD_10464,NOVICE_UNDER_6M,41559,SENSEX,35,6,3.19,4,False,-7738.49,2027.8,-9766.29,0.2076,40.7,5.6,66.9,SL_DRAG_FRICTION_WARNING,False
SESS_2026092165,TRD_10465,NOVICE_UNDER_6M,40051,NIFTY,64,7,4.61,3,True,-12218.16,3631.42,-15849.58,0.2291,70.7,5.4,77.5,MANDATORY_COOLOFF_15MIN_LOCKOUT,True
SESS_2026092166,TRD_10466,NOVICE_UNDER_6M,61870,BANKNIFTY,37,8,3.33,5,True,-18700.18,2423.76,-21123.94,0.1147,72.4,5.3,80.7,MANDATORY_COOLOFF_15MIN_LOCKOUT,False
SESS_2026092167,TRD_10467,NOVICE_UNDER_6M,59501,NIFTY,21,7,3.12,4,True,-6195.72,1409.57,-7605.29,0.1853,65.5,5.4,61.7,SL_DRAG_FRICTION_WARNING,True
SESS_2026092168,TRD_10468,INTERMEDIATE_1_2Y,124624,FINNIFTY,33,4,3.1,4,True,-20544.01,1700.22,-22244.23,0.0764,64.5,4.7,62.5,SL_DRAG_FRICTION_WARNING,True
SESS_2026092169,TRD_10469,NOVICE_UNDER_6M,73011,NIFTY,47,4,3.54,2,True,-11751.12,2572.03,-14323.15,0.1796,35.7,3.9,65.7,SL_DRAG_FRICTION_WARNING,False
SESS_2026092170,TRD_10470,NOVICE_UNDER_6M,32808,NIFTY,19,0,0.96,0,False,-4002.19,1066.19,-5068.38,0.2104,11.4,23.8,15.6,NONE,True
SESS_2026092171,TRD_10471,EXPERIENCED_3Y_PLUS,823603,SENSEX,16,0,1.04,0,False,-69672.41,1066.98,-70739.39,0.0151,11.1,18.9,12.9,NONE,True
SESS_2026092172,TRD_10472,INTERMEDIATE_1_2Y,127026,NIFTY,27,5,2.58,1,True,-38171.45,1468.99,-39640.44,0.0371,58.1,3.2,48.8,SL_DRAG_FRICTION_WARNING,True
SESS_2026092173,TRD_10473,INTERMEDIATE_1_2Y,109570,BANKNIFTY,19,0,0.91,0,False,-795.08,1132.2,-1927.28,0.5875,15.3,33.2,11.7,NONE,True
SESS_2026092174,TRD_10474,EXPERIENCED_3Y_PLUS,910092,BANKNIFTY,4,1,1.04,0,False,-64888.03,249.96,-65137.99,0.0038,8.8,22.7,14.4,NONE,True
SESS_2026092175,TRD_10475,INTERMEDIATE_1_2Y,161086,BANKNIFTY,41,0,1.23,0,False,12731.9,2356.44,10375.46,0.0,6.5,24.5,18.9,NONE,True
SESS_2026092176,TRD_10476,NOVICE_UNDER_6M,28601,FINNIFTY,28,8,2.8,2,False,-5814.95,1878.81,-7693.76,0.2442,33.1,6.2,56.4,SL_DRAG_FRICTION_WARNING,True
SESS_2026092177,TRD_10477,INTERMEDIATE_1_2Y,181562,BANKNIFTY,14,7,3.65,2,True,-30457.93,863.23,-31321.16,0.0276,44.3,6.6,65.3,SL_DRAG_FRICTION_WARNING,False
SESS_2026092178,TRD_10478,NOVICE_UNDER_6M,55721,BANKNIFTY,46,0,1.01,0,False,7214.71,2705.49,4509.22,0.0,13.9,14.6,22.8,NONE,True
SESS_2026092179,TRD_10479,INTERMEDIATE_1_2Y,215389,NIFTY,24,0,1.03,0,False,-27677.58,1311.71,-28989.29,0.0452,13.0,22.7,14.7,NONE,True
SESS_2026092180,TRD_10480,NOVICE_UNDER_6M,33296,BANKNIFTY,29,6,3.56,2,True,-8583.72,1394.4,-9978.12,0.1397,68.7,6.8,63.9,SL_DRAG_FRICTION_WARNING,True
SESS_2026092181,TRD_10481,INTERMEDIATE_1_2Y,220440,BANKNIFTY,29,0,1.14,0,False,4018.27,1530.49,2487.78,0.0,7.7,31.4,18.5,NONE,True
SESS_2026092182,TRD_10482,NOVICE_UNDER_6M,76349,BANKNIFTY,37,0,0.99,0,False,-1936.69,1988.51,-3925.2,0.5066,13.7,12.1,18.4,NONE,True
SESS_2026092183,TRD_10483,NOVICE_UNDER_6M,46955,BANKNIFTY,29,6,3.85,3,True,-13273.83,2023.51,-15297.34,0.1323,68.8,5.7,62.7,SL_DRAG_FRICTION_WARNING,True
SESS_2026092184,TRD_10484,NOVICE_UNDER_6M,35027,NIFTY,37,6,3.08,5,True,-4137.88,2076.92,-6214.8,0.3342,49.1,4.9,71.1,SL_DRAG_FRICTION_WARNING,True
SESS_2026092185,TRD_10485,NOVICE_UNDER_6M,67784,NIFTY,18,2,2.18,2,True,-24920.72,973.58,-25894.3,0.0376,27.8,4.9,35.0,PNL_PROTECT_DAILY_LIMIT_ENFORCEMENT,False
SESS_2026092186,TRD_10486,NOVICE_UNDER_6M,43937,NIFTY,29,0,1.07,0,False,-1436.49,1558.39,-2994.88,0.5204,13.6,24.8,12.7,NONE,True
SESS_2026092187,TRD_10487,INTERMEDIATE_1_2Y,220260,BANKNIFTY,26,1,1.05,0,False,-8906.63,1441.54,-10348.17,0.1393,16.3,12.2,18.1,NONE,True
SESS_2026092188,TRD_10488,NOVICE_UNDER_6M,68939,SENSEX,42,1,1.1,0,False,3778.93,2782.39,996.54,0.0,8.8,13.8,23.1,NONE,True
SESS_2026092189,TRD_10489,NOVICE_UNDER_6M,39907,BANKNIFTY,49,1,1.02,0,False,6426.04,2752.18,3673.86,0.0,12.0,34.5,22.6,NONE,True
SESS_2026092190,TRD_10490,NOVICE_UNDER_6M,58480,NIFTY,28,6,2.24,2,False,-8953.0,1707.82,-10660.82,0.1602,46.9,6.0,51.1,SL_DRAG_FRICTION_WARNING,False
SESS_2026092191,TRD_10491,INTERMEDIATE_1_2Y,246625,BANKNIFTY,17,6,4.07,4,True,-40894.27,984.73,-41879.0,0.0235,54.0,6.4,72.5,SL_DRAG_FRICTION_WARNING,True
SESS_2026092192,TRD_10492,EXPERIENCED_3Y_PLUS,404758,BANKNIFTY,15,1,1.03,0,False,-11038.99,842.91,-11881.9,0.0709,10.3,27.5,16.1,NONE,True
SESS_2026092193,TRD_10493,ALGO_SEMI_AUTOMATED,1435271,NIFTY,49,0,1.01,0,False,77038.07,3034.04,74004.03,0.0,17.3,27.6,23.0,NONE,True
SESS_2026092194,TRD_10494,NOVICE_UNDER_6M,51339,NIFTY,26,0,1.12,0,True,2373.93,1361.57,1012.36,0.0,11.2,28.6,22.7,0DTE_HERO_OR_ZERO_THETA_DECAY_WARNING,False
SESS_2026092195,TRD_10495,NOVICE_UNDER_6M,30075,BANKNIFTY,36,1,0.94,0,False,-284.09,2243.07,-2527.16,0.8876,11.3,22.1,14.3,NONE,True
SESS_2026092196,TRD_10496,INTERMEDIATE_1_2Y,158476,NIFTY,37,6,4.0,1,True,-28774.58,2449.81,-31224.39,0.0785,48.4,2.9,57.4,SL_DRAG_FRICTION_WARNING,True
SESS_2026092197,TRD_10497,EXPERIENCED_3Y_PLUS,1235913,SENSEX,21,0,0.97,0,False,-139251.15,1279.98,-140531.13,0.0091,8.1,27.2,13.8,NONE,True
SESS_2026092198,TRD_10498,NOVICE_UNDER_6M,65581,NIFTY,58,4,2.73,4,True,-14237.5,3103.86,-17341.36,0.179,64.4,3.1,68.5,SL_DRAG_FRICTION_WARNING,True
SESS_2026092199,TRD_10499,NOVICE_UNDER_6M,55252,NIFTY,14,1,1.07,0,False,-7738.24,877.62,-8615.86,0.1019,14.5,27.6,14.2,NONE,True
SESS_2026092200,TRD_10500,NOVICE_UNDER_6M,53058,BANKNIFTY,23,9,3.0,1,True,-12698.57,1564.72,-14263.29,0.1097,31.8,3.7,62.6,SL_DRAG_FRICTION_WARNING,False
SESS_2026092201,TRD_10501,NOVICE_UNDER_6M,39511,NIFTY,56,0,1.06,0,False,5129.28,3537.07,1592.21,0.0,10.1,14.5,22.1,NONE,True
SESS_2026092202,TRD_10502,ALGO_SEMI_AUTOMATED,1970927,BANKNIFTY,74,4,3.05,2,True,-180736.5,4280.51,-185017.01,0.0231,65.1,3.6,70.6,SL_DRAG_FRICTION_WARNING,True
SESS_2026092203,TRD_10503,EXPERIENCED_3Y_PLUS,991009,NIFTY,15,1,1.07,0,False,34076.78,735.14,33341.64,0.0,11.4,21.1,13.4,NONE,True
SESS_2026092204,TRD_10504,NOVICE_UNDER_6M,55842,BANKNIFTY,62,4,2.38,2,False,-7314.08,3809.55,-11123.63,0.3425,29.7,6.8,59.4,SL_DRAG_FRICTION_WARNING,False
SESS_2026092205,TRD_10505,NOVICE_UNDER_6M,58296,NIFTY,42,5,3.35,2,False,-9754.21,2092.9,-11847.11,0.1767,51.0,3.0,54.7,SL_DRAG_FRICTION_WARNING,False
SESS_2026092206,TRD_10506,INTERMEDIATE_1_2Y,234172,BANKNIFTY,30,0,1.07,0,True,-8133.44,1522.7,-9656.14,0.1577,17.0,25.3,22.3,0DTE_HERO_OR_ZERO_THETA_DECAY_WARNING,True
SESS_2026092207,TRD_10507,NOVICE_UNDER_6M,49489,BANKNIFTY,10,5,3.69,1,True,-5661.87,515.31,-6177.18,0.0834,41.9,2.4,51.0,SL_DRAG_FRICTION_WARNING,True
SESS_2026092208,TRD_10508,NOVICE_UNDER_6M,55038,NIFTY,47,9,3.07,2,True,-11604.82,2998.84,-14603.66,0.2053,44.9,4.6,70.3,SL_DRAG_FRICTION_WARNING,False
SESS_2026092209,TRD_10509,NOVICE_UNDER_6M,44671,NIFTY,21,7,2.08,1,True,-13288.58,1094.09,-14382.67,0.0761,59.0,4.9,46.2,SL_DRAG_FRICTION_WARNING,True
SESS_2026092210,TRD_10510,NOVICE_UNDER_6M,63333,FINNIFTY,31,9,3.04,3,False,-13960.33,1765.11,-15725.44,0.1122,65.3,3.0,68.4,SL_DRAG_FRICTION_WARNING,True
SESS_2026092211,TRD_10511,INTERMEDIATE_1_2Y,174848,BANKNIFTY,24,0,1.04,0,False,24783.33,1240.43,23542.9,0.0,16.4,19.7,12.7,NONE,True
SESS_2026092212,TRD_10512,NOVICE_UNDER_6M,34208,NIFTY,34,7,3.04,3,True,-13210.12,1719.2,-14929.32,0.1152,48.0,2.5,62.9,SL_DRAG_FRICTION_WARNING,False
SESS_2026092213,TRD_10513,NOVICE_UNDER_6M,47062,NIFTY,21,0,0.95,0,True,358.02,1371.32,-1013.3,0.793,7.4,24.9,18.9,0DTE_HERO_OR_ZERO_THETA_DECAY_WARNING,True
SESS_2026092214,TRD_10514,NOVICE_UNDER_6M,38446,SENSEX,22,0,1.16,0,False,561.26,1322.92,-761.66,0.7021,16.2,29.3,12.3,NONE,True
SESS_2026092215,TRD_10515,INTERMEDIATE_1_2Y,170978,BANKNIFTY,48,0,1.15,0,True,4638.77,2399.94,2238.83,0.0,16.1,30.4,24.1,0DTE_HERO_OR_ZERO_THETA_DECAY_WARNING,False
SESS_2026092216,TRD_10516,INTERMEDIATE_1_2Y,307316,FINNIFTY,45,1,1.01,0,False,32263.8,2482.95,29780.85,0.0,17.9,34.2,23.3,NONE,True
SESS_2026092217,TRD_10517,NOVICE_UNDER_6M,50401,NIFTY,22,6,3.33,2,True,-5385.41,1567.02,-6952.43,0.2254,33.9,5.3,52.7,SL_DRAG_FRICTION_WARNING,False
SESS_2026092218,TRD_10518,NOVICE_UNDER_6M,56083,SENSEX,25,1,1.11,0,False,-2081.23,1581.21,-3662.44,0.4317,8.1,29.3,18.9,NONE,True
SESS_2026092219,TRD_10519,ALGO_SEMI_AUTOMATED,2206070,NIFTY,81,1,0.98,0,False,-65436.24,4677.46,-70113.7,0.0667,10.5,23.0,31.2,NONE,True
SESS_2026092220,TRD_10520,EXPERIENCED_3Y_PLUS,887060,SENSEX,12,0,1.16,0,False,-45638.26,843.29,-46481.55,0.0181,12.9,29.5,8.1,NONE,True
SESS_2026092221,TRD_10521,NOVICE_UNDER_6M,33712,NIFTY,34,0,1.09,0,False,-3265.46,2202.39,-5467.85,0.4028,12.8,12.2,12.1,NONE,True
SESS_2026092222,TRD_10522,NOVICE_UNDER_6M,47047,MIDCPNIFTY,34,9,3.15,3,False,-13871.08,1757.49,-15628.57,0.1125,66.7,2.6,71.6,SL_DRAG_FRICTION_WARNING,True
SESS_2026092223,TRD_10523,NOVICE_UNDER_6M,28920,SENSEX,47,0,1.2,0,False,-886.14,2782.51,-3668.65,0.7585,6.7,14.3,20.9,NONE,True
SESS_2026092224,TRD_10524,NOVICE_UNDER_6M,32771,BANKNIFTY,44,0,1.15,0,False,4215.01,2458.64,1756.37,0.0,16.9,17.9,13.5,NONE,True
SESS_2026092225,TRD_10525,NOVICE_UNDER_6M,64046,BANKNIFTY,41,3,3.5,2,False,-18672.58,2756.31,-21428.89,0.1286,55.5,6.9,49.6,SL_DRAG_FRICTION_WARNING,True
SESS_2026092226,TRD_10526,EXPERIENCED_3Y_PLUS,756878,SENSEX,18,0,1.09,0,False,-4427.33,1267.59,-5694.92,0.2226,16.9,23.1,14.8,NONE,True
SESS_2026092227,TRD_10527,EXPERIENCED_3Y_PLUS,774511,NIFTY,22,7,2.66,2,False,-299982.52,1163.07,-301145.59,0.0039,36.8,3.6,51.3,SL_DRAG_FRICTION_WARNING,True
SESS_2026092228,TRD_10528,INTERMEDIATE_1_2Y,68272,NIFTY,11,0,1.04,0,False,1837.5,607.49,1230.01,0.0,10.9,31.9,6.2,NONE,True
SESS_2026092229,TRD_10529,NOVICE_UNDER_6M,61786,BANKNIFTY,44,7,2.28,4,True,-14649.05,2263.65,-16912.7,0.1338,37.4,4.0,70.7,SL_DRAG_FRICTION_WARNING,True
SESS_2026092230,TRD_10530,NOVICE_UNDER_6M,29578,BANKNIFTY,32,0,1.22,0,False,1051.89,1843.39,-791.5,0.6367,8.4,34.0,19.6,NONE,True
SESS_2026092231,TRD_10531,ALGO_SEMI_AUTOMATED,1109114,NIFTY,95,0,1.14,0,False,41999.06,5322.37,36676.69,0.0,8.1,22.8,23.4,NONE,True
SESS_2026092232,TRD_10532,INTERMEDIATE_1_2Y,114503,NIFTY,41,0,1.19,0,False,-3338.77,2587.01,-5925.78,0.4366,17.2,17.3,19.8,NONE,True
SESS_2026092233,TRD_10533,NOVICE_UNDER_6M,36467,NIFTY,25,8,2.63,3,False,-9642.96,1628.75,-11271.71,0.1445,26.1,4.9,57.6,SL_DRAG_FRICTION_WARNING,True
SESS_2026092234,TRD_10534,EXPERIENCED_3Y_PLUS,346411,SENSEX,11,9,3.14,1,False,-82524.64,551.7,-83076.34,0.0066,41.3,6.1,55.2,SL_DRAG_FRICTION_WARNING,False
SESS_2026092235,TRD_10535,EXPERIENCED_3Y_PLUS,345307,MIDCPNIFTY,17,0,1.0,0,False,-12677.63,955.08,-13632.71,0.0701,13.8,27.8,10.2,NONE,True
SESS_2026092236,TRD_10536,NOVICE_UNDER_6M,41408,NIFTY,18,0,1.15,0,False,2705.36,879.38,1825.98,0.0,7.6,17.3,8.3,NONE,True
SESS_2026092237,TRD_10537,INTERMEDIATE_1_2Y,181063,BANKNIFTY,42,0,1.19,0,False,-6277.0,2984.69,-9261.69,0.3223,14.9,28.8,19.2,NONE,True
SESS_2026092238,TRD_10538,NOVICE_UNDER_6M,68015,NIFTY,65,1,0.97,0,False,-159.98,3309.19,-3469.17,0.9539,16.3,19.2,27.7,NONE,True
SESS_2026092239,TRD_10539,INTERMEDIATE_1_2Y,119590,BANKNIFTY,50,0,1.25,0,False,-9346.37,2892.62,-12238.99,0.2363,6.2,30.0,19.7,NONE,True
SESS_2026092240,TRD_10540,NOVICE_UNDER_6M,61980,BANKNIFTY,17,0,1.19,0,False,5504.33,816.32,4688.01,0.0,8.8,15.0,11.3,NONE,True
SESS_2026092241,TRD_10541,INTERMEDIATE_1_2Y,79533,BANKNIFTY,17,6,3.11,4,True,-11242.51,940.88,-12183.39,0.0772,46.0,4.2,66.6,SL_DRAG_FRICTION_WARNING,True
SESS_2026092242,TRD_10542,NOVICE_UNDER_6M,54597,BANKNIFTY,32,0,1.13,0,False,-2157.55,2115.31,-4272.86,0.4951,7.3,13.8,15.2,NONE,True
SESS_2026092243,TRD_10543,NOVICE_UNDER_6M,56306,NIFTY,39,6,3.3,1,True,-7554.2,2486.43,-10040.63,0.2476,26.9,6.0,51.1,SL_DRAG_FRICTION_WARNING,True
SESS_2026092244,TRD_10544,INTERMEDIATE_1_2Y,121465,BANKNIFTY,28,1,1.11,0,False,-3267.62,1626.55,-4894.17,0.3323,7.1,30.8,8.2,NONE,True
SESS_2026092245,TRD_10545,NOVICE_UNDER_6M,52039,BANKNIFTY,42,11,3.82,2,True,-21686.21,2972.84,-24659.05,0.1206,48.9,4.6,71.0,SL_DRAG_FRICTION_WARNING,True
SESS_2026092246,TRD_10546,INTERMEDIATE_1_2Y,107345,SENSEX,7,0,1.1,0,False,-6330.19,371.41,-6701.6,0.0554,9.5,15.5,8.9,NONE,True
SESS_2026092247,TRD_10547,INTERMEDIATE_1_2Y,167209,BANKNIFTY,36,0,1.23,0,False,20715.72,2177.65,18538.07,0.0,15.2,25.9,17.9,NONE,True
SESS_2026092248,TRD_10548,INTERMEDIATE_1_2Y,183538,NIFTY,32,0,1.09,0,False,-3130.25,2220.82,-5351.07,0.415,9.4,24.6,15.4,NONE,True
SESS_2026092249,TRD_10549,NOVICE_UNDER_6M,49751,BANKNIFTY,61,6,3.17,2,False,-17592.77,3550.18,-21142.95,0.1679,41.9,4.5,66.2,SL_DRAG_FRICTION_WARNING,True
SESS_2026092250,TRD_10550,INTERMEDIATE_1_2Y,80888,BANKNIFTY,33,1,0.99,0,False,-8431.62,2079.65,-10511.27,0.1978,17.1,14.1,13.4,NONE,True
SESS_2026092251,TRD_10551,NOVICE_UNDER_6M,34826,NIFTY,45,6,4.53,2,False,-6686.3,2680.68,-9366.98,0.2862,35.7,5.9,69.7,SL_DRAG_FRICTION_WARNING,True
SESS_2026092252,TRD_10552,INTERMEDIATE_1_2Y,200713,NIFTY,15,1,0.97,0,False,-7984.73,892.98,-8877.71,0.1006,16.1,14.5,16.9,NONE,True
SESS_2026092253,TRD_10553,INTERMEDIATE_1_2Y,104910,NIFTY,33,5,3.98,2,True,-22765.76,1608.83,-24374.59,0.066,27.9,3.7,69.2,SL_DRAG_FRICTION_WARNING,False
SESS_2026092254,TRD_10554,INTERMEDIATE_1_2Y,210984,FINNIFTY,33,0,1.07,0,False,35.25,1691.0,-1655.75,0.9796,13.6,17.4,13.2,NONE,True
SESS_2026092255,TRD_10555,NOVICE_UNDER_6M,24447,BANKNIFTY,49,0,1.06,0,False,-2239.64,2614.72,-4854.36,0.5386,6.7,12.7,22.1,NONE,True
SESS_2026092256,TRD_10556,NOVICE_UNDER_6M,35364,BANKNIFTY,28,0,1.05,0,False,395.09,1990.31,-1595.22,0.8344,9.3,22.1,5.2,NONE,True
SESS_2026092257,TRD_10557,INTERMEDIATE_1_2Y,148799,BANKNIFTY,24,1,1.11,0,False,-10117.33,1346.01,-11463.34,0.1174,12.3,30.4,21.8,NONE,True
SESS_2026092258,TRD_10558,INTERMEDIATE_1_2Y,155607,SENSEX,22,0,0.98,0,False,-6075.68,1252.56,-7328.24,0.1709,7.6,32.6,12.2,NONE,True
SESS_2026092259,TRD_10559,NOVICE_UNDER_6M,62134,NIFTY,62,3,3.09,3,True,-9364.32,3223.01,-12587.33,0.2561,38.1,6.6,60.3,SL_DRAG_FRICTION_WARNING,False
SESS_2026092260,TRD_10560,EXPERIENCED_3Y_PLUS,1109270,BANKNIFTY,4,5,2.24,2,True,-264180.85,245.12,-264425.97,0.0009,34.0,4.9,44.7,SL_DRAG_FRICTION_WARNING,True
SESS_2026092261,TRD_10561,EXPERIENCED_3Y_PLUS,764346,BANKNIFTY,13,0,1.02,0,False,52059.84,890.92,51168.92,0.0,13.3,31.1,6.4,NONE,True
SESS_2026092262,TRD_10562,EXPERIENCED_3Y_PLUS,533771,BANKNIFTY,12,4,4.64,3,True,-169367.85,596.3,-169964.15,0.0035,51.8,6.2,67.2,SL_DRAG_FRICTION_WARNING,True
SESS_2026092263,TRD_10563,INTERMEDIATE_1_2Y,141008,FINNIFTY,19,8,2.5,2,True,-30676.33,967.53,-31643.86,0.0306,44.0,3.9,55.4,SL_DRAG_FRICTION_WARNING,True
SESS_2026092264,TRD_10564,INTERMEDIATE_1_2Y,100516,NIFTY,37,1,0.92,0,True,6201.84,2551.54,3650.3,0.0,9.2,33.4,17.9,0DTE_HERO_OR_ZERO_THETA_DECAY_WARNING,False
SESS_2026092265,TRD_10565,NOVICE_UNDER_6M,60267,NIFTY,50,0,1.16,0,False,5675.55,3271.54,2404.01,0.0,13.9,25.8,18.2,NONE,True
SESS_2026092266,TRD_10566,NOVICE_UNDER_6M,44775,NIFTY,37,0,0.95,0,True,-2589.56,1837.95,-4427.51,0.4151,9.1,18.5,27.6,0DTE_HERO_OR_ZERO_THETA_DECAY_WARNING,False
SESS_2026092267,TRD_10567,INTERMEDIATE_1_2Y,176227,BANKNIFTY,15,10,4.33,3,True,-25131.67,960.67,-26092.34,0.0368,40.7,2.6,84.2,MANDATORY_COOLOFF_15MIN_LOCKOUT,True
SESS_2026092268,TRD_10568,NOVICE_UNDER_6M,46028,BANKNIFTY,35,6,2.91,1,False,-9294.08,2102.8,-11396.88,0.1845,44.3,2.5,47.8,SL_DRAG_FRICTION_WARNING,True
SESS_2026092269,TRD_10569,NOVICE_UNDER_6M,39849,NIFTY,50,1,1.0,0,False,-1249.5,3572.06,-4821.56,0.7409,17.4,15.5,21.8,NONE,True
SESS_2026092270,TRD_10570,NOVICE_UNDER_6M,51004,BANKNIFTY,49,4,2.8,4,False,-11163.32,3435.22,-14598.54,0.2353,38.3,5.1,61.6,SL_DRAG_FRICTION_WARNING,False
SESS_2026092271,TRD_10571,NOVICE_UNDER_6M,39245,NIFTY,19,7,4.92,2,True,-14492.72,1292.06,-15784.78,0.0819,56.5,6.8,71.6,SL_DRAG_FRICTION_WARNING,True
SESS_2026092272,TRD_10572,NOVICE_UNDER_6M,35866,SENSEX,47,4,2.34,3,True,-10794.33,3029.18,-13823.51,0.2191,49.4,6.7,58.9,SL_DRAG_FRICTION_WARNING,True
SESS_2026092273,TRD_10573,NOVICE_UNDER_6M,44679,BANKNIFTY,29,3,3.0,2,True,-11108.0,2053.61,-13161.61,0.156,39.4,2.3,50.9,SL_DRAG_FRICTION_WARNING,True
SESS_2026092274,TRD_10574,INTERMEDIATE_1_2Y,183752,SENSEX,44,6,3.45,2,True,-76553.26,2798.01,-79351.27,0.0353,37.6,2.3,63.8,SL_DRAG_FRICTION_WARNING,False
SESS_2026092275,TRD_10575,EXPERIENCED_3Y_PLUS,1180248,NIFTY,14,0,1.04,0,False,-6104.92,864.9,-6969.82,0.1241,15.2,17.1,11.7,NONE,True
SESS_2026092276,TRD_10576,NOVICE_UNDER_6M,41561,SENSEX,24,11,2.21,2,True,-9153.95,1589.12,-10743.07,0.1479,69.2,4.2,66.9,SL_DRAG_FRICTION_WARNING,True
SESS_2026092277,TRD_10577,INTERMEDIATE_1_2Y,72274,BANKNIFTY,47,4,4.44,4,True,-22068.43,2519.16,-24587.59,0.1025,54.6,4.2,68.3,SL_DRAG_FRICTION_WARNING,True
SESS_2026092278,TRD_10578,INTERMEDIATE_1_2Y,130704,BANKNIFTY,30,0,1.03,0,False,7639.99,1459.09,6180.9,0.0,12.8,14.5,15.3,NONE,True
SESS_2026092279,TRD_10579,EXPERIENCED_3Y_PLUS,508508,MIDCPNIFTY,3,0,1.01,0,False,11693.27,214.56,11478.71,0.0,13.0,16.1,10.3,NONE,True
SESS_2026092280,TRD_10580,INTERMEDIATE_1_2Y,117106,NIFTY,24,7,3.27,4,True,-25929.54,1326.78,-27256.32,0.0487,74.7,3.1,64.4,SL_DRAG_FRICTION_WARNING,True
SESS_2026092281,TRD_10581,EXPERIENCED_3Y_PLUS,690001,NIFTY,20,0,1.14,0,False,-15852.73,1118.19,-16970.92,0.0659,15.9,31.5,16.4,NONE,True
SESS_2026092282,TRD_10582,NOVICE_UNDER_6M,53328,SENSEX,52,5,3.96,3,True,-6464.91,2797.3,-9262.21,0.302,38.0,2.4,67.7,SL_DRAG_FRICTION_WARNING,False
SESS_2026092283,TRD_10583,NOVICE_UNDER_6M,47005,NIFTY,39,3,1.96,2,True,-13094.28,2440.64,-15534.92,0.1571,48.9,3.1,43.1,SL_DRAG_FRICTION_WARNING,True
SESS_2026092284,TRD_10584,NOVICE_UNDER_6M,55625,SENSEX,31,5,3.96,3,True,-14452.36,1786.08,-16238.44,0.11,68.8,5.8,69.8,SL_DRAG_FRICTION_WARNING,True
SESS_2026092285,TRD_10585,INTERMEDIATE_1_2Y,68085,BANKNIFTY,48,0,1.02,0,True,-3342.65,3065.95,-6408.6,0.4784,16.5,25.8,20.2,0DTE_HERO_OR_ZERO_THETA_DECAY_WARNING,True
SESS_2026092286,TRD_10586,NOVICE_UNDER_6M,61665,SENSEX,19,5,4.48,3,True,-9264.34,936.97,-10201.31,0.0918,41.1,5.0,76.5,MANDATORY_COOLOFF_15MIN_LOCKOUT,True
SESS_2026092287,TRD_10587,INTERMEDIATE_1_2Y,83548,NIFTY,12,10,3.98,3,False,-30712.35,596.28,-31308.63,0.019,29.2,3.6,72.0,SL_DRAG_FRICTION_WARNING,True
SESS_2026092288,TRD_10588,NOVICE_UNDER_6M,36993,NIFTY,26,7,3.53,2,True,-14217.44,1709.68,-15927.12,0.1073,29.4,3.2,58.6,SL_DRAG_FRICTION_WARNING,True
SESS_2026092289,TRD_10589,ALGO_SEMI_AUTOMATED,2188596,BANKNIFTY,85,0,1.13,0,False,21275.14,4905.95,16369.19,0.0,16.7,28.3,22.5,NONE,True
SESS_2026092290,TRD_10590,EXPERIENCED_3Y_PLUS,423302,NIFTY,19,0,1.0,0,False,50445.02,1124.59,49320.43,0.0,7.5,27.6,8.3,NONE,True
SESS_2026092291,TRD_10591,INTERMEDIATE_1_2Y,148693,SENSEX,45,5,3.17,3,True,-33557.05,3109.09,-36666.14,0.0848,28.6,7.0,62.4,SL_DRAG_FRICTION_WARNING,True
SESS_2026092292,TRD_10592,INTERMEDIATE_1_2Y,116931,MIDCPNIFTY,14,1,1.15,0,True,2710.27,913.18,1797.09,0.0,10.6,26.7,20.0,0DTE_HERO_OR_ZERO_THETA_DECAY_WARNING,True
SESS_2026092293,TRD_10593,NOVICE_UNDER_6M,57765,NIFTY,43,4,3.31,2,True,-14079.44,2346.68,-16426.12,0.1429,54.6,4.1,57.1,SL_DRAG_FRICTION_WARNING,False
SESS_2026092294,TRD_10594,INTERMEDIATE_1_2Y,105625,BANKNIFTY,38,0,1.1,0,False,-7393.73,2632.83,-10026.56,0.2626,7.7,32.7,19.3,NONE,True
SESS_2026092295,TRD_10595,INTERMEDIATE_1_2Y,271860,NIFTY,18,0,1.05,0,False,21496.51,935.46,20561.05,0.0,16.1,25.1,5.9,NONE,True
SESS_2026092296,TRD_10596,INTERMEDIATE_1_2Y,112581,NIFTY,18,0,1.0,0,False,7376.49,1186.7,6189.79,0.0,9.3,34.1,6.6,NONE,True
SESS_2026092297,TRD_10597,NOVICE_UNDER_6M,48991,BANKNIFTY,35,0,0.95,0,False,-2199.48,2188.2,-4387.68,0.4987,8.7,13.1,17.7,NONE,True
SESS_2026092298,TRD_10598,INTERMEDIATE_1_2Y,167961,NIFTY,22,0,1.16,0,False,10073.83,1085.46,8988.37,0.0,10.2,27.5,11.4,NONE,True
SESS_2026092299,TRD_10599,NOVICE_UNDER_6M,64717,NIFTY,48,9,2.28,4,True,-12009.24,3403.62,-15412.86,0.2208,59.4,2.1,72.8,SL_DRAG_FRICTION_WARNING,False
SESS_2026092300,TRD_10600,NOVICE_UNDER_6M,46574,SENSEX,20,7,3.13,3,True,-17155.64,1342.23,-18497.87,0.0726,34.5,4.5,65.8,SL_DRAG_FRICTION_WARNING,True
SESS_2026092301,TRD_10601,EXPERIENCED_3Y_PLUS,769430,NIFTY,29,0,1.12,0,False,57134.66,2071.82,55062.84,0.0,15.6,16.5,17.8,NONE,True
SESS_2026092302,TRD_10602,INTERMEDIATE_1_2Y,249189,SENSEX,22,6,3.57,1,True,-92955.69,1412.62,-94368.31,0.015,38.5,2.4,64.5,SL_DRAG_FRICTION_WARNING,True
SESS_2026092303,TRD_10603,EXPERIENCED_3Y_PLUS,491861,NIFTY,16,5,4.51,2,True,-110133.12,1048.43,-111181.55,0.0094,30.2,3.8,62.4,SL_DRAG_FRICTION_WARNING,True
SESS_2026092304,TRD_10604,ALGO_SEMI_AUTOMATED,1103315,NIFTY,97,0,1.03,0,False,-78133.39,6900.21,-85033.6,0.0811,14.9,23.7,14.4,NONE,True
SESS_2026092305,TRD_10605,NOVICE_UNDER_6M,49554,NIFTY,35,9,4.12,3,True,-11411.14,1749.91,-13161.05,0.133,48.6,5.6,72.0,SL_DRAG_FRICTION_WARNING,True
SESS_2026092306,TRD_10606,INTERMEDIATE_1_2Y,119426,NIFTY,25,9,3.38,1,True,-29464.01,1213.5,-30677.51,0.0396,31.7,2.3,61.2,SL_DRAG_FRICTION_WARNING,True
SESS_2026092307,TRD_10607,NOVICE_UNDER_6M,53811,NIFTY,32,1,1.08,0,False,-1705.56,1656.58,-3362.14,0.4927,16.7,26.5,22.3,NONE,True
SESS_2026092308,TRD_10608,EXPERIENCED_3Y_PLUS,909051,SENSEX,12,0,0.93,0,False,19371.25,774.33,18596.92,0.0,7.0,23.8,10.2,NONE,True
SESS_2026092309,TRD_10609,NOVICE_UNDER_6M,33900,SENSEX,55,3,2.77,1,True,-11225.92,3503.54,-14729.46,0.2379,31.5,3.6,45.2,SL_DRAG_FRICTION_WARNING,True
SESS_2026092310,TRD_10610,EXPERIENCED_3Y_PLUS,881135,SENSEX,10,0,1.18,0,False,59125.71,617.84,58507.87,0.0,8.4,22.5,16.7,NONE,True
SESS_2026092311,TRD_10611,NOVICE_UNDER_6M,34571,BANKNIFTY,63,6,4.14,3,True,-8710.75,3606.89,-12317.64,0.2928,46.1,6.5,78.3,MANDATORY_COOLOFF_15MIN_LOCKOUT,True
SESS_2026092312,TRD_10612,EXPERIENCED_3Y_PLUS,904137,BANKNIFTY,12,0,1.0,0,False,-18741.68,701.54,-19443.22,0.0361,9.0,33.7,9.7,NONE,True
SESS_2026092313,TRD_10613,NOVICE_UNDER_6M,26778,BANKNIFTY,37,7,3.39,1,False,-8981.88,2615.49,-11597.37,0.2255,29.7,4.0,59.4,SL_DRAG_FRICTION_WARNING,False
SESS_2026092314,TRD_10614,INTERMEDIATE_1_2Y,109741,BANKNIFTY,7,3,3.07,2,True,-23237.09,500.34,-23737.43,0.0211,55.5,6.0,40.8,SL_DRAG_FRICTION_WARNING,True
SESS_2026092315,TRD_10615,NOVICE_UNDER_6M,33537,NIFTY,52,0,0.98,0,False,4806.63,3663.44,1143.19,0.0,8.0,27.2,22.7,NONE,True
SESS_2026092316,TRD_10616,EXPERIENCED_3Y_PLUS,562818,SENSEX,24,1,1.09,0,False,27604.34,1701.88,25902.46,0.0,8.8,33.2,17.9,NONE,True
SESS_2026092317,TRD_10617,NOVICE_UNDER_6M,76778,FINNIFTY,23,8,2.74,2,False,-13308.48,1555.02,-14863.5,0.1046,29.3,6.6,52.5,SL_DRAG_FRICTION_WARNING,True
SESS_2026092318,TRD_10618,NOVICE_UNDER_6M,54313,BANKNIFTY,52,7,3.39,1,True,-12430.4,2519.31,-14949.71,0.1685,29.1,4.2,64.4,SL_DRAG_FRICTION_WARNING,False
SESS_2026092319,TRD_10619,INTERMEDIATE_1_2Y,233216,SENSEX,29,0,1.11,0,False,-22441.19,2010.64,-24451.83,0.0822,7.4,24.5,17.7,NONE,True
SESS_2026092320,TRD_10620,EXPERIENCED_3Y_PLUS,1048793,NIFTY,23,6,4.21,2,True,-211735.18,1305.18,-213040.36,0.0061,73.0,5.8,66.0,SL_DRAG_FRICTION_WARNING,True
SESS_2026092321,TRD_10621,EXPERIENCED_3Y_PLUS,582618,NIFTY,14,1,1.08,0,False,35509.83,1004.45,34505.38,0.0,7.1,27.7,12.8,NONE,True
SESS_2026092322,TRD_10622,INTERMEDIATE_1_2Y,231789,BANKNIFTY,19,0,1.05,0,False,12981.66,1223.37,11758.29,0.0,11.3,17.8,15.1,NONE,True
SESS_2026092323,TRD_10623,INTERMEDIATE_1_2Y,173690,NIFTY,53,1,1.2,0,True,5218.6,3770.54,1448.06,0.0,15.1,32.2,31.0,0DTE_HERO_OR_ZERO_THETA_DECAY_WARNING,True
SESS_2026092324,TRD_10624,EXPERIENCED_3Y_PLUS,961078,NIFTY,10,1,0.95,0,False,33488.93,496.88,32992.05,0.0,8.3,22.5,9.3,NONE,True
SESS_2026092325,TRD_10625,NOVICE_UNDER_6M,64672,BANKNIFTY,38,0,1.11,0,False,3176.89,2505.9,670.99,0.0,9.4,32.8,12.9,NONE,True
SESS_2026092326,TRD_10626,INTERMEDIATE_1_2Y,213640,SENSEX,30,1,1.07,0,False,5223.69,2108.89,3114.8,0.0,13.1,22.7,14.8,NONE,True
SESS_2026092327,TRD_10627,NOVICE_UNDER_6M,66434,NIFTY,53,6,3.28,2,True,-15457.63,3477.5,-18935.13,0.1837,42.6,6.1,58.5,SL_DRAG_FRICTION_WARNING,False
SESS_2026092328,TRD_10628,EXPERIENCED_3Y_PLUS,744399,BANKNIFTY,18,0,1.07,0,False,-5572.24,1164.96,-6737.2,0.1729,15.3,34.3,19.3,NONE,True
SESS_2026092329,TRD_10629,NOVICE_UNDER_6M,49896,BANKNIFTY,41,6,2.93,3,True,-7955.47,2737.32,-10692.79,0.256,64.1,5.6,68.2,SL_DRAG_FRICTION_WARNING,True
SESS_2026092330,TRD_10630,INTERMEDIATE_1_2Y,202336,BANKNIFTY,32,8,2.91,4,True,-65720.55,1863.2,-67583.75,0.0276,45.1,6.5,68.8,SL_DRAG_FRICTION_WARNING,True
SESS_2026092331,TRD_10631,INTERMEDIATE_1_2Y,195530,SENSEX,22,0,1.27,0,True,9269.65,1187.73,8081.92,0.0,10.7,33.5,23.3,0DTE_HERO_OR_ZERO_THETA_DECAY_WARNING,True
SESS_2026092332,TRD_10632,EXPERIENCED_3Y_PLUS,1176710,BANKNIFTY,10,0,1.23,0,False,-9913.71,625.43,-10539.14,0.0593,16.3,29.0,13.0,NONE,True
SESS_2026092333,TRD_10633,NOVICE_UNDER_6M,43362,SENSEX,53,7,4.33,2,True,-11422.16,3213.39,-14635.55,0.2196,74.3,4.8,67.1,SL_DRAG_FRICTION_WARNING,False
SESS_2026092334,TRD_10634,INTERMEDIATE_1_2Y,117673,BANKNIFTY,22,8,3.67,1,True,-18150.22,1301.89,-19452.11,0.0669,58.5,6.0,55.7,SL_DRAG_FRICTION_WARNING,True
SESS_2026092335,TRD_10635,NOVICE_UNDER_6M,62846,SENSEX,28,6,3.29,2,True,-11883.6,1680.71,-13564.31,0.1239,32.8,3.0,64.7,SL_DRAG_FRICTION_WARNING,True
SESS_2026092336,TRD_10636,INTERMEDIATE_1_2Y,120444,NIFTY,18,0,0.97,0,False,-7270.48,901.58,-8172.06,0.1103,14.2,13.0,13.2,NONE,True
SESS_2026092337,TRD_10637,NOVICE_UNDER_6M,60631,SENSEX,49,4,2.83,3,True,-14940.65,2660.68,-17601.33,0.1512,65.4,3.4,62.1,SL_DRAG_FRICTION_WARNING,True
SESS_2026092338,TRD_10638,NOVICE_UNDER_6M,36809,MIDCPNIFTY,65,5,2.38,2,True,-7006.24,3609.78,-10616.02,0.34,69.3,4.9,57.0,SL_DRAG_FRICTION_WARNING,False
SESS_2026092339,TRD_10639,INTERMEDIATE_1_2Y,272631,BANKNIFTY,17,3,2.86,1,False,-73037.02,927.83,-73964.85,0.0125,38.3,6.7,39.9,SL_DRAG_FRICTION_WARNING,True
SESS_2026092340,TRD_10640,NOVICE_UNDER_6M,44237,NIFTY,47,6,4.35,3,False,-7912.06,2272.1,-10184.16,0.2231,32.4,5.4,71.5,SL_DRAG_FRICTION_WARNING,True
SESS_2026092341,TRD_10641,EXPERIENCED_3Y_PLUS,400782,NIFTY,9,0,1.1,0,False,-6324.27,582.11,-6906.38,0.0843,10.4,18.8,10.4,NONE,True
SESS_2026092342,TRD_10642,INTERMEDIATE_1_2Y,122260,NIFTY,7,5,3.96,2,True,-23408.75,408.02,-23816.77,0.0171,31.3,4.0,52.9,SL_DRAG_FRICTION_WARNING,True
SESS_2026092343,TRD_10643,NOVICE_UNDER_6M,59609,NIFTY,28,0,1.09,0,False,2672.37,1385.47,1286.9,0.0,16.3,16.4,14.6,NONE,True
SESS_2026092344,TRD_10644,INTERMEDIATE_1_2Y,201029,MIDCPNIFTY,25,4,3.78,2,True,-31335.92,1768.82,-33104.74,0.0534,61.0,6.9,50.6,SL_DRAG_FRICTION_WARNING,True
SESS_2026092345,TRD_10645,NOVICE_UNDER_6M,69444,NIFTY,23,5,4.46,3,True,-17410.87,1622.08,-19032.95,0.0852,47.9,5.0,73.2,SL_DRAG_FRICTION_WARNING,True
SESS_2026092346,TRD_10646,NOVICE_UNDER_6M,66852,BANKNIFTY,17,3,2.22,2,False,-16374.21,1060.45,-17434.66,0.0608,37.6,5.1,43.4,SL_DRAG_FRICTION_WARNING,True
SESS_2026092347,TRD_10647,NOVICE_UNDER_6M,56105,SENSEX,37,4,3.66,2,False,-12101.38,2289.26,-14390.64,0.1591,67.8,2.4,50.1,SL_DRAG_FRICTION_WARNING,True
SESS_2026092348,TRD_10648,INTERMEDIATE_1_2Y,194330,BANKNIFTY,17,5,2.13,1,True,-25923.37,867.38,-26790.75,0.0324,45.9,6.3,43.2,SL_DRAG_FRICTION_WARNING,True
SESS_2026092349,TRD_10649,NOVICE_UNDER_6M,57022,MIDCPNIFTY,23,0,1.01,0,False,5386.37,1539.69,3846.68,0.0,11.9,24.5,14.8,NONE,True
SESS_2026092350,TRD_10650,NOVICE_UNDER_6M,64847,NIFTY,60,4,2.64,3,False,-23647.52,4315.43,-27962.95,0.1543,62.4,2.1,54.4,SL_DRAG_FRICTION_WARNING,True
SESS_2026092351,TRD_10651,INTERMEDIATE_1_2Y,128840,BANKNIFTY,25,0,0.97,0,False,1432.61,1691.08,-258.47,0.5414,11.9,12.3,15.2,NONE,True
SESS_2026092352,TRD_10652,NOVICE_UNDER_6M,60661,BANKNIFTY,41,0,1.04,0,False,-1744.57,2324.0,-4068.57,0.5712,9.1,30.8,18.4,NONE,True
SESS_2026092353,TRD_10653,INTERMEDIATE_1_2Y,204901,NIFTY,26,0,0.92,0,True,-3325.49,1546.62,-4872.11,0.3174,14.4,25.9,22.3,0DTE_HERO_OR_ZERO_THETA_DECAY_WARNING,True
SESS_2026092354,TRD_10654,EXPERIENCED_3Y_PLUS,1085012,BANKNIFTY,32,9,3.33,3,False,-280404.17,1583.08,-281987.25,0.0056,32.7,3.5,65.4,SL_DRAG_FRICTION_WARNING,False
SESS_2026092355,TRD_10655,NOVICE_UNDER_6M,65050,BANKNIFTY,43,7,3.1,1,True,-23885.93,2596.46,-26482.39,0.098,42.1,6.3,57.5,SL_DRAG_FRICTION_WARNING,True
SESS_2026092356,TRD_10656,NOVICE_UNDER_6M,42406,SENSEX,45,6,3.91,1,False,-2377.99,3206.97,-5584.96,0.5742,57.1,3.9,55.7,SL_DRAG_FRICTION_WARNING,True
SESS_2026092357,TRD_10657,INTERMEDIATE_1_2Y,158085,NIFTY,28,0,1.13,0,False,-7731.51,1594.71,-9326.22,0.171,7.6,27.7,13.3,NONE,True
SESS_2026092358,TRD_10658,INTERMEDIATE_1_2Y,202729,MIDCPNIFTY,14,0,0.96,0,False,-8929.11,678.63,-9607.74,0.0706,17.7,24.8,5.0,NONE,True
SESS_2026092359,TRD_10659,NOVICE_UNDER_6M,33332,FINNIFTY,9,7,3.14,4,True,-6817.15,588.5,-7405.65,0.0795,33.5,4.4,69.7,SL_DRAG_FRICTION_WARNING,True
SESS_2026092360,TRD_10660,NOVICE_UNDER_6M,60940,NIFTY,16,5,3.39,2,True,-12473.62,880.77,-13354.39,0.066,44.0,5.5,56.2,SL_DRAG_FRICTION_WARNING,False
SESS_2026092361,TRD_10661,NOVICE_UNDER_6M,31721,BANKNIFTY,59,0,0.95,0,False,1529.82,2871.76,-1341.94,0.6524,15.8,23.4,22.0,NONE,True
SESS_2026092362,TRD_10662,NOVICE_UNDER_6M,36276,NIFTY,30,7,3.42,1,False,-7662.16,1463.6,-9125.76,0.1604,56.3,5.5,59.2,SL_DRAG_FRICTION_WARNING,True
SESS_2026092363,TRD_10663,EXPERIENCED_3Y_PLUS,1114519,SENSEX,13,1,1.0,0,False,128786.54,823.68,127962.86,0.0,14.3,27.3,13.1,NONE,True
SESS_2026092364,TRD_10664,INTERMEDIATE_1_2Y,254620,NIFTY,25,1,1.13,0,False,-5530.61,1606.92,-7137.53,0.2251,15.1,20.0,12.4,NONE,True
SESS_2026092365,TRD_10665,NOVICE_UNDER_6M,53633,NIFTY,22,5,2.51,3,True,-9137.8,1505.22,-10643.02,0.1414,39.6,6.7,51.7,SL_DRAG_FRICTION_WARNING,True
SESS_2026092366,TRD_10666,INTERMEDIATE_1_2Y,266136,FINNIFTY,18,0,1.17,0,False,3249.34,1202.41,2046.93,0.0,15.6,21.1,10.0,NONE,True
SESS_2026092367,TRD_10667,NOVICE_UNDER_6M,33146,NIFTY,43,9,4.03,2,True,-9398.27,2742.33,-12140.6,0.2259,29.4,6.0,74.3,SL_DRAG_FRICTION_WARNING,False
SESS_2026092368,TRD_10668,INTERMEDIATE_1_2Y,168194,NIFTY,31,0,1.01,0,False,21211.42,2080.94,19130.48,0.0,6.4,13.3,12.7,NONE,True
SESS_2026092369,TRD_10669,NOVICE_UNDER_6M,56386,BANKNIFTY,42,4,2.15,3,True,-9949.4,2335.88,-12285.28,0.1901,35.5,3.3,55.5,SL_DRAG_FRICTION_WARNING,False
SESS_2026092370,TRD_10670,INTERMEDIATE_1_2Y,215196,NIFTY,15,0,1.11,0,True,8102.36,745.5,7356.86,0.0,14.4,20.6,13.0,0DTE_HERO_OR_ZERO_THETA_DECAY_WARNING,True
SESS_2026092371,TRD_10671,NOVICE_UNDER_6M,47976,MIDCPNIFTY,37,0,1.08,0,False,618.34,1880.59,-1262.25,0.7526,6.9,20.2,16.0,NONE,True
SESS_2026092372,TRD_10672,NOVICE_UNDER_6M,53516,NIFTY,16,0,1.1,0,False,2888.53,1107.74,1780.79,0.0,16.2,12.2,15.8,NONE,True
SESS_2026092373,TRD_10673,NOVICE_UNDER_6M,39926,NIFTY,29,1,1.1,0,True,280.39,1506.12,-1225.73,0.8431,10.0,19.6,28.0,0DTE_HERO_OR_ZERO_THETA_DECAY_WARNING,True
SESS_2026092374,TRD_10674,NOVICE_UNDER_6M,63460,SENSEX,59,0,1.12,0,True,-2540.08,4207.99,-6748.07,0.6236,6.8,29.5,27.4,0DTE_HERO_OR_ZERO_THETA_DECAY_WARNING,True
SESS_2026092375,TRD_10675,NOVICE_UNDER_6M,41390,BANKNIFTY,10,4,3.23,1,False,-3315.79,691.1,-4006.89,0.1725,70.9,5.4,45.8,SL_DRAG_FRICTION_WARNING,True
SESS_2026092376,TRD_10676,INTERMEDIATE_1_2Y,151643,BANKNIFTY,26,0,1.15,0,False,-9386.48,1526.31,-10912.79,0.1399,7.7,31.1,18.0,NONE,True
SESS_2026092377,TRD_10677,EXPERIENCED_3Y_PLUS,1176469,SENSEX,16,1,1.22,0,False,108593.56,1059.26,107534.3,0.0,9.3,23.8,13.7,NONE,True
SESS_2026092378,TRD_10678,NOVICE_UNDER_6M,71609,SENSEX,25,9,4.35,1,False,-18215.88,1734.31,-19950.19,0.0869,74.6,6.9,67.3,SL_DRAG_FRICTION_WARNING,True
SESS_2026092379,TRD_10679,INTERMEDIATE_1_2Y,111821,MIDCPNIFTY,26,0,1.26,0,False,140.75,1264.98,-1124.23,0.8999,9.0,32.6,15.4,NONE,True
SESS_2026092380,TRD_10680,INTERMEDIATE_1_2Y,106718,MIDCPNIFTY,21,0,1.14,0,False,3437.8,1213.19,2224.61,0.0,8.9,28.5,14.4,NONE,True
SESS_2026092381,TRD_10681,INTERMEDIATE_1_2Y,139880,NIFTY,29,0,1.11,0,False,9571.74,1411.64,8160.1,0.0,16.8,34.2,14.4,NONE,True
SESS_2026092382,TRD_10682,INTERMEDIATE_1_2Y,149757,MIDCPNIFTY,31,0,1.24,0,True,-1588.97,2175.31,-3764.28,0.5779,6.4,28.3,21.5,0DTE_HERO_OR_ZERO_THETA_DECAY_WARNING,False
SESS_2026092383,TRD_10683,EXPERIENCED_3Y_PLUS,1272598,NIFTY,10,1,0.95,0,False,-11942.72,689.84,-12632.56,0.0546,13.8,18.5,12.8,NONE,True
SESS_2026092384,TRD_10684,INTERMEDIATE_1_2Y,149669,NIFTY,43,0,0.97,0,True,990.66,2255.96,-1265.3,0.6949,12.5,12.3,26.1,0DTE_HERO_OR_ZERO_THETA_DECAY_WARNING,False
SESS_2026092385,TRD_10685,NOVICE_UNDER_6M,65962,BANKNIFTY,32,9,3.05,4,True,-16517.44,2080.24,-18597.68,0.1119,45.1,3.2,74.4,SL_DRAG_FRICTION_WARNING,True
SESS_2026092386,TRD_10686,NOVICE_UNDER_6M,48346,SENSEX,14,0,1.02,0,True,1955.1,800.09,1155.01,0.0,8.1,27.2,9.0,0DTE_HERO_OR_ZERO_THETA_DECAY_WARNING,True
SESS_2026092387,TRD_10687,NOVICE_UNDER_6M,69990,SENSEX,27,0,0.98,0,False,305.56,1481.69,-1176.13,0.829,7.9,27.9,9.7,NONE,True
SESS_2026092388,TRD_10688,NOVICE_UNDER_6M,64353,NIFTY,29,3,2.79,3,False,-15716.36,1943.7,-17660.06,0.1101,52.0,6.3,49.3,SL_DRAG_FRICTION_WARNING,True
SESS_2026092389,TRD_10689,NOVICE_UNDER_6M,66874,NIFTY,24,5,3.2,2,False,-15116.97,1230.44,-16347.41,0.0753,71.5,5.7,48.8,SL_DRAG_FRICTION_WARNING,False
SESS_2026092390,TRD_10690,NOVICE_UNDER_6M,55001,NIFTY,48,4,3.24,2,True,-3866.43,2860.55,-6726.98,0.4252,37.2,2.0,53.6,SL_DRAG_FRICTION_WARNING,True
SESS_2026092391,TRD_10691,INTERMEDIATE_1_2Y,90986,NIFTY,37,0,1.15,0,False,4793.24,2645.02,2148.22,0.0,13.6,30.7,14.8,NONE,True
SESS_2026092392,TRD_10692,NOVICE_UNDER_6M,52375,NIFTY,30,9,2.68,5,True,-12338.87,1953.96,-14292.83,0.1367,65.2,6.2,76.4,MANDATORY_COOLOFF_15MIN_LOCKOUT,True
SESS_2026092393,TRD_10693,EXPERIENCED_3Y_PLUS,718951,FINNIFTY,20,0,1.22,0,False,52125.91,1041.7,51084.21,0.0,8.6,26.6,14.2,NONE,True
SESS_2026092394,TRD_10694,INTERMEDIATE_1_2Y,137310,NIFTY,47,0,1.01,0,False,18704.3,2629.44,16074.86,0.0,9.1,29.6,14.8,NONE,True
SESS_2026092395,TRD_10695,NOVICE_UNDER_6M,48290,FINNIFTY,45,0,1.25,0,False,1344.78,2476.63,-1131.85,0.6481,16.7,34.6,26.5,NONE,True
SESS_2026092396,TRD_10696,NOVICE_UNDER_6M,32489,NIFTY,34,0,1.02,0,False,-618.66,2158.26,-2776.92,0.7772,13.7,31.9,16.0,NONE,True
SESS_2026092397,TRD_10697,NOVICE_UNDER_6M,58839,NIFTY,55,2,4.54,2,True,-14757.87,3624.87,-18382.74,0.1972,69.9,5.7,69.0,MARTINGALE_LOT_SIZE_OVERRIDE_ALERT,True
SESS_2026092398,TRD_10698,NOVICE_UNDER_6M,55393,SENSEX,40,7,2.93,3,True,-22065.29,2552.87,-24618.16,0.1037,48.3,5.4,66.2,SL_DRAG_FRICTION_WARNING,True
SESS_2026092399,TRD_10699,NOVICE_UNDER_6M,39815,BANKNIFTY,28,0,1.23,0,False,997.03,1743.6,-746.57,0.6362,6.4,21.5,16.6,NONE,True
SESS_2026092400,TRD_10700,NOVICE_UNDER_6M,37592,NIFTY,18,0,0.99,0,False,-2971.79,1175.62,-4147.41,0.2835,12.9,12.7,9.9,NONE,True
SESS_2026092401,TRD_10701,EXPERIENCED_3Y_PLUS,940508,NIFTY,9,0,1.04,0,False,54696.05,448.35,54247.7,0.0,9.8,32.4,9.5,NONE,True
SESS_2026092402,TRD_10702,EXPERIENCED_3Y_PLUS,727400,BANKNIFTY,5,8,2.76,2,False,-247994.57,318.71,-248313.28,0.0013,41.3,4.3,46.4,SL_DRAG_FRICTION_WARNING,True
SESS_2026092403,TRD_10703,NOVICE_UNDER_6M,77942,FINNIFTY,59,5,3.52,2,False,-7925.6,3314.33,-11239.93,0.2949,58.4,3.5,62.1,SL_DRAG_FRICTION_WARNING,True
SESS_2026092404,TRD_10704,NOVICE_UNDER_6M,49951,SENSEX,66,5,4.23,2,True,-18113.58,3349.74,-21463.32,0.1561,31.7,5.6,65.0,SL_DRAG_FRICTION_WARNING,False
SESS_2026092405,TRD_10705,NOVICE_UNDER_6M,40720,SENSEX,17,5,2.65,2,False,-6676.59,841.17,-7517.76,0.1119,58.1,3.8,44.7,SL_DRAG_FRICTION_WARNING,True
SESS_2026092406,TRD_10706,NOVICE_UNDER_6M,53624,BANKNIFTY,36,0,1.14,0,True,-5166.52,2271.59,-7438.11,0.3054,13.8,14.2,23.2,0DTE_HERO_OR_ZERO_THETA_DECAY_WARNING,False
SESS_2026092407,TRD_10707,INTERMEDIATE_1_2Y,162672,FINNIFTY,35,3,2.76,3,True,-34180.76,1900.14,-36080.9,0.0527,48.7,3.9,58.3,SL_DRAG_FRICTION_WARNING,True
SESS_2026092408,TRD_10708,EXPERIENCED_3Y_PLUS,704235,SENSEX,22,10,2.72,3,True,-252270.57,1144.98,-253415.55,0.0045,37.1,5.6,76.7,MANDATORY_COOLOFF_15MIN_LOCKOUT,True
SESS_2026092409,TRD_10709,EXPERIENCED_3Y_PLUS,915038,NIFTY,10,1,1.0,0,False,-42395.46,522.25,-42917.71,0.0122,15.5,12.5,11.6,NONE,True
SESS_2026092410,TRD_10710,NOVICE_UNDER_6M,55602,NIFTY,51,0,1.12,0,False,784.06,2522.82,-1738.76,0.7629,10.2,25.1,28.4,NONE,True
SESS_2026092411,TRD_10711,NOVICE_UNDER_6M,46905,NIFTY,58,8,3.59,4,True,-6212.28,2905.05,-9117.33,0.3186,45.3,2.4,86.0,MANDATORY_COOLOFF_15MIN_LOCKOUT,False
SESS_2026092412,TRD_10712,INTERMEDIATE_1_2Y,98897,NIFTY,39,0,1.0,0,False,-5351.19,2590.04,-7941.23,0.3262,10.4,13.6,12.9,NONE,True
SESS_2026092413,TRD_10713,INTERMEDIATE_1_2Y,263872,NIFTY,25,0,1.05,0,False,-18361.44,1663.96,-20025.4,0.0831,7.5,29.7,9.8,NONE,True
SESS_2026092414,TRD_10714,NOVICE_UNDER_6M,51723,BANKNIFTY,55,0,1.27,0,True,500.8,2854.84,-2354.04,0.8508,9.5,31.8,22.9,0DTE_HERO_OR_ZERO_THETA_DECAY_WARNING,True
SESS_2026092415,TRD_10715,INTERMEDIATE_1_2Y,193430,BANKNIFTY,35,1,1.01,0,False,-15866.94,2163.6,-18030.54,0.12,8.3,31.0,17.6,NONE,True
SESS_2026092416,TRD_10716,INTERMEDIATE_1_2Y,181821,NIFTY,28,4,3.0,5,False,-18679.64,1500.92,-20180.56,0.0744,59.8,2.5,51.7,SL_DRAG_FRICTION_WARNING,True
SESS_2026092417,TRD_10717,INTERMEDIATE_1_2Y,83623,NIFTY,22,0,1.2,0,True,606.52,1353.36,-746.84,0.6905,16.3,17.0,21.8,0DTE_HERO_OR_ZERO_THETA_DECAY_WARNING,False
SESS_2026092418,TRD_10718,NOVICE_UNDER_6M,64653,BANKNIFTY,49,3,3.96,1,True,-11432.61,3511.66,-14944.27,0.235,35.3,2.8,56.6,SL_DRAG_FRICTION_WARNING,True
SESS_2026092419,TRD_10719,NOVICE_UNDER_6M,45397,NIFTY,63,9,3.26,2,True,-8175.51,3256.09,-11431.6,0.2848,60.8,4.3,81.5,MANDATORY_COOLOFF_15MIN_LOCKOUT,False
SESS_2026092420,TRD_10720,ALGO_SEMI_AUTOMATED,1750433,FINNIFTY,48,1,1.13,0,False,53688.67,3409.55,50279.12,0.0,10.7,31.2,21.0,NONE,True
SESS_2026092421,TRD_10721,NOVICE_UNDER_6M,52979,NIFTY,53,0,1.01,0,False,7220.2,3757.62,3462.58,0.0,15.1,34.5,20.3,NONE,True
SESS_2026092422,TRD_10722,NOVICE_UNDER_6M,57535,NIFTY,38,8,2.32,2,True,-16641.02,2657.57,-19298.59,0.1377,25.7,5.0,66.7,SL_DRAG_FRICTION_WARNING,True
SESS_2026092423,TRD_10723,EXPERIENCED_3Y_PLUS,783044,NIFTY,24,7,2.79,2,True,-180620.25,1157.13,-181777.38,0.0064,30.4,5.4,51.1,SL_DRAG_FRICTION_WARNING,True
SESS_2026092424,TRD_10724,INTERMEDIATE_1_2Y,163420,NIFTY,46,3,3.17,2,True,-29365.72,2580.76,-31946.48,0.0808,35.8,2.2,52.2,SL_DRAG_FRICTION_WARNING,True
SESS_2026092425,TRD_10725,ALGO_SEMI_AUTOMATED,1830086,NIFTY,87,0,1.0,0,False,-5392.36,4472.79,-9865.15,0.4534,14.8,31.3,21.1,NONE,True
SESS_2026092426,TRD_10726,INTERMEDIATE_1_2Y,248576,NIFTY,22,0,1.11,0,False,-8327.5,1515.5,-9843.0,0.154,10.1,18.3,14.7,NONE,True
SESS_2026092427,TRD_10727,INTERMEDIATE_1_2Y,264544,NIFTY,50,0,1.2,0,False,-3766.22,3051.19,-6817.41,0.4476,8.0,29.3,26.7,NONE,True
SESS_2026092428,TRD_10728,NOVICE_UNDER_6M,66166,FINNIFTY,37,5,3.41,3,True,-19578.91,1985.02,-21563.93,0.0921,37.0,2.1,65.5,SL_DRAG_FRICTION_WARNING,True
SESS_2026092429,TRD_10729,EXPERIENCED_3Y_PLUS,632485,SENSEX,22,1,1.22,0,False,-55936.96,1076.38,-57013.34,0.0189,10.7,23.3,19.9,NONE,True
SESS_2026092430,TRD_10730,INTERMEDIATE_1_2Y,119193,SENSEX,26,4,3.21,2,True,-27745.86,1317.21,-29063.07,0.0453,42.9,3.5,54.4,SL_DRAG_FRICTION_WARNING,True
SESS_2026092431,TRD_10731,NOVICE_UNDER_6M,45689,NIFTY,37,0,1.11,0,False,-3599.0,2048.54,-5647.54,0.3627,6.9,24.4,14.4,NONE,True
SESS_2026092432,TRD_10732,NOVICE_UNDER_6M,66832,BANKNIFTY,53,0,0.96,0,False,4026.03,2978.64,1047.39,0.0,10.8,29.2,19.3,NONE,True
SESS_2026092433,TRD_10733,NOVICE_UNDER_6M,72243,NIFTY,58,5,4.58,2,False,-6822.65,4164.4,-10987.05,0.379,71.2,6.7,66.4,SL_DRAG_FRICTION_WARNING,True
SESS_2026092434,TRD_10734,INTERMEDIATE_1_2Y,93354,SENSEX,21,4,3.92,2,True,-20695.25,1347.98,-22043.23,0.0612,39.0,3.7,57.9,SL_DRAG_FRICTION_WARNING,True
SESS_2026092435,TRD_10735,NOVICE_UNDER_6M,23227,NIFTY,18,1,1.09,0,True,-1224.76,1089.79,-2314.55,0.4708,12.0,15.4,18.8,0DTE_HERO_OR_ZERO_THETA_DECAY_WARNING,False
SESS_2026092436,TRD_10736,NOVICE_UNDER_6M,46688,NIFTY,26,3,4.09,5,True,-7808.4,1392.61,-9201.01,0.1514,68.6,3.0,63.5,SL_DRAG_FRICTION_WARNING,True
SESS_2026092437,TRD_10737,NOVICE_UNDER_6M,50334,BANKNIFTY,52,0,1.25,0,False,928.56,2602.12,-1673.56,0.737,9.1,30.0,26.3,NONE,True
SESS_2026092438,TRD_10738,INTERMEDIATE_1_2Y,202097,BANKNIFTY,46,3,2.72,4,False,-22215.45,2473.57,-24689.02,0.1002,67.8,5.8,60.0,SL_DRAG_FRICTION_WARNING,True
SESS_2026092439,TRD_10739,NOVICE_UNDER_6M,36829,SENSEX,46,5,2.06,2,False,-7435.08,2578.26,-10013.34,0.2575,71.4,3.7,43.9,SL_DRAG_FRICTION_WARNING,True
SESS_2026092440,TRD_10740,NOVICE_UNDER_6M,41385,BANKNIFTY,23,0,1.01,0,False,-3021.3,1150.67,-4171.97,0.2758,11.1,19.6,12.5,NONE,True
SESS_2026092441,TRD_10741,EXPERIENCED_3Y_PLUS,1047606,NIFTY,20,1,0.97,0,False,-84444.65,1424.08,-85868.73,0.0166,12.0,34.2,8.9,NONE,True
SESS_2026092442,TRD_10742,NOVICE_UNDER_6M,56745,SENSEX,71,0,1.09,0,False,1742.06,3892.9,-2150.84,0.6908,9.3,22.6,22.7,NONE,True
SESS_2026092443,TRD_10743,NOVICE_UNDER_6M,38744,BANKNIFTY,42,0,1.07,0,False,37.72,2506.3,-2468.58,0.9852,11.1,32.9,13.3,NONE,True
SESS_2026092444,TRD_10744,NOVICE_UNDER_6M,31689,BANKNIFTY,63,0,0.96,0,True,-2428.62,4100.7,-6529.32,0.628,12.7,33.8,25.6,0DTE_HERO_OR_ZERO_THETA_DECAY_WARNING,True
SESS_2026092445,TRD_10745,NOVICE_UNDER_6M,69964,NIFTY,46,8,4.15,3,False,-13510.18,3149.92,-16660.1,0.1891,40.1,3.4,80.5,MANDATORY_COOLOFF_15MIN_LOCKOUT,True
SESS_2026092446,TRD_10746,INTERMEDIATE_1_2Y,207477,NIFTY,32,0,1.01,0,False,14331.63,1952.12,12379.51,0.0,7.8,34.9,12.5,NONE,True
SESS_2026092447,TRD_10747,NOVICE_UNDER_6M,53855,NIFTY,50,1,1.1,0,False,-5627.33,2566.23,-8193.56,0.3132,12.7,27.2,19.6,NONE,True
SESS_2026092448,TRD_10748,NOVICE_UNDER_6M,64477,NIFTY,30,1,0.96,0,True,2978.98,2148.91,830.07,0.0,12.2,15.0,25.3,0DTE_HERO_OR_ZERO_THETA_DECAY_WARNING,False
SESS_2026092449,TRD_10749,NOVICE_UNDER_6M,70810,FINNIFTY,43,6,2.37,3,True,-5490.68,2187.08,-7677.76,0.2849,61.4,2.6,56.3,SL_DRAG_FRICTION_WARNING,True
SESS_2026092450,TRD_10750,NOVICE_UNDER_6M,44535,BANKNIFTY,26,0,1.24,0,False,2390.84,1533.47,857.37,0.0,16.3,17.5,15.8,NONE,True
SESS_2026092451,TRD_10751,NOVICE_UNDER_6M,57901,NIFTY,55,10,3.96,3,False,-5507.25,2883.84,-8391.09,0.3437,67.9,5.8,79.4,MANDATORY_COOLOFF_15MIN_LOCKOUT,True
SESS_2026092452,TRD_10752,EXPERIENCED_3Y_PLUS,898415,NIFTY,15,1,1.05,0,True,21799.78,842.63,20957.15,0.0,12.7,32.4,22.4,0DTE_HERO_OR_ZERO_THETA_DECAY_WARNING,True
SESS_2026092453,TRD_10753,ALGO_SEMI_AUTOMATED,1941387,NIFTY,90,0,1.07,0,False,265382.57,4450.47,260932.1,0.0,8.0,23.1,29.7,NONE,True
SESS_2026092454,TRD_10754,INTERMEDIATE_1_2Y,148078,BANKNIFTY,25,0,1.07,0,False,23415.07,1697.37,21717.7,0.0,14.6,16.7,11.7,NONE,True
SESS_2026092455,TRD_10755,EXPERIENCED_3Y_PLUS,356968,BANKNIFTY,12,0,1.25,0,False,12609.88,790.57,11819.31,0.0,6.0,12.3,9.1,NONE,True
SESS_2026092456,TRD_10756,INTERMEDIATE_1_2Y,64218,NIFTY,37,0,1.04,0,False,221.56,2230.76,-2009.2,0.9097,11.8,29.9,15.7,NONE,True
SESS_2026092457,TRD_10757,NOVICE_UNDER_6M,55112,FINNIFTY,32,0,0.98,0,False,-6127.51,2276.28,-8403.79,0.2709,16.1,29.3,7.1,NONE,True
SESS_2026092458,TRD_10758,NOVICE_UNDER_6M,64809,NIFTY,25,6,3.63,3,True,-16586.82,1610.47,-18197.29,0.0885,40.2,4.2,64.2,SL_DRAG_FRICTION_WARNING,False
SESS_2026092459,TRD_10759,INTERMEDIATE_1_2Y,232070,NIFTY,34,5,2.99,1,True,-40409.96,2048.02,-42457.98,0.0482,43.0,3.4,49.8,SL_DRAG_FRICTION_WARNING,True
SESS_2026092460,TRD_10760,ALGO_SEMI_AUTOMATED,1422143,BANKNIFTY,78,0,0.91,0,False,78765.59,5156.98,73608.61,0.0,6.5,19.1,24.9,NONE,True
SESS_2026092461,TRD_10761,INTERMEDIATE_1_2Y,111405,SENSEX,31,0,0.99,0,False,-5042.94,1615.84,-6658.78,0.2427,10.7,33.9,16.1,NONE,True
SESS_2026092462,TRD_10762,NOVICE_UNDER_6M,67568,NIFTY,62,2,4.28,3,False,-19997.55,4107.77,-24105.32,0.1704,48.1,5.9,64.7,MARTINGALE_LOT_SIZE_OVERRIDE_ALERT,True
SESS_2026092463,TRD_10763,INTERMEDIATE_1_2Y,167054,NIFTY,17,5,3.79,2,True,-29691.3,1050.5,-30741.8,0.0342,60.4,3.0,55.8,SL_DRAG_FRICTION_WARNING,False
SESS_2026092464,TRD_10764,INTERMEDIATE_1_2Y,86039,FINNIFTY,39,0,1.03,0,False,-5054.18,2333.04,-7387.22,0.3158,10.9,33.4,18.3,NONE,True
SESS_2026092465,TRD_10765,NOVICE_UNDER_6M,33938,NIFTY,36,5,3.86,3,True,-5068.47,1917.32,-6985.79,0.2745,32.0,5.9,79.4,MANDATORY_COOLOFF_15MIN_LOCKOUT,False
SESS_2026092466,TRD_10766,ALGO_SEMI_AUTOMATED,1070891,BANKNIFTY,92,0,1.0,0,False,41811.94,6370.84,35441.1,0.0,11.7,29.6,27.4,NONE,True
SESS_2026092467,TRD_10767,INTERMEDIATE_1_2Y,132150,NIFTY,33,9,2.76,2,True,-41692.43,1682.04,-43374.47,0.0388,34.6,6.4,65.3,SL_DRAG_FRICTION_WARNING,True
SESS_2026092468,TRD_10768,EXPERIENCED_3Y_PLUS,1117127,BANKNIFTY,16,0,1.03,0,False,-4501.48,978.21,-5479.69,0.1785,7.0,20.3,13.7,NONE,True
SESS_2026092469,TRD_10769,INTERMEDIATE_1_2Y,117834,SENSEX,15,0,1.13,0,False,1390.95,858.83,532.12,0.0,7.4,33.8,10.4,NONE,True
SESS_2026092470,TRD_10770,NOVICE_UNDER_6M,24984,BANKNIFTY,66,0,1.02,0,False,930.14,3319.84,-2389.7,0.7811,9.7,28.7,16.7,NONE,True
SESS_2026092471,TRD_10771,EXPERIENCED_3Y_PLUS,979438,NIFTY,15,1,1.01,0,False,-10257.89,953.17,-11211.06,0.085,14.6,26.5,13.7,NONE,True
SESS_2026092472,TRD_10772,INTERMEDIATE_1_2Y,324819,FINNIFTY,31,0,1.09,0,False,2869.37,1960.93,908.44,0.0,17.5,24.1,13.2,NONE,True
SESS_2026092473,TRD_10773,INTERMEDIATE_1_2Y,156402,BANKNIFTY,46,0,1.1,0,True,-13496.53,2770.83,-16267.36,0.1703,10.5,17.5,23.1,0DTE_HERO_OR_ZERO_THETA_DECAY_WARNING,False
SESS_2026092474,TRD_10774,EXPERIENCED_3Y_PLUS,1022043,SENSEX,14,0,1.14,0,False,-130425.12,818.47,-131243.59,0.0062,14.7,14.9,15.6,NONE,True
SESS_2026092475,TRD_10775,NOVICE_UNDER_6M,48383,NIFTY,41,1,1.09,0,False,-4191.21,2261.08,-6452.29,0.3504,9.6,21.6,16.4,NONE,True
SESS_2026092476,TRD_10776,NOVICE_UNDER_6M,49888,BANKNIFTY,43,4,3.45,3,True,-13692.11,2384.35,-16076.46,0.1483,61.5,3.2,67.0,SL_DRAG_FRICTION_WARNING,True
SESS_2026092477,TRD_10777,INTERMEDIATE_1_2Y,134228,BANKNIFTY,30,1,1.01,0,False,2453.15,1882.86,570.29,0.0,17.8,17.2,14.4,NONE,True
SESS_2026092478,TRD_10778,NOVICE_UNDER_6M,66794,BANKNIFTY,27,6,3.0,3,True,-17767.18,1344.27,-19111.45,0.0703,46.8,5.3,66.5,SL_DRAG_FRICTION_WARNING,True
SESS_2026092479,TRD_10779,NOVICE_UNDER_6M,34980,BANKNIFTY,53,4,3.94,2,True,-6374.1,2757.37,-9131.47,0.302,58.6,3.1,67.3,SL_DRAG_FRICTION_WARNING,True
SESS_2026092480,TRD_10780,INTERMEDIATE_1_2Y,196116,NIFTY,26,0,0.98,0,False,-8392.72,1381.43,-9774.15,0.1413,9.4,23.6,17.0,NONE,True
SESS_2026092481,TRD_10781,NOVICE_UNDER_6M,44231,BANKNIFTY,49,0,1.08,0,False,5999.55,2378.94,3620.61,0.0,12.2,21.1,19.3,NONE,True
SESS_2026092482,TRD_10782,INTERMEDIATE_1_2Y,153844,NIFTY,53,1,1.01,0,False,14380.63,3342.75,11037.88,0.0,11.4,29.7,24.1,NONE,True
SESS_2026092483,TRD_10783,ALGO_SEMI_AUTOMATED,1299505,BANKNIFTY,64,0,1.05,0,False,42389.65,3992.79,38396.86,0.0,6.7,30.8,26.1,NONE,True
SESS_2026092484,TRD_10784,ALGO_SEMI_AUTOMATED,1493487,BANKNIFTY,112,0,1.09,0,False,-4950.96,6039.73,-10990.69,0.5495,6.2,20.1,22.1,NONE,True
SESS_2026092485,TRD_10785,INTERMEDIATE_1_2Y,178683,SENSEX,22,0,1.11,0,False,16406.47,1448.94,14957.53,0.0,12.5,29.7,17.0,NONE,True
SESS_2026092486,TRD_10786,INTERMEDIATE_1_2Y,228592,BANKNIFTY,49,6,3.43,3,True,-51299.99,2872.38,-54172.37,0.053,42.2,6.9,72.2,SL_DRAG_FRICTION_WARNING,True
SESS_2026092487,TRD_10787,NOVICE_UNDER_6M,31655,BANKNIFTY,36,0,1.25,0,False,594.78,2076.43,-1481.65,0.7773,15.8,20.2,14.9,NONE,True
SESS_2026092488,TRD_10788,NOVICE_UNDER_6M,41871,NIFTY,24,4,3.0,1,True,-6612.62,1376.6,-7989.22,0.1723,68.0,5.2,43.2,SL_DRAG_FRICTION_WARNING,True
SESS_2026092489,TRD_10789,NOVICE_UNDER_6M,39945,NIFTY,25,0,1.02,0,False,-3221.68,1692.15,-4913.83,0.3444,13.1,16.1,16.4,NONE,True
SESS_2026092490,TRD_10790,ALGO_SEMI_AUTOMATED,1811358,NIFTY,65,1,0.95,0,False,-62700.58,4090.16,-66790.74,0.0612,6.5,19.6,24.1,NONE,True
SESS_2026092491,TRD_10791,INTERMEDIATE_1_2Y,130173,SENSEX,39,5,3.21,2,False,-18201.65,2270.76,-20472.41,0.1109,54.1,5.3,54.8,SL_DRAG_FRICTION_WARNING,True
SESS_2026092492,TRD_10792,INTERMEDIATE_1_2Y,99311,NIFTY,23,0,1.12,0,False,-2707.57,1539.34,-4246.91,0.3625,10.9,19.2,12.2,NONE,True
SESS_2026092493,TRD_10793,INTERMEDIATE_1_2Y,206583,BANKNIFTY,32,0,0.94,0,False,-10844.7,1702.41,-12547.11,0.1357,7.5,24.0,9.2,NONE,True
SESS_2026092494,TRD_10794,INTERMEDIATE_1_2Y,102454,SENSEX,29,1,0.91,0,False,-14986.3,1992.37,-16978.67,0.1173,12.2,19.3,17.7,NONE,True
SESS_2026092495,TRD_10795,ALGO_SEMI_AUTOMATED,2191066,BANKNIFTY,52,0,1.27,0,False,149449.59,3564.48,145885.11,0.0,6.8,31.7,24.7,NONE,True
SESS_2026092496,TRD_10796,NOVICE_UNDER_6M,31917,BANKNIFTY,37,0,1.03,0,False,608.57,2460.4,-1851.83,0.8017,15.7,25.7,22.2,NONE,True
SESS_2026092497,TRD_10797,NOVICE_UNDER_6M,51955,SENSEX,45,5,2.54,1,False,-6215.35,2604.73,-8820.08,0.2953,65.5,3.1,51.7,SL_DRAG_FRICTION_WARNING,True
SESS_2026092498,TRD_10798,NOVICE_UNDER_6M,47650,NIFTY,49,5,3.37,3,True,-9106.86,3235.43,-12342.29,0.2621,32.4,6.3,74.8,SL_DRAG_FRICTION_WARNING,False
SESS_2026092499,TRD_10799,EXPERIENCED_3Y_PLUS,1256048,BANKNIFTY,24,0,1.05,0,False,-86414.44,1492.41,-87906.85,0.017,7.2,21.7,11.2,NONE,True
SESS_2026092500,TRD_10800,NOVICE_UNDER_6M,37643,BANKNIFTY,21,0,1.07,0,False,4446.99,1396.92,3050.07,0.0,7.6,24.9,12.2,NONE,True
SESS_2026092501,TRD_10801,EXPERIENCED_3Y_PLUS,1229389,NIFTY,23,0,1.21,0,False,-26338.33,1499.42,-27837.75,0.0539,10.4,24.8,19.4,NONE,True
SESS_2026092502,TRD_10802,EXPERIENCED_3Y_PLUS,515801,NIFTY,4,0,1.11,0,False,31974.31,263.1,31711.21,0.0,17.8,32.8,7.8,NONE,True
SESS_2026092503,TRD_10803,INTERMEDIATE_1_2Y,274254,SENSEX,56,0,1.22,0,False,-22283.9,3433.07,-25716.97,0.1335,11.9,14.1,17.6,NONE,True
SESS_2026092504,TRD_10804,NOVICE_UNDER_6M,28491,BANKNIFTY,41,9,3.62,1,True,-5630.31,2798.26,-8428.57,0.332,57.3,3.2,70.2,SL_DRAG_FRICTION_WARNING,True
SESS_2026092505,TRD_10805,NOVICE_UNDER_6M,43146,BANKNIFTY,55,6,3.73,1,True,-12435.51,3514.83,-15950.34,0.2204,32.5,2.6,63.8,SL_DRAG_FRICTION_WARNING,True
SESS_2026092506,TRD_10806,INTERMEDIATE_1_2Y,174765,BANKNIFTY,34,0,1.16,0,False,2040.83,1962.12,78.71,0.0,14.4,26.6,7.9,NONE,True
SESS_2026092507,TRD_10807,NOVICE_UNDER_6M,43215,NIFTY,29,4,2.27,2,True,-12584.43,1463.84,-14048.27,0.1042,50.9,4.0,45.4,SL_DRAG_FRICTION_WARNING,True
SESS_2026092508,TRD_10808,NOVICE_UNDER_6M,49492,NIFTY,12,8,3.15,1,True,-6409.6,649.92,-7059.52,0.0921,28.8,5.1,56.5,SL_DRAG_FRICTION_WARNING,True
SESS_2026092509,TRD_10809,INTERMEDIATE_1_2Y,150788,SENSEX,22,9,2.17,2,True,-23816.73,1537.39,-25354.12,0.0606,65.6,5.7,54.0,SL_DRAG_FRICTION_WARNING,True
SESS_2026092510,TRD_10810,INTERMEDIATE_1_2Y,240963,BANKNIFTY,34,0,1.03,0,False,1679.93,2311.8,-631.87,0.5791,8.6,26.2,14.8,NONE,True
SESS_2026092511,TRD_10811,ALGO_SEMI_AUTOMATED,1171796,BANKNIFTY,80,0,0.98,0,False,-11459.22,5490.04,-16949.26,0.3239,6.2,26.3,21.4,NONE,True
SESS_2026092512,TRD_10812,EXPERIENCED_3Y_PLUS,825986,BANKNIFTY,26,8,3.63,3,True,-298404.36,1622.76,-300027.12,0.0054,45.3,4.0,71.3,SL_DRAG_FRICTION_WARNING,True
SESS_2026092513,TRD_10813,NOVICE_UNDER_6M,62651,NIFTY,27,10,3.14,2,True,-17440.4,1883.5,-19323.9,0.0975,60.6,6.5,69.6,SL_DRAG_FRICTION_WARNING,True
SESS_2026092514,TRD_10814,INTERMEDIATE_1_2Y,227443,NIFTY,34,8,4.5,1,False,-51647.83,1987.28,-53635.11,0.0371,44.3,5.8,65.3,SL_DRAG_FRICTION_WARNING,True
SESS_2026092515,TRD_10815,NOVICE_UNDER_6M,40127,BANKNIFTY,61,1,1.05,0,True,3088.87,4020.16,-931.29,0.5655,10.8,20.7,26.9,0DTE_HERO_OR_ZERO_THETA_DECAY_WARNING,False
SESS_2026092516,TRD_10816,INTERMEDIATE_1_2Y,129499,BANKNIFTY,17,1,1.22,0,False,-9107.55,889.16,-9996.71,0.0889,14.6,15.4,15.9,NONE,True
SESS_2026092517,TRD_10817,NOVICE_UNDER_6M,60983,NIFTY,31,6,3.79,2,True,-14998.13,1568.35,-16566.48,0.0947,55.0,6.4,66.2,SL_DRAG_FRICTION_WARNING,False
SESS_2026092518,TRD_10818,INTERMEDIATE_1_2Y,84465,MIDCPNIFTY,38,5,3.76,2,True,-19623.16,2162.78,-21785.94,0.0993,29.4,5.6,60.6,SL_DRAG_FRICTION_WARNING,False
SESS_2026092519,TRD_10819,INTERMEDIATE_1_2Y,188859,FINNIFTY,21,4,3.74,3,True,-26631.93,1144.52,-27776.45,0.0412,29.3,2.7,63.0,SL_DRAG_FRICTION_WARNING,True
SESS_2026092520,TRD_10820,INTERMEDIATE_1_2Y,217138,BANKNIFTY,36,0,1.2,0,False,14606.35,2193.05,12413.3,0.0,6.9,31.8,18.4,NONE,True
SESS_2026092521,TRD_10821,NOVICE_UNDER_6M,39946,BANKNIFTY,57,1,1.18,0,False,3545.65,2797.74,747.91,0.0,15.1,15.5,20.9,NONE,True
SESS_2026092522,TRD_10822,INTERMEDIATE_1_2Y,105859,BANKNIFTY,47,0,1.0,0,False,3705.46,3097.31,608.15,0.0,13.5,25.0,20.2,NONE,True
SESS_2026092523,TRD_10823,INTERMEDIATE_1_2Y,68037,BANKNIFTY,12,1,0.98,0,False,-560.06,798.44,-1358.5,0.5877,17.7,19.9,13.2,NONE,True
SESS_2026092524,TRD_10824,NOVICE_UNDER_6M,57309,BANKNIFTY,32,5,3.31,2,True,-19582.27,1699.74,-21282.01,0.0799,72.2,3.7,57.4,SL_DRAG_FRICTION_WARNING,False
SESS_2026092525,TRD_10825,NOVICE_UNDER_6M,34681,SENSEX,46,0,1.01,0,False,-1968.9,2336.9,-4305.8,0.5427,8.2,26.7,14.6,NONE,True
SESS_2026092526,TRD_10826,NOVICE_UNDER_6M,65438,NIFTY,65,0,1.07,0,False,-1621.32,3984.27,-5605.59,0.7108,17.8,17.8,18.4,NONE,True
SESS_2026092527,TRD_10827,NOVICE_UNDER_6M,46692,BANKNIFTY,11,5,3.2,4,True,-4448.11,607.0,-5055.11,0.1201,51.6,4.7,61.9,SL_DRAG_FRICTION_WARNING,True
SESS_2026092528,TRD_10828,NOVICE_UNDER_6M,60983,NIFTY,33,0,0.95,0,False,4358.77,2151.69,2207.08,0.0,8.5,27.7,12.4,NONE,True
SESS_2026092529,TRD_10829,INTERMEDIATE_1_2Y,113096,NIFTY,24,0,1.03,0,True,-4229.96,1669.52,-5899.48,0.283,13.9,23.1,20.3,0DTE_HERO_OR_ZERO_THETA_DECAY_WARNING,True
SESS_2026092530,TRD_10830,EXPERIENCED_3Y_PLUS,977944,FINNIFTY,11,8,2.06,2,True,-166189.95,685.74,-166875.69,0.0041,39.3,2.7,55.1,SL_DRAG_FRICTION_WARNING,True
SESS_2026092531,TRD_10831,INTERMEDIATE_1_2Y,125755,NIFTY,19,8,4.07,1,True,-20251.21,1316.55,-21567.76,0.061,67.6,3.1,61.9,SL_DRAG_FRICTION_WARNING,False
SESS_2026092532,TRD_10832,INTERMEDIATE_1_2Y,281924,NIFTY,17,1,0.93,0,True,6880.11,908.32,5971.79,0.0,6.5,16.7,16.8,0DTE_HERO_OR_ZERO_THETA_DECAY_WARNING,True
SESS_2026092533,TRD_10833,INTERMEDIATE_1_2Y,208894,NIFTY,35,1,1.09,0,False,23667.58,2109.86,21557.72,0.0,12.3,14.1,23.4,NONE,True
SESS_2026092534,TRD_10834,EXPERIENCED_3Y_PLUS,344699,NIFTY,20,0,0.97,0,False,-18419.83,1169.81,-19589.64,0.0597,7.8,26.0,15.5,NONE,True
SESS_2026092535,TRD_10835,INTERMEDIATE_1_2Y,162602,BANKNIFTY,21,0,0.99,0,False,-5294.39,1288.6,-6582.99,0.1957,8.2,32.0,10.1,NONE,True
SESS_2026092536,TRD_10836,INTERMEDIATE_1_2Y,280194,NIFTY,26,4,2.53,2,False,-86375.22,1495.32,-87870.54,0.017,61.9,6.5,40.4,SL_DRAG_FRICTION_WARNING,True
SESS_2026092537,TRD_10837,ALGO_SEMI_AUTOMATED,1494564,BANKNIFTY,25,5,3.16,5,False,-145549.39,1426.58,-146975.97,0.0097,45.1,2.0,61.8,SL_DRAG_FRICTION_WARNING,True
SESS_2026092538,TRD_10838,INTERMEDIATE_1_2Y,108336,NIFTY,56,0,1.17,0,False,-8447.53,3802.17,-12249.7,0.3104,14.2,24.4,23.8,NONE,True
SESS_2026092539,TRD_10839,INTERMEDIATE_1_2Y,149147,BANKNIFTY,50,6,2.88,2,True,-46584.11,3420.59,-50004.7,0.0684,60.4,3.1,69.4,SL_DRAG_FRICTION_WARNING,False
SESS_2026092540,TRD_10840,NOVICE_UNDER_6M,55834,NIFTY,30,1,1.07,0,False,1687.83,1725.91,-38.08,0.5056,6.4,21.3,20.8,NONE,True
SESS_2026092541,TRD_10841,EXPERIENCED_3Y_PLUS,1377927,NIFTY,8,0,0.99,0,False,124524.13,491.98,124032.15,0.0,15.7,18.4,6.1,NONE,True
SESS_2026092542,TRD_10842,NOVICE_UNDER_6M,32988,BANKNIFTY,36,8,3.19,1,False,-8605.64,1931.07,-10536.71,0.1833,34.1,2.1,54.9,SL_DRAG_FRICTION_WARNING,True
SESS_2026092543,TRD_10843,INTERMEDIATE_1_2Y,69962,NIFTY,29,0,1.14,0,False,2574.57,1897.72,676.85,0.0,17.4,14.2,14.7,NONE,True
SESS_2026092544,TRD_10844,INTERMEDIATE_1_2Y,179640,NIFTY,47,0,1.07,0,False,2206.7,2478.59,-271.89,0.529,6.9,17.7,23.9,NONE,True
SESS_2026092545,TRD_10845,NOVICE_UNDER_6M,44802,NIFTY,58,6,2.69,2,True,-9919.75,3286.35,-13206.1,0.2489,49.6,4.4,67.0,SL_DRAG_FRICTION_WARNING,True
SESS_2026092546,TRD_10846,EXPERIENCED_3Y_PLUS,367457,NIFTY,23,1,1.0,0,False,25431.89,1410.58,24021.31,0.0,13.0,17.1,20.2,NONE,True
SESS_2026092547,TRD_10847,NOVICE_UNDER_6M,59477,BANKNIFTY,23,0,0.99,0,False,4778.61,1167.47,3611.14,0.0,6.2,30.7,11.4,NONE,True
SESS_2026092548,TRD_10848,EXPERIENCED_3Y_PLUS,1082450,NIFTY,6,4,2.49,2,False,-340709.44,427.94,-341137.38,0.0013,40.4,2.9,36.9,SL_DRAG_FRICTION_WARNING,True
SESS_2026092549,TRD_10849,NOVICE_UNDER_6M,76117,NIFTY,39,8,3.35,2,False,-12149.13,2644.69,-14793.82,0.1788,44.2,6.1,63.2,SL_DRAG_FRICTION_WARNING,True
SESS_2026092550,TRD_10000,NOVICE_UNDER_6M,25274,BANKNIFTY,52,0,1.02,0,False,-2934.74,3062.83,-5997.57,0.5107,8.7,27.2,23.3,NONE,True
SESS_2026092551,TRD_10001,INTERMEDIATE_1_2Y,198260,NIFTY,24,3,3.63,1,False,-49676.16,1280.86,-50957.02,0.0251,63.1,4.3,42.6,SL_DRAG_FRICTION_WARNING,True
SESS_2026092552,TRD_10002,NOVICE_UNDER_6M,43361,NIFTY,49,1,1.25,0,False,-312.66,3133.54,-3446.2,0.9093,16.9,26.3,23.6,NONE,True
SESS_2026092553,TRD_10003,NOVICE_UNDER_6M,66640,NIFTY,33,7,3.28,1,True,-23729.34,2348.33,-26077.67,0.0901,41.8,5.4,55.4,SL_DRAG_FRICTION_WARNING,True
SESS_2026092554,TRD_10004,INTERMEDIATE_1_2Y,115708,MIDCPNIFTY,40,1,0.91,0,False,-14.95,2580.35,-2595.3,0.9942,11.1,19.8,22.5,NONE,True
SESS_2026092555,TRD_10005,ALGO_SEMI_AUTOMATED,1384591,SENSEX,38,0,1.1,0,False,207607.17,2260.71,205346.46,0.0,17.3,23.5,13.3,NONE,True
SESS_2026092556,TRD_10006,INTERMEDIATE_1_2Y,241680,BANKNIFTY,47,0,1.22,0,False,-10167.18,2815.7,-12982.88,0.2169,17.9,21.4,21.4,NONE,True
SESS_2026092557,TRD_10007,NOVICE_UNDER_6M,47273,BANKNIFTY,52,0,1.08,0,False,79.69,3314.47,-3234.78,0.9765,15.6,28.9,22.6,NONE,True
SESS_2026092558,TRD_10008,INTERMEDIATE_1_2Y,144378,BANKNIFTY,32,0,1.24,0,False,9784.1,1719.26,8064.84,0.0,10.2,31.4,21.3,NONE,True
SESS_2026092559,TRD_10009,INTERMEDIATE_1_2Y,252963,NIFTY,33,0,1.0,0,False,4458.23,1588.4,2869.83,0.0,8.9,23.4,9.2,NONE,True
SESS_2026092560,TRD_10010,NOVICE_UNDER_6M,55967,FINNIFTY,43,1,1.01,0,False,-6490.79,2519.04,-9009.83,0.2796,13.5,19.7,21.4,NONE,True
SESS_2026092561,TRD_10011,NOVICE_UNDER_6M,63281,BANKNIFTY,14,0,1.03,0,False,6935.78,867.0,6068.78,0.0,8.4,24.3,8.1,NONE,True
SESS_2026092562,TRD_10012,EXPERIENCED_3Y_PLUS,469715,BANKNIFTY,17,1,1.01,0,False,32146.27,827.9,31318.37,0.0,6.5,33.1,14.2,NONE,True
SESS_2026092563,TRD_10013,INTERMEDIATE_1_2Y,302710,NIFTY,44,2,4.17,2,False,-84750.97,2160.46,-86911.43,0.0249,60.3,6.2,57.5,MARTINGALE_LOT_SIZE_OVERRIDE_ALERT,False
SESS_2026092564,TRD_10014,NOVICE_UNDER_6M,34550,SENSEX,30,6,3.54,2,True,-9991.05,1747.47,-11738.52,0.1489,39.6,4.0,57.9,SL_DRAG_FRICTION_WARNING,False
SESS_2026092565,TRD_10015,INTERMEDIATE_1_2Y,145531,BANKNIFTY,25,4,4.09,1,True,-35081.19,1266.88,-36348.07,0.0349,66.1,4.9,43.4,SL_DRAG_FRICTION_WARNING,True
SESS_2026092566,TRD_10016,NOVICE_UNDER_6M,58631,NIFTY,44,0,1.15,0,True,1370.17,2572.64,-1202.47,0.6525,16.5,12.5,19.8,0DTE_HERO_OR_ZERO_THETA_DECAY_WARNING,False
SESS_2026092567,TRD_10017,ALGO_SEMI_AUTOMATED,1652209,NIFTY,44,0,1.08,0,False,2823.98,3163.61,-339.63,0.5284,12.8,22.8,19.0,NONE,True
SESS_2026092568,TRD_10018,INTERMEDIATE_1_2Y,252788,NIFTY,10,4,4.2,2,True,-58034.68,530.49,-58565.17,0.0091,38.5,6.7,52.3,SL_DRAG_FRICTION_WARNING,False
SESS_2026092569,TRD_10019,INTERMEDIATE_1_2Y,198801,FINNIFTY,38,1,0.94,0,False,690.64,2128.72,-1438.08,0.755,6.3,21.3,25.7,NONE,True
SESS_2026092570,TRD_10020,INTERMEDIATE_1_2Y,220304,NIFTY,13,8,3.68,3,True,-30661.65,748.53,-31410.18,0.0238,33.0,2.9,71.0,SL_DRAG_FRICTION_WARNING,True
SESS_2026092571,TRD_10021,INTERMEDIATE_1_2Y,112766,SENSEX,26,7,3.34,2,True,-14497.85,1403.04,-15900.89,0.0882,60.0,6.8,63.8,SL_DRAG_FRICTION_WARNING,True
SESS_2026092572,TRD_10022,NOVICE_UNDER_6M,47614,SENSEX,11,0,1.05,0,True,-869.25,697.27,-1566.52,0.4451,6.5,30.5,15.7,0DTE_HERO_OR_ZERO_THETA_DECAY_WARNING,True
SESS_2026092573,TRD_10023,INTERMEDIATE_1_2Y,79281,SENSEX,11,0,1.13,0,False,-3376.91,783.81,-4160.72,0.1884,9.6,24.2,11.2,NONE,True
SESS_2026092574,TRD_10024,INTERMEDIATE_1_2Y,234162,NIFTY,20,0,1.05,0,False,8660.39,963.47,7696.92,0.0,16.4,27.2,11.7,NONE,True
SESS_2026092575,TRD_10025,NOVICE_UNDER_6M,33926,NIFTY,23,2,2.53,2,False,-5790.04,1547.58,-7337.62,0.2109,50.3,6.0,41.1,MARTINGALE_LOT_SIZE_OVERRIDE_ALERT,True
SESS_2026092576,TRD_10026,EXPERIENCED_3Y_PLUS,917904,SENSEX,7,0,1.13,0,False,-39419.32,343.0,-39762.32,0.0086,9.2,18.0,5.4,NONE,True
SESS_2026092577,TRD_10027,INTERMEDIATE_1_2Y,132666,NIFTY,37,4,2.71,3,True,-20264.73,2508.47,-22773.2,0.1102,69.4,4.2,56.5,SL_DRAG_FRICTION_WARNING,True
SESS_2026092578,TRD_10028,NOVICE_UNDER_6M,51725,SENSEX,48,5,2.76,4,True,-10469.7,2767.34,-13237.04,0.2091,31.5,6.7,69.1,SL_DRAG_FRICTION_WARNING,True
SESS_2026092579,TRD_10029,INTERMEDIATE_1_2Y,263488,NIFTY,46,10,3.06,5,False,-56999.46,3094.78,-60094.24,0.0515,26.5,5.0,78.6,MANDATORY_COOLOFF_15MIN_LOCKOUT,True
SESS_2026092580,TRD_10030,INTERMEDIATE_1_2Y,231023,NIFTY,13,5,4.34,1,True,-71468.82,798.23,-72267.05,0.011,73.7,5.0,56.4,SL_DRAG_FRICTION_WARNING,True
SESS_2026092581,TRD_10031,NOVICE_UNDER_6M,37341,BANKNIFTY,42,7,3.82,3,True,-14136.01,2548.57,-16684.58,0.1528,50.9,6.0,74.6,SL_DRAG_FRICTION_WARNING,True
SESS_2026092582,TRD_10032,NOVICE_UNDER_6M,54613,MIDCPNIFTY,38,0,1.2,0,False,-2916.39,2294.78,-5211.17,0.4404,12.4,28.3,11.8,NONE,True
SESS_2026092583,TRD_10033,NOVICE_UNDER_6M,51017,NIFTY,55,0,1.0,0,False,162.08,2778.57,-2616.49,0.9449,13.7,19.5,23.0,NONE,True
SESS_2026092584,TRD_10034,NOVICE_UNDER_6M,62732,SENSEX,36,8,2.72,2,True,-13650.91,2478.02,-16128.93,0.1536,71.6,6.3,65.7,SL_DRAG_FRICTION_WARNING,False
SESS_2026092585,TRD_10035,NOVICE_UNDER_6M,43402,BANKNIFTY,34,6,3.35,3,True,-16482.03,2050.85,-18532.88,0.1107,41.9,2.2,68.8,SL_DRAG_FRICTION_WARNING,True
SESS_2026092586,TRD_10036,NOVICE_UNDER_6M,56097,NIFTY,53,0,1.0,0,False,-1653.7,3592.84,-5246.54,0.6848,10.7,27.5,20.6,NONE,True
SESS_2026092587,TRD_10037,NOVICE_UNDER_6M,40556,SENSEX,46,0,1.12,0,False,-721.74,2528.69,-3250.43,0.778,7.6,17.9,15.2,NONE,True
SESS_2026092588,TRD_10038,EXPERIENCED_3Y_PLUS,504271,NIFTY,12,1,1.08,0,False,32821.35,845.04,31976.31,0.0,15.4,25.8,10.9,NONE,True
SESS_2026092589,TRD_10039,INTERMEDIATE_1_2Y,166271,FINNIFTY,42,0,1.1,0,False,9338.14,2471.64,6866.5,0.0,15.3,18.9,20.5,NONE,True
SESS_2026092590,TRD_10040,NOVICE_UNDER_6M,47488,SENSEX,35,9,3.09,4,True,-7146.0,2298.8,-9444.8,0.2434,35.8,4.2,78.9,MANDATORY_COOLOFF_15MIN_LOCKOUT,True
SESS_2026092591,TRD_10041,NOVICE_UNDER_6M,51591,FINNIFTY,12,4,3.02,2,False,-10094.28,695.82,-10790.1,0.0645,52.4,3.6,41.7,SL_DRAG_FRICTION_WARNING,False
SESS_2026092592,TRD_10042,INTERMEDIATE_1_2Y,276648,FINNIFTY,42,5,2.74,3,False,-91558.29,2382.93,-93941.22,0.0254,57.9,4.4,58.5,SL_DRAG_FRICTION_WARNING,False
SESS_2026092593,TRD_10043,INTERMEDIATE_1_2Y,225823,NIFTY,25,7,2.11,2,False,-53633.44,1607.72,-55241.16,0.0291,70.6,6.9,55.9,SL_DRAG_FRICTION_WARNING,True
SESS_2026092594,TRD_10044,EXPERIENCED_3Y_PLUS,477424,NIFTY,7,0,1.22,0,False,48412.3,443.01,47969.29,0.0,8.4,14.4,13.3,NONE,True
SESS_2026092595,TRD_10045,NOVICE_UNDER_6M,70878,BANKNIFTY,29,4,3.06,5,False,-22590.07,1477.63,-24067.7,0.0614,43.2,4.2,59.6,SL_DRAG_FRICTION_WARNING,False
SESS_2026092596,TRD_10046,INTERMEDIATE_1_2Y,295095,FINNIFTY,33,8,4.36,2,False,-111999.33,2233.73,-114233.06,0.0196,63.2,4.1,64.3,SL_DRAG_FRICTION_WARNING,True
SESS_2026092597,TRD_10047,NOVICE_UNDER_6M,59687,SENSEX,38,5,3.72,2,True,-11782.16,2333.95,-14116.11,0.1653,29.4,6.6,59.2,SL_DRAG_FRICTION_WARNING,True
SESS_2026092598,TRD_10048,INTERMEDIATE_1_2Y,94308,NIFTY,35,0,0.99,0,False,1963.02,2491.04,-528.02,0.5593,16.6,29.9,19.2,NONE,True
SESS_2026092599,TRD_10049,NOVICE_UNDER_6M,45107,NIFTY,36,0,1.09,0,True,2809.58,2204.81,604.77,0.0,7.1,20.5,17.8,0DTE_HERO_OR_ZERO_THETA_DECAY_WARNING,False
SESS_2026092600,TRD_10050,NOVICE_UNDER_6M,31800,MIDCPNIFTY,30,3,3.15,1,True,-9610.75,1596.34,-11207.09,0.1424,34.5,5.4,44.7,SL_DRAG_FRICTION_WARNING,True
SESS_2026092601,TRD_10051,INTERMEDIATE_1_2Y,112319,BANKNIFTY,7,0,1.07,0,False,18035.64,346.55,17689.09,0.0,12.2,33.7,8.1,NONE,True
SESS_2026092602,TRD_10052,ALGO_SEMI_AUTOMATED,1549252,NIFTY,53,1,1.06,0,False,-28355.94,3495.11,-31851.05,0.1097,10.9,22.4,22.2,NONE,True
SESS_2026092603,TRD_10053,EXPERIENCED_3Y_PLUS,429553,BANKNIFTY,4,0,0.99,0,False,-2201.75,206.29,-2408.04,0.0857,15.2,22.0,14.6,NONE,True
SESS_2026092604,TRD_10054,EXPERIENCED_3Y_PLUS,1011147,NIFTY,12,0,1.05,0,False,55178.15,748.59,54429.56,0.0,15.2,29.6,8.0,NONE,True
SESS_2026092605,TRD_10055,EXPERIENCED_3Y_PLUS,773397,NIFTY,18,1,1.04,0,False,-26662.3,1091.44,-27753.74,0.0393,9.3,25.0,15.3,NONE,True
SESS_2026092606,TRD_10056,NOVICE_UNDER_6M,53427,SENSEX,28,1,1.15,0,False,-1609.55,1405.72,-3015.27,0.4662,15.5,26.2,14.6,NONE,True
SESS_2026092607,TRD_10057,NOVICE_UNDER_6M,44598,BANKNIFTY,41,4,4.42,3,False,-9986.82,2524.3,-12511.12,0.2018,54.2,2.1,71.8,SL_DRAG_FRICTION_WARNING,True
SESS_2026092608,TRD_10058,NOVICE_UNDER_6M,57816,BANKNIFTY,39,7,3.95,1,False,-8925.53,2411.64,-11337.17,0.2127,58.1,4.7,60.6,SL_DRAG_FRICTION_WARNING,True
SESS_2026092609,TRD_10059,NOVICE_UNDER_6M,52130,NIFTY,55,5,3.29,1,True,-9964.74,3661.07,-13625.81,0.2687,48.4,3.2,56.8,SL_DRAG_FRICTION_WARNING,True
SESS_2026092610,TRD_10060,NOVICE_UNDER_6M,44087,BANKNIFTY,44,5,4.32,3,False,-13225.53,3092.22,-16317.75,0.1895,73.2,4.5,69.5,SL_DRAG_FRICTION_WARNING,True
SESS_2026092611,TRD_10061,NOVICE_UNDER_6M,59510,NIFTY,56,1,1.1,0,False,-1410.33,3764.73,-5175.06,0.7275,14.0,30.2,21.2,NONE,True
SESS_2026092612,TRD_10062,NOVICE_UNDER_6M,47674,NIFTY,37,9,3.03,4,True,-9721.04,2007.89,-11728.93,0.1712,44.8,5.7,77.8,MANDATORY_COOLOFF_15MIN_LOCKOUT,True
SESS_2026092613,TRD_10063,INTERMEDIATE_1_2Y,148957,SENSEX,19,0,1.03,0,False,-6876.95,1027.46,-7904.41,0.13,11.2,16.4,16.7,NONE,True
SESS_2026092614,TRD_10064,NOVICE_UNDER_6M,27966,BANKNIFTY,27,7,3.19,2,True,-8347.18,1349.67,-9696.85,0.1392,68.3,2.7,57.5,SL_DRAG_FRICTION_WARNING,True
SESS_2026092615,TRD_10065,INTERMEDIATE_1_2Y,199255,BANKNIFTY,33,1,1.03,0,True,1425.2,1623.33,-198.13,0.5325,8.7,32.2,20.9,0DTE_HERO_OR_ZERO_THETA_DECAY_WARNING,True
SESS_2026092616,TRD_10066,INTERMEDIATE_1_2Y,124510,BANKNIFTY,18,4,3.41,4,True,-38938.17,1233.02,-40171.19,0.0307,46.2,5.6,60.8,SL_DRAG_FRICTION_WARNING,True
SESS_2026092617,TRD_10067,INTERMEDIATE_1_2Y,126978,NIFTY,19,0,1.03,0,False,17257.22,1247.93,16009.29,0.0,14.9,23.6,7.2,NONE,True
SESS_2026092618,TRD_10068,INTERMEDIATE_1_2Y,162606,BANKNIFTY,11,6,3.35,2,False,-46363.2,747.62,-47110.82,0.0159,57.7,6.2,47.2,SL_DRAG_FRICTION_WARNING,True
SESS_2026092619,TRD_10069,NOVICE_UNDER_6M,62089,NIFTY,34,0,1.09,0,False,-3342.5,2369.31,-5711.81,0.4148,17.5,30.4,18.8,NONE,True
SESS_2026092620,TRD_10070,ALGO_SEMI_AUTOMATED,1505711,BANKNIFTY,52,0,1.09,0,False,-116257.16,2546.11,-118803.27,0.0214,16.8,28.5,24.8,NONE,True
SESS_2026092621,TRD_10071,INTERMEDIATE_1_2Y,106709,FINNIFTY,44,5,3.46,2,False,-30815.56,2584.04,-33399.6,0.0774,35.1,4.3,59.9,SL_DRAG_FRICTION_WARNING,False
SESS_2026092622,TRD_10072,INTERMEDIATE_1_2Y,107052,BANKNIFTY,21,3,2.92,3,True,-15949.79,1096.47,-17046.26,0.0643,46.2,3.8,53.6,SL_DRAG_FRICTION_WARNING,True
SESS_2026092623,TRD_10073,INTERMEDIATE_1_2Y,139169,SENSEX,28,0,1.0,0,False,16305.61,1944.93,14360.68,0.0,10.1,21.7,15.4,NONE,True
SESS_2026092624,TRD_10074,INTERMEDIATE_1_2Y,200124,BANKNIFTY,25,0,0.98,0,False,25760.91,1742.05,24018.86,0.0,7.4,12.2,17.5,NONE,True
SESS_2026092625,TRD_10075,NOVICE_UNDER_6M,67308,MIDCPNIFTY,37,6,3.0,5,False,-15530.7,2530.26,-18060.96,0.1401,73.6,2.4,58.8,SL_DRAG_FRICTION_WARNING,True
SESS_2026092626,TRD_10076,INTERMEDIATE_1_2Y,203312,NIFTY,19,4,3.93,1,False,-83521.67,1306.46,-84828.13,0.0154,63.0,6.6,46.9,SL_DRAG_FRICTION_WARNING,True
SESS_2026092627,TRD_10077,EXPERIENCED_3Y_PLUS,559560,BANKNIFTY,7,0,1.05,0,True,-39758.8,354.19,-40112.99,0.0088,11.3,18.8,16.9,0DTE_HERO_OR_ZERO_THETA_DECAY_WARNING,True
SESS_2026092628,TRD_10078,NOVICE_UNDER_6M,26935,BANKNIFTY,27,4,3.8,3,True,-5933.59,1388.46,-7322.05,0.1896,59.2,5.7,64.6,SL_DRAG_FRICTION_WARNING,True
SESS_2026092629,TRD_10079,NOVICE_UNDER_6M,65944,SENSEX,28,6,3.87,1,True,-17590.25,1510.53,-19100.78,0.0791,34.5,4.0,59.4,SL_DRAG_FRICTION_WARNING,False
SESS_2026092630,TRD_10080,NOVICE_UNDER_6M,37453,SENSEX,25,7,3.08,2,True,-6020.48,1739.82,-7760.3,0.2242,68.5,2.0,64.7,SL_DRAG_FRICTION_WARNING,True
SESS_2026092631,TRD_10081,INTERMEDIATE_1_2Y,155340,NIFTY,26,0,0.96,0,False,-1880.59,1317.46,-3198.05,0.412,15.9,29.2,17.3,NONE,True
SESS_2026092632,TRD_10082,ALGO_SEMI_AUTOMATED,1067351,BANKNIFTY,88,0,1.07,0,False,114772.24,5549.46,109222.78,0.0,15.7,31.8,18.9,NONE,True
SESS_2026092633,TRD_10083,NOVICE_UNDER_6M,45986,BANKNIFTY,52,5,2.5,2,True,-10894.32,3418.89,-14313.21,0.2389,26.8,5.0,56.4,SL_DRAG_FRICTION_WARNING,False
SESS_2026092634,TRD_10084,EXPERIENCED_3Y_PLUS,958243,NIFTY,11,0,1.25,0,False,14788.52,732.46,14056.06,0.0,14.7,32.5,8.0,NONE,True
SESS_2026092635,TRD_10085,NOVICE_UNDER_6M,39261,NIFTY,41,4,4.2,2,True,-11622.22,2263.18,-13885.4,0.163,51.0,5.6,61.9,SL_DRAG_FRICTION_WARNING,True
SESS_2026092636,TRD_10086,NOVICE_UNDER_6M,55076,SENSEX,49,11,3.06,1,False,-14641.84,2377.23,-17019.07,0.1397,53.5,6.7,55.4,SL_DRAG_FRICTION_WARNING,True
SESS_2026092637,TRD_10087,INTERMEDIATE_1_2Y,141285,NIFTY,30,0,1.05,0,False,16674.22,1571.25,15102.97,0.0,9.8,15.4,15.0,NONE,True
SESS_2026092638,TRD_10088,NOVICE_UNDER_6M,32883,NIFTY,42,2,2.56,4,True,-3370.72,2138.25,-5508.97,0.3881,44.2,5.7,52.0,MARTINGALE_LOT_SIZE_OVERRIDE_ALERT,True
SESS_2026092639,TRD_10089,EXPERIENCED_3Y_PLUS,414104,NIFTY,32,0,1.04,0,True,32562.62,1538.68,31023.94,0.0,13.8,25.6,23.0,0DTE_HERO_OR_ZERO_THETA_DECAY_WARNING,True
SESS_2026092640,TRD_10090,ALGO_SEMI_AUTOMATED,1751625,BANKNIFTY,36,0,1.05,0,False,195442.47,2421.16,193021.31,0.0,8.0,12.6,14.2,NONE,True
SESS_2026092641,TRD_10091,NOVICE_UNDER_6M,46479,SENSEX,34,3,2.92,3,True,-4782.66,1717.83,-6500.49,0.2643,44.3,2.6,52.7,SL_DRAG_FRICTION_WARNING,True
SESS_2026092642,TRD_10092,INTERMEDIATE_1_2Y,194038,BANKNIFTY,38,1,1.01,0,True,-6444.42,2366.3,-8810.72,0.2686,11.9,16.7,19.2,0DTE_HERO_OR_ZERO_THETA_DECAY_WARNING,False
SESS_2026092643,TRD_10093,ALGO_SEMI_AUTOMATED,2793121,NIFTY,99,0,1.17,0,False,-52474.55,6784.63,-59259.18,0.1145,7.4,16.7,27.2,NONE,True
SESS_2026092644,TRD_10094,NOVICE_UNDER_6M,56158,BANKNIFTY,38,1,1.14,0,False,-1525.59,1868.42,-3394.01,0.5505,15.4,26.0,17.7,NONE,True
SESS_2026092645,TRD_10095,NOVICE_UNDER_6M,56950,NIFTY,55,1,1.09,0,False,2660.25,3286.88,-626.63,0.5527,12.5,24.7,26.8,NONE,True
SESS_2026092646,TRD_10096,NOVICE_UNDER_6M,47487,NIFTY,35,0,1.05,0,False,5285.72,2240.0,3045.72,0.0,10.5,34.7,20.9,NONE,True
SESS_2026092647,TRD_10097,INTERMEDIATE_1_2Y,131312,NIFTY,29,6,3.46,3,True,-47807.23,1531.3,-49338.53,0.031,32.2,2.2,64.7,SL_DRAG_FRICTION_WARNING,True
SESS_2026092648,TRD_10098,INTERMEDIATE_1_2Y,263698,BANKNIFTY,25,0,1.03,0,False,34288.26,1545.12,32743.14,0.0,12.9,25.1,14.1,NONE,True
SESS_2026092649,TRD_10099,NOVICE_UNDER_6M,27507,NIFTY,40,6,3.4,1,True,-5046.58,2671.61,-7718.19,0.3461,51.5,4.6,61.3,SL_DRAG_FRICTION_WARNING,True
SESS_2026092650,TRD_10100,INTERMEDIATE_1_2Y,120313,NIFTY,42,7,2.29,3,True,-28856.5,2140.88,-30997.38,0.0691,52.4,4.5,64.8,SL_DRAG_FRICTION_WARNING,True
SESS_2026092651,TRD_10101,INTERMEDIATE_1_2Y,197839,SENSEX,19,0,1.04,0,False,2633.33,949.71,1683.62,0.0,8.0,14.9,13.9,NONE,True
SESS_2026092652,TRD_10102,NOVICE_UNDER_6M,52688,BANKNIFTY,35,9,3.91,3,True,-13942.55,2316.75,-16259.3,0.1425,61.1,6.2,76.8,MANDATORY_COOLOFF_15MIN_LOCKOUT,False
SESS_2026092653,TRD_10103,INTERMEDIATE_1_2Y,204390,NIFTY,27,0,1.05,0,False,-11181.09,1711.2,-12892.29,0.1327,17.0,27.4,11.6,NONE,True
SESS_2026092654,TRD_10104,EXPERIENCED_3Y_PLUS,483715,SENSEX,11,0,0.95,0,False,-34973.51,783.73,-35757.24,0.0219,10.2,31.7,12.1,NONE,True
SESS_2026092655,TRD_10105,NOVICE_UNDER_6M,48104,BANKNIFTY,46,6,4.08,2,True,-14256.05,2428.21,-16684.26,0.1455,45.9,6.4,74.1,SL_DRAG_FRICTION_WARNING,True
SESS_2026092656,TRD_10106,EXPERIENCED_3Y_PLUS,723207,MIDCPNIFTY,25,0,1.15,0,False,38970.35,1336.7,37633.65,0.0,9.9,21.2,18.7,NONE,True
SESS_2026092657,TRD_10107,INTERMEDIATE_1_2Y,125965,BANKNIFTY,39,7,2.06,1,True,-26487.3,2198.48,-28685.78,0.0766,62.4,4.4,49.3,SL_DRAG_FRICTION_WARNING,False
SESS_2026092658,TRD_10108,NOVICE_UNDER_6M,35012,FINNIFTY,59,8,3.93,2,False,-4022.76,3740.37,-7763.13,0.4818,55.7,5.1,72.7,SL_DRAG_FRICTION_WARNING,False
SESS_2026092659,TRD_10109,NOVICE_UNDER_6M,52037,BANKNIFTY,26,10,2.77,2,True,-14419.29,1559.68,-15978.97,0.0976,56.7,2.5,67.9,SL_DRAG_FRICTION_WARNING,False
SESS_2026092660,TRD_10110,NOVICE_UNDER_6M,41197,NIFTY,30,3,4.64,2,False,-13129.65,2039.16,-15168.81,0.1344,68.9,2.8,55.9,SL_DRAG_FRICTION_WARNING,True
SESS_2026092661,TRD_10111,NOVICE_UNDER_6M,35620,MIDCPNIFTY,58,0,1.02,0,False,-2304.51,3707.75,-6012.26,0.6167,10.7,28.3,24.3,NONE,True
SESS_2026092662,TRD_10112,NOVICE_UNDER_6M,49936,BANKNIFTY,10,0,1.13,0,False,-1089.28,494.89,-1584.17,0.3124,9.5,18.4,15.1,NONE,True
SESS_2026092663,TRD_10113,NOVICE_UNDER_6M,42600,NIFTY,59,3,3.6,2,False,-6385.77,2941.02,-9326.79,0.3153,37.5,4.9,56.0,SL_DRAG_FRICTION_WARNING,True
SESS_2026092664,TRD_10114,NOVICE_UNDER_6M,76829,BANKNIFTY,30,5,2.38,3,False,-24951.91,1649.57,-26601.48,0.062,62.0,2.0,54.2,SL_DRAG_FRICTION_WARNING,True
SESS_2026092665,TRD_10115,NOVICE_UNDER_6M,48072,NIFTY,57,4,4.01,2,False,-14819.3,3005.58,-17824.88,0.1686,41.8,2.6,64.3,SL_DRAG_FRICTION_WARNING,True
SESS_2026092666,TRD_10116,NOVICE_UNDER_6M,56224,NIFTY,12,10,3.48,4,True,-15661.46,609.57,-16271.03,0.0375,46.6,5.8,76.4,MANDATORY_COOLOFF_15MIN_LOCKOUT,True
SESS_2026092667,TRD_10117,ALGO_SEMI_AUTOMATED,1460681,FINNIFTY,50,0,0.98,0,False,101274.85,3435.34,97839.51,0.0,13.1,15.9,18.1,NONE,True
SESS_2026092668,TRD_10118,NOVICE_UNDER_6M,52624,BANKNIFTY,19,6,4.28,2,True,-19052.18,1283.9,-20336.08,0.0631,30.5,2.0,69.9,SL_DRAG_FRICTION_WARNING,True
SESS_2026092669,TRD_10119,EXPERIENCED_3Y_PLUS,758663,NIFTY,10,8,3.16,1,False,-301191.78,588.05,-301779.83,0.0019,66.4,6.1,48.3,SL_DRAG_FRICTION_WARNING,False
SESS_2026092670,TRD_10120,EXPERIENCED_3Y_PLUS,443592,FINNIFTY,18,0,1.11,0,False,939.22,1038.2,-98.98,0.525,17.8,23.8,9.2,NONE,True
SESS_2026092671,TRD_10121,NOVICE_UNDER_6M,54527,NIFTY,22,8,2.55,3,True,-5853.01,1538.14,-7391.15,0.2081,58.4,6.7,60.3,SL_DRAG_FRICTION_WARNING,True
SESS_2026092672,TRD_10122,ALGO_SEMI_AUTOMATED,1191334,BANKNIFTY,83,0,0.99,0,True,114059.39,4179.96,109879.43,0.0,7.4,27.1,29.7,0DTE_HERO_OR_ZERO_THETA_DECAY_WARNING,True
SESS_2026092673,TRD_10123,NOVICE_UNDER_6M,32389,NIFTY,31,0,1.18,0,False,1389.95,1497.2,-107.25,0.5186,8.2,17.8,17.2,NONE,True
SESS_2026092674,TRD_10124,NOVICE_UNDER_6M,33714,BANKNIFTY,55,0,1.03,0,False,-1617.01,3670.07,-5287.08,0.6942,11.7,13.9,22.9,NONE,True
SESS_2026092675,TRD_10125,INTERMEDIATE_1_2Y,122043,MIDCPNIFTY,41,0,0.98,0,False,-1322.83,2346.71,-3669.54,0.6395,11.3,12.9,17.2,NONE,True
SESS_2026092676,TRD_10126,NOVICE_UNDER_6M,41596,BANKNIFTY,21,0,1.1,0,False,202.32,1330.46,-1128.14,0.868,13.9,25.6,16.1,NONE,True
SESS_2026092677,TRD_10127,INTERMEDIATE_1_2Y,145707,BANKNIFTY,27,6,4.16,4,True,-29754.66,1411.65,-31166.31,0.0453,31.7,2.2,73.9,SL_DRAG_FRICTION_WARNING,True
SESS_2026092678,TRD_10128,NOVICE_UNDER_6M,54409,MIDCPNIFTY,13,0,1.18,0,False,3771.35,859.35,2912.0,0.0,6.9,27.8,10.6,NONE,True
SESS_2026092679,TRD_10129,EXPERIENCED_3Y_PLUS,1171965,BANKNIFTY,12,0,1.02,0,False,-14985.56,809.52,-15795.08,0.0513,10.2,32.4,6.2,NONE,True
SESS_2026092680,TRD_10130,INTERMEDIATE_1_2Y,322185,NIFTY,31,4,4.9,2,False,-70497.24,1725.38,-72222.62,0.0239,62.7,5.6,63.8,SL_DRAG_FRICTION_WARNING,True
SESS_2026092681,TRD_10131,INTERMEDIATE_1_2Y,174050,BANKNIFTY,39,0,1.19,0,False,10216.78,2302.02,7914.76,0.0,17.6,26.4,22.2,NONE,True
SESS_2026092682,TRD_10132,INTERMEDIATE_1_2Y,194799,MIDCPNIFTY,28,0,1.0,0,False,-1826.74,1781.09,-3607.83,0.4937,8.8,32.8,18.2,NONE,True
SESS_2026092683,TRD_10133,INTERMEDIATE_1_2Y,141045,NIFTY,20,1,1.1,0,False,-4663.34,1109.98,-5773.32,0.1923,14.1,27.0,17.5,NONE,True
SESS_2026092684,TRD_10134,INTERMEDIATE_1_2Y,158330,NIFTY,13,5,4.09,3,True,-35581.97,865.59,-36447.56,0.0237,43.7,5.6,63.5,SL_DRAG_FRICTION_WARNING,True
SESS_2026092685,TRD_10135,NOVICE_UNDER_6M,51453,NIFTY,58,5,3.1,2,False,-11613.14,2799.99,-14413.13,0.1943,31.3,2.4,61.4,SL_DRAG_FRICTION_WARNING,True
SESS_2026092686,TRD_10136,NOVICE_UNDER_6M,50259,SENSEX,17,0,1.07,0,False,4968.15,1053.74,3914.41,0.0,9.3,15.9,10.5,NONE,True
SESS_2026092687,TRD_10137,INTERMEDIATE_1_2Y,246953,SENSEX,18,5,2.35,2,True,-86315.89,1186.99,-87502.88,0.0136,35.4,5.4,50.4,SL_DRAG_FRICTION_WARNING,False
SESS_2026092688,TRD_10138,INTERMEDIATE_1_2Y,95711,NIFTY,31,0,0.97,0,False,-4862.27,2050.69,-6912.96,0.2966,16.3,33.4,14.5,NONE,True
SESS_2026092689,TRD_10139,EXPERIENCED_3Y_PLUS,1063597,NIFTY,21,1,1.0,0,False,-47034.53,1219.58,-48254.11,0.0253,16.9,15.2,14.3,NONE,True
SESS_2026092690,TRD_10140,NOVICE_UNDER_6M,54986,BANKNIFTY,52,1,1.17,0,False,6929.11,3342.68,3586.43,0.0,17.9,16.6,25.1,NONE,True
SESS_2026092691,TRD_10141,NOVICE_UNDER_6M,32963,NIFTY,35,9,4.15,4,True,-3672.54,1938.05,-5610.59,0.3454,53.5,3.2,91.7,MANDATORY_COOLOFF_15MIN_LOCKOUT,True
SESS_2026092692,TRD_10142,INTERMEDIATE_1_2Y,201869,BANKNIFTY,37,0,0.95,0,False,-3053.72,2448.59,-5502.31,0.445,15.0,33.8,9.5,NONE,True
SESS_2026092693,TRD_10143,NOVICE_UNDER_6M,30271,MIDCPNIFTY,28,0,1.0,0,False,-28.91,1452.85,-1481.76,0.9805,16.8,34.9,14.1,NONE,True
SESS_2026092694,TRD_10144,INTERMEDIATE_1_2Y,121113,SENSEX,40,0,1.14,0,False,-14064.06,2701.48,-16765.54,0.1611,9.1,31.1,13.9,NONE,True
SESS_2026092695,TRD_10145,NOVICE_UNDER_6M,25297,BANKNIFTY,44,10,3.72,3,False,-7149.24,2857.98,-10007.22,0.2856,31.4,4.5,76.2,MANDATORY_COOLOFF_15MIN_LOCKOUT,True
SESS_2026092696,TRD_10146,EXPERIENCED_3Y_PLUS,384458,BANKNIFTY,6,1,0.95,0,False,24215.4,315.58,23899.82,0.0,11.6,22.2,10.8,NONE,True
SESS_2026092697,TRD_10147,INTERMEDIATE_1_2Y,185240,NIFTY,27,0,0.99,0,True,-6376.12,1617.13,-7993.25,0.2023,6.2,16.3,15.8,0DTE_HERO_OR_ZERO_THETA_DECAY_WARNING,True
SESS_2026092698,TRD_10148,NOVICE_UNDER_6M,37532,BANKNIFTY,28,5,2.35,1,True,-15643.02,1540.42,-17183.44,0.0896,67.2,2.0,46.8,SL_DRAG_FRICTION_WARNING,True
SESS_2026092699,TRD_10149,NOVICE_UNDER_6M,70839,SENSEX,33,3,3.26,5,True,-15271.71,1867.01,-17138.72,0.1089,59.0,5.4,66.0,SL_DRAG_FRICTION_WARNING,True
SESS_2026092700,TRD_10150,NOVICE_UNDER_6M,76935,MIDCPNIFTY,33,1,1.03,0,False,1346.43,2184.74,-838.31,0.6187,14.5,30.4,22.1,NONE,True
SESS_2026092701,TRD_10151,ALGO_SEMI_AUTOMATED,1868149,NIFTY,110,1,1.04,0,False,-99668.46,6548.21,-106216.67,0.0616,17.0,31.9,23.2,NONE,True
SESS_2026092702,TRD_10152,NOVICE_UNDER_6M,53133,SENSEX,21,6,3.36,3,True,-20618.08,1263.37,-21881.45,0.0577,57.2,6.0,64.2,SL_DRAG_FRICTION_WARNING,True
SESS_2026092703,TRD_10153,ALGO_SEMI_AUTOMATED,1165279,BANKNIFTY,62,0,1.09,0,False,-93490.53,3802.61,-97293.14,0.0391,15.9,17.1,25.4,NONE,True
SESS_2026092704,TRD_10154,NOVICE_UNDER_6M,54304,BANKNIFTY,35,1,1.14,0,False,3463.69,1972.18,1491.51,0.0,6.5,26.4,16.2,NONE,True
SESS_2026092705,TRD_10155,INTERMEDIATE_1_2Y,135221,NIFTY,18,0,1.0,0,False,-5491.43,996.05,-6487.48,0.1535,7.7,20.3,11.8,NONE,True
SESS_2026092706,TRD_10156,INTERMEDIATE_1_2Y,113367,NIFTY,20,3,3.41,2,False,-28717.89,1178.92,-29896.81,0.0394,36.4,3.6,47.1,SL_DRAG_FRICTION_WARNING,True
SESS_2026092707,TRD_10157,NOVICE_UNDER_6M,52309,NIFTY,47,6,2.92,1,False,-9846.36,3108.5,-12954.86,0.2399,43.0,5.2,53.1,SL_DRAG_FRICTION_WARNING,True
SESS_2026092708,TRD_10158,NOVICE_UNDER_6M,40011,NIFTY,60,1,1.13,0,False,-379.22,3885.9,-4265.12,0.9111,14.5,27.6,21.1,NONE,True
SESS_2026092709,TRD_10159,INTERMEDIATE_1_2Y,306083,NIFTY,30,0,1.25,0,False,-33440.95,2001.33,-35442.28,0.0565,15.1,12.7,16.2,NONE,True
SESS_2026092710,TRD_10160,NOVICE_UNDER_6M,54042,NIFTY,11,7,3.52,2,False,-15415.22,555.89,-15971.11,0.0348,74.4,5.9,50.0,SL_DRAG_FRICTION_WARNING,True
SESS_2026092711,TRD_10161,ALGO_SEMI_AUTOMATED,665354,BANKNIFTY,117,0,1.22,0,False,-60383.9,6790.98,-67174.88,0.1011,12.6,21.4,25.3,NONE,True
SESS_2026092712,TRD_10162,NOVICE_UNDER_6M,69859,BANKNIFTY,22,7,2.96,4,True,-17795.72,1099.38,-18895.1,0.0582,59.8,4.8,72.0,SL_DRAG_FRICTION_WARNING,True
SESS_2026092713,TRD_10163,ALGO_SEMI_AUTOMATED,1450130,NIFTY,28,0,1.05,0,True,88615.18,1363.59,87251.59,0.0,9.4,18.8,10.2,0DTE_HERO_OR_ZERO_THETA_DECAY_WARNING,True
SESS_2026092714,TRD_10164,INTERMEDIATE_1_2Y,131480,BANKNIFTY,24,1,1.1,0,False,6939.14,1520.11,5419.03,0.0,15.7,27.6,22.1,NONE,True
SESS_2026092715,TRD_10165,INTERMEDIATE_1_2Y,119131,NIFTY,54,1,1.09,0,False,-8547.54,3115.51,-11663.05,0.2671,12.0,25.6,25.8,NONE,True
SESS_2026092716,TRD_10166,INTERMEDIATE_1_2Y,178474,NIFTY,21,8,2.54,4,True,-31349.97,1153.36,-32503.33,0.0355,28.0,4.6,69.0,SL_DRAG_FRICTION_WARNING,True
SESS_2026092717,TRD_10167,INTERMEDIATE_1_2Y,139409,BANKNIFTY,24,6,2.55,2,True,-56523.22,1308.23,-57831.45,0.0226,69.9,4.4,55.0,SL_DRAG_FRICTION_WARNING,False
SESS_2026092718,TRD_10168,NOVICE_UNDER_6M,46334,SENSEX,24,0,1.18,0,False,3186.04,1709.28,1476.76,0.0,11.6,12.7,13.4,NONE,True
SESS_2026092719,TRD_10169,NOVICE_UNDER_6M,34391,SENSEX,19,0,0.99,0,True,-3322.29,1181.89,-4504.18,0.2624,10.0,14.5,14.5,0DTE_HERO_OR_ZERO_THETA_DECAY_WARNING,False
SESS_2026092720,TRD_10170,INTERMEDIATE_1_2Y,73820,NIFTY,16,6,2.85,2,True,-10601.06,835.79,-11436.85,0.0731,27.6,2.2,56.9,SL_DRAG_FRICTION_WARNING,True
SESS_2026092721,TRD_10171,NOVICE_UNDER_6M,63138,FINNIFTY,48,11,2.85,3,False,-17647.38,2792.93,-20440.31,0.1366,53.0,5.3,71.5,SL_DRAG_FRICTION_WARNING,True
SESS_2026092722,TRD_10172,NOVICE_UNDER_6M,44779,NIFTY,64,7,3.43,3,True,-16184.4,3494.73,-19679.13,0.1776,32.1,6.0,77.9,MANDATORY_COOLOFF_15MIN_LOCKOUT,True
SESS_2026092723,TRD_10173,NOVICE_UNDER_6M,58213,BANKNIFTY,55,4,3.35,3,True,-8760.12,3406.3,-12166.42,0.28,28.0,2.5,64.5,SL_DRAG_FRICTION_WARNING,False
SESS_2026092724,TRD_10174,INTERMEDIATE_1_2Y,131952,NIFTY,11,0,0.99,0,False,50.5,711.13,-660.63,0.9337,13.1,31.0,15.1,NONE,True
SESS_2026092725,TRD_10175,NOVICE_UNDER_6M,52071,NIFTY,55,6,3.03,4,True,-10454.99,2756.2,-13211.19,0.2086,27.3,4.5,73.2,SL_DRAG_FRICTION_WARNING,True
SESS_2026092726,TRD_10176,NOVICE_UNDER_6M,64921,BANKNIFTY,51,0,1.0,0,False,-4020.02,3309.38,-7329.4,0.4515,9.5,15.0,15.8,NONE,True
SESS_2026092727,TRD_10177,INTERMEDIATE_1_2Y,122986,NIFTY,38,5,3.91,2,True,-30747.11,2176.52,-32923.63,0.0661,39.1,2.3,65.0,SL_DRAG_FRICTION_WARNING,True
SESS_2026092728,TRD_10178,NOVICE_UNDER_6M,47955,NIFTY,21,5,4.52,3,True,-11686.29,1122.85,-12809.14,0.0877,43.3,3.0,78.5,MANDATORY_COOLOFF_15MIN_LOCKOUT,True
SESS_2026092729,TRD_10179,ALGO_SEMI_AUTOMATED,1747858,FINNIFTY,59,0,1.08,0,True,-205678.56,3054.54,-208733.1,0.0146,6.3,31.5,19.3,0DTE_HERO_OR_ZERO_THETA_DECAY_WARNING,True
SESS_2026092730,TRD_10180,EXPERIENCED_3Y_PLUS,1002781,NIFTY,13,1,0.94,0,False,20547.6,931.7,19615.9,0.0,6.7,31.2,13.5,NONE,True
SESS_2026092731,TRD_10181,NOVICE_UNDER_6M,56776,NIFTY,34,4,4.48,2,False,-16169.69,1733.49,-17903.18,0.0968,64.7,5.5,66.5,SL_DRAG_FRICTION_WARNING,True
SESS_2026092732,TRD_10182,NOVICE_UNDER_6M,29228,BANKNIFTY,21,8,3.8,5,False,-6296.93,1478.95,-7775.88,0.1902,39.9,5.4,71.7,SL_DRAG_FRICTION_WARNING,True
SESS_2026092733,TRD_10183,INTERMEDIATE_1_2Y,175128,SENSEX,23,0,1.04,0,False,2017.21,1504.7,512.51,0.0,12.0,32.9,15.8,NONE,True
SESS_2026092734,TRD_10184,EXPERIENCED_3Y_PLUS,571000,NIFTY,22,0,1.11,0,False,-45374.01,1292.87,-46666.88,0.0277,11.5,23.7,13.9,NONE,True
SESS_2026092735,TRD_10185,INTERMEDIATE_1_2Y,208453,NIFTY,21,0,1.04,0,True,23533.68,1149.05,22384.63,0.0,8.7,31.6,19.1,0DTE_HERO_OR_ZERO_THETA_DECAY_WARNING,True
SESS_2026092736,TRD_10186,NOVICE_UNDER_6M,37886,BANKNIFTY,64,7,2.56,2,True,-15045.13,4095.46,-19140.59,0.214,70.9,3.4,68.2,SL_DRAG_FRICTION_WARNING,False
SESS_2026092737,TRD_10187,NOVICE_UNDER_6M,42461,BANKNIFTY,30,6,2.82,1,True,-14360.38,2066.0,-16426.38,0.1258,25.8,2.0,51.9,SL_DRAG_FRICTION_WARNING,True
SESS_2026092738,TRD_10188,NOVICE_UNDER_6M,55684,BANKNIFTY,22,7,3.64,2,True,-4971.82,1556.21,-6528.03,0.2384,64.7,6.7,55.9,SL_DRAG_FRICTION_WARNING,True
SESS_2026092739,TRD_10189,INTERMEDIATE_1_2Y,160856,NIFTY,21,4,3.68,2,False,-39409.25,1376.63,-40785.88,0.0338,66.0,7.0,53.9,SL_DRAG_FRICTION_WARNING,True
SESS_2026092740,TRD_10190,EXPERIENCED_3Y_PLUS,647125,NIFTY,29,0,0.96,0,False,-14514.4,1732.84,-16247.24,0.1067,7.4,12.3,14.0,NONE,True
SESS_2026092741,TRD_10191,NOVICE_UNDER_6M,37045,BANKNIFTY,40,11,3.34,5,True,-4472.19,2249.54,-6721.73,0.3347,64.4,6.9,82.1,MANDATORY_COOLOFF_15MIN_LOCKOUT,False
SESS_2026092742,TRD_10192,INTERMEDIATE_1_2Y,87867,MIDCPNIFTY,45,0,1.24,0,False,-5152.83,2760.6,-7913.43,0.3488,6.1,25.1,20.8,NONE,True
SESS_2026092743,TRD_10193,NOVICE_UNDER_6M,49892,BANKNIFTY,30,4,2.82,2,False,-10595.49,2152.01,-12747.5,0.1688,36.4,6.9,52.3,SL_DRAG_FRICTION_WARNING,False
SESS_2026092744,TRD_10194,INTERMEDIATE_1_2Y,126361,FINNIFTY,14,5,4.22,3,True,-33450.9,886.67,-34337.57,0.0258,47.7,6.6,66.2,SL_DRAG_FRICTION_WARNING,True
SESS_2026092745,TRD_10195,NOVICE_UNDER_6M,49058,SENSEX,12,1,0.98,0,True,4311.01,847.8,3463.21,0.0,13.9,23.0,16.9,0DTE_HERO_OR_ZERO_THETA_DECAY_WARNING,True
SESS_2026092746,TRD_10196,INTERMEDIATE_1_2Y,180647,NIFTY,37,4,3.47,3,True,-54753.19,1842.94,-56596.13,0.0326,45.7,2.2,61.3,SL_DRAG_FRICTION_WARNING,True
SESS_2026092747,TRD_10197,INTERMEDIATE_1_2Y,188893,NIFTY,36,0,1.05,0,False,-10985.94,2435.66,-13421.6,0.1815,13.5,16.5,20.7,NONE,True
SESS_2026092748,TRD_10198,INTERMEDIATE_1_2Y,173946,SENSEX,29,0,1.18,0,False,-11267.69,1945.53,-13213.22,0.1472,6.8,19.7,13.9,NONE,True
SESS_2026092749,TRD_10199,INTERMEDIATE_1_2Y,281883,BANKNIFTY,12,1,1.05,0,False,-8204.95,731.87,-8936.82,0.0819,14.4,23.1,21.2,NONE,True
SESS_2026092750,TRD_10200,INTERMEDIATE_1_2Y,290966,NIFTY,8,7,2.97,1,True,-86974.85,463.16,-87438.01,0.0053,70.4,2.9,49.4,SL_DRAG_FRICTION_WARNING,True
SESS_2026092751,TRD_10201,NOVICE_UNDER_6M,47651,BANKNIFTY,63,9,2.94,3,True,-9720.11,3432.83,-13152.94,0.261,64.7,6.6,81.5,MANDATORY_COOLOFF_15MIN_LOCKOUT,False
SESS_2026092752,TRD_10202,NOVICE_UNDER_6M,66507,NIFTY,43,1,0.98,0,False,7420.71,2688.13,4732.58,0.0,10.6,27.2,21.5,NONE,True
SESS_2026092753,TRD_10203,INTERMEDIATE_1_2Y,128123,NIFTY,25,1,1.04,0,False,1222.19,1726.21,-504.02,0.5855,11.3,32.6,20.4,NONE,True
SESS_2026092754,TRD_10204,NOVICE_UNDER_6M,45084,BANKNIFTY,35,0,1.06,0,False,-4023.49,2012.04,-6035.53,0.3334,13.4,34.0,17.6,NONE,True
SESS_2026092755,TRD_10205,NOVICE_UNDER_6M,52546,FINNIFTY,66,3,3.22,2,True,-16227.66,3916.77,-20144.43,0.1944,51.9,6.5,56.6,SL_DRAG_FRICTION_WARNING,True
SESS_2026092756,TRD_10206,EXPERIENCED_3Y_PLUS,449883,BANKNIFTY,17,0,1.04,0,False,76273.32,1193.93,75079.39,0.0,14.1,25.7,11.4,NONE,True
SESS_2026092757,TRD_10207,NOVICE_UNDER_6M,68452,SENSEX,37,2,2.22,3,True,-10607.06,2107.46,-12714.52,0.1658,42.2,6.0,52.4,PNL_PROTECT_DAILY_LIMIT_ENFORCEMENT,True
SESS_2026092758,TRD_10208,EXPERIENCED_3Y_PLUS,463797,SENSEX,14,0,1.13,0,False,-24453.02,997.59,-25450.61,0.0392,15.3,33.6,10.8,NONE,True
SESS_2026092759,TRD_10209,NOVICE_UNDER_6M,37678,BANKNIFTY,29,4,3.12,2,True,-16158.42,1776.59,-17935.01,0.0991,28.6,6.3,50.2,SL_DRAG_FRICTION_WARNING,True
SESS_2026092760,TRD_10210,EXPERIENCED_3Y_PLUS,834906,BANKNIFTY,24,0,1.02,0,True,-17469.48,1163.36,-18632.84,0.0624,9.7,19.8,12.8,0DTE_HERO_OR_ZERO_THETA_DECAY_WARNING,False
SESS_2026092761,TRD_10211,INTERMEDIATE_1_2Y,257300,BANKNIFTY,23,0,1.03,0,False,-14631.93,1606.34,-16238.27,0.0989,14.4,16.7,10.0,NONE,True
SESS_2026092762,TRD_10212,INTERMEDIATE_1_2Y,89200,NIFTY,46,6,3.03,1,True,-20330.03,2888.65,-23218.68,0.1244,41.2,5.7,52.4,SL_DRAG_FRICTION_WARNING,True
SESS_2026092763,TRD_10213,INTERMEDIATE_1_2Y,211035,NIFTY,26,1,1.15,0,False,-4805.38,1766.9,-6572.28,0.2688,6.3,18.3,5.9,NONE,True
SESS_2026092764,TRD_10214,NOVICE_UNDER_6M,58859,NIFTY,26,11,3.88,3,True,-16564.62,1840.84,-18405.46,0.1,68.4,4.4,80.1,MANDATORY_COOLOFF_15MIN_LOCKOUT,True
SESS_2026092765,TRD_10215,INTERMEDIATE_1_2Y,213056,NIFTY,41,0,1.06,0,False,21617.37,2845.76,18771.61,0.0,11.2,32.1,21.9,NONE,True
SESS_2026092766,TRD_10216,INTERMEDIATE_1_2Y,208025,SENSEX,39,0,1.0,0,False,554.52,2143.88,-1589.36,0.7945,12.0,21.9,12.8,NONE,True
SESS_2026092767,TRD_10217,NOVICE_UNDER_6M,30030,NIFTY,23,9,3.54,2,False,-9723.63,1218.4,-10942.03,0.1114,55.2,4.5,62.0,SL_DRAG_FRICTION_WARNING,True
SESS_2026092768,TRD_10218,NOVICE_UNDER_6M,50018,SENSEX,18,4,2.79,4,False,-6228.9,916.99,-7145.89,0.1283,51.2,6.2,53.3,SL_DRAG_FRICTION_WARNING,True
SESS_2026092769,TRD_10219,INTERMEDIATE_1_2Y,239238,BANKNIFTY,19,0,1.01,0,False,-6524.2,1118.74,-7642.94,0.1464,12.1,33.2,11.5,NONE,True
SESS_2026092770,TRD_10220,NOVICE_UNDER_6M,59254,BANKNIFTY,17,0,0.97,0,False,-7856.42,944.79,-8801.21,0.1073,13.8,20.7,5.0,NONE,True
SESS_2026092771,TRD_10221,EXPERIENCED_3Y_PLUS,758211,SENSEX,26,0,1.03,0,False,24134.47,1528.87,22605.6,0.0,11.9,30.1,11.7,NONE,True
SESS_2026092772,TRD_10222,INTERMEDIATE_1_2Y,236892,NIFTY,48,1,1.03,0,False,2369.73,2448.83,-79.1,0.5082,11.8,21.1,16.0,NONE,True
SESS_2026092773,TRD_10223,NOVICE_UNDER_6M,42650,NIFTY,41,0,1.02,0,False,-4197.49,2532.05,-6729.54,0.3763,8.2,23.3,17.4,NONE,True
SESS_2026092774,TRD_10224,NOVICE_UNDER_6M,48827,NIFTY,35,6,3.28,1,True,-20930.5,1744.68,-22675.18,0.0769,62.0,2.7,55.7,SL_DRAG_FRICTION_WARNING,True
SESS_2026092775,TRD_10225,NOVICE_UNDER_6M,64829,NIFTY,23,1,1.14,0,False,-2674.81,1138.06,-3812.87,0.2985,12.3,30.1,13.1,NONE,True
SESS_2026092776,TRD_10226,EXPERIENCED_3Y_PLUS,990616,BANKNIFTY,9,1,0.99,0,True,-44587.81,444.01,-45031.82,0.0099,7.9,31.9,21.3,0DTE_HERO_OR_ZERO_THETA_DECAY_WARNING,False
SESS_2026092777,TRD_10227,EXPERIENCED_3Y_PLUS,1017288,BANKNIFTY,11,0,0.97,0,True,-121732.28,621.36,-122353.64,0.0051,16.4,18.0,17.4,0DTE_HERO_OR_ZERO_THETA_DECAY_WARNING,True
SESS_2026092778,TRD_10228,NOVICE_UNDER_6M,42024,BANKNIFTY,36,4,2.94,1,True,-10728.49,2123.24,-12851.73,0.1652,42.2,3.4,49.5,SL_DRAG_FRICTION_WARNING,False
SESS_2026092779,TRD_10229,NOVICE_UNDER_6M,37795,BANKNIFTY,17,6,3.38,3,True,-10440.5,1211.3,-11651.8,0.104,71.3,5.3,66.8,SL_DRAG_FRICTION_WARNING,False
SESS_2026092780,TRD_10230,NOVICE_UNDER_6M,66550,MIDCPNIFTY,32,0,1.15,0,False,6186.82,1948.57,4238.25,0.0,15.7,20.2,15.4,NONE,True
SESS_2026092781,TRD_10231,NOVICE_UNDER_6M,53018,NIFTY,59,7,4.26,3,True,-9210.13,4129.24,-13339.37,0.3096,62.5,7.0,80.9,MANDATORY_COOLOFF_15MIN_LOCKOUT,True
SESS_2026092782,TRD_10232,EXPERIENCED_3Y_PLUS,521663,NIFTY,14,1,1.04,0,False,48516.07,986.45,47529.62,0.0,13.1,21.0,12.5,NONE,True
SESS_2026092783,TRD_10233,INTERMEDIATE_1_2Y,251716,BANKNIFTY,41,1,0.99,0,False,37824.05,2057.01,35767.04,0.0,14.7,25.9,23.3,NONE,True
SESS_2026092784,TRD_10234,EXPERIENCED_3Y_PLUS,1101306,MIDCPNIFTY,9,1,1.15,0,False,23859.52,616.91,23242.61,0.0,6.7,30.1,12.4,NONE,True
SESS_2026092785,TRD_10235,ALGO_SEMI_AUTOMATED,2142725,NIFTY,51,1,0.98,0,False,-53159.79,2540.08,-55699.87,0.0456,7.5,31.8,15.1,NONE,True
SESS_2026092786,TRD_10236,EXPERIENCED_3Y_PLUS,327167,BANKNIFTY,11,1,0.98,0,False,11989.15,567.73,11421.42,0.0,17.8,18.2,14.7,NONE,True
SESS_2026092787,TRD_10237,INTERMEDIATE_1_2Y,147896,NIFTY,32,4,3.64,1,True,-50489.72,1720.77,-52210.49,0.033,34.4,2.7,55.2,SL_DRAG_FRICTION_WARNING,True
SESS_2026092788,TRD_10238,INTERMEDIATE_1_2Y,293913,MIDCPNIFTY,9,6,2.98,4,False,-85625.64,466.48,-86092.12,0.0054,66.9,2.3,59.9,SL_DRAG_FRICTION_WARNING,True
SESS_2026092789,TRD_10239,EXPERIENCED_3Y_PLUS,933370,BANKNIFTY,13,0,0.92,0,False,-43974.22,681.44,-44655.66,0.0153,13.2,29.0,11.9,NONE,True
SESS_2026092790,TRD_10240,NOVICE_UNDER_6M,29008,NIFTY,38,1,0.93,0,False,-1649.42,1845.93,-3495.35,0.5281,6.0,33.3,15.6,NONE,True
SESS_2026092791,TRD_10241,EXPERIENCED_3Y_PLUS,393688,BANKNIFTY,16,0,1.11,0,False,-1438.15,1009.77,-2447.92,0.4125,17.1,29.4,9.1,NONE,True
SESS_2026092792,TRD_10242,INTERMEDIATE_1_2Y,118065,NIFTY,25,5,2.34,1,True,-33191.09,1756.05,-34947.14,0.0502,72.4,3.7,43.2,SL_DRAG_FRICTION_WARNING,True
SESS_2026092793,TRD_10243,NOVICE_UNDER_6M,44175,BANKNIFTY,32,7,3.44,3,True,-14206.2,2079.59,-16285.79,0.1277,68.5,5.0,77.6,MANDATORY_COOLOFF_15MIN_LOCKOUT,False
SESS_2026092794,TRD_10244,EXPERIENCED_3Y_PLUS,1276920,BANKNIFTY,13,0,0.99,0,False,14579.48,760.24,13819.24,0.0,16.2,26.6,5.0,NONE,True
SESS_2026092795,TRD_10245,NOVICE_UNDER_6M,48905,BANKNIFTY,40,0,1.19,0,False,4534.23,2462.37,2071.86,0.0,11.7,17.0,19.5,NONE,True
SESS_2026092796,TRD_10246,NOVICE_UNDER_6M,61180,MIDCPNIFTY,39,0,0.99,0,False,9179.25,2196.45,6982.8,0.0,14.3,14.5,16.9,NONE,True
SESS_2026092797,TRD_10247,NOVICE_UNDER_6M,43322,BANKNIFTY,33,0,1.15,0,True,1436.92,2362.56,-925.64,0.6218,14.9,21.7,26.7,0DTE_HERO_OR_ZERO_THETA_DECAY_WARNING,True
SESS_2026092798,TRD_10248,NOVICE_UNDER_6M,67545,BANKNIFTY,31,0,1.08,0,True,-4040.18,1674.88,-5715.06,0.2931,14.6,31.2,20.9,0DTE_HERO_OR_ZERO_THETA_DECAY_WARNING,True
SESS_2026092799,TRD_10249,INTERMEDIATE_1_2Y,239710,BANKNIFTY,37,1,1.08,0,False,26089.58,1782.62,24306.96,0.0,7.9,29.5,22.0,NONE,True
SESS_2026092800,TRD_10250,NOVICE_UNDER_6M,29195,NIFTY,40,9,3.21,3,True,-4435.9,2406.98,-6842.88,0.3517,32.9,4.5,77.8,MANDATORY_COOLOFF_15MIN_LOCKOUT,True
SESS_2026092801,TRD_10251,NOVICE_UNDER_6M,53621,BANKNIFTY,19,0,0.99,0,False,809.7,1322.18,-512.48,0.6202,8.6,12.3,9.1,NONE,True
SESS_2026092802,TRD_10252,NOVICE_UNDER_6M,53500,BANKNIFTY,24,0,1.06,0,False,-600.63,1342.49,-1943.12,0.6909,13.7,22.9,9.8,NONE,True
SESS_2026092803,TRD_10253,EXPERIENCED_3Y_PLUS,416869,SENSEX,9,1,1.1,0,False,-22346.13,471.7,-22817.83,0.0207,9.3,21.7,15.0,NONE,True
SESS_2026092804,TRD_10254,NOVICE_UNDER_6M,40750,BANKNIFTY,30,1,1.17,0,False,-1233.29,1978.97,-3212.26,0.6161,17.3,29.7,17.9,NONE,True
SESS_2026092805,TRD_10255,NOVICE_UNDER_6M,46498,BANKNIFTY,35,11,2.35,5,True,-10954.41,2157.86,-13112.27,0.1646,64.4,6.2,72.1,SL_DRAG_FRICTION_WARNING,True
SESS_2026092806,TRD_10256,EXPERIENCED_3Y_PLUS,879295,NIFTY,17,1,1.02,0,False,95001.49,1190.7,93810.79,0.0,6.5,33.4,14.2,NONE,True
SESS_2026092807,TRD_10257,NOVICE_UNDER_6M,56811,SENSEX,22,1,1.12,0,False,588.34,1153.16,-564.82,0.6622,13.6,14.0,18.3,NONE,True
SESS_2026092808,TRD_10258,EXPERIENCED_3Y_PLUS,1117236,NIFTY,12,0,1.02,0,False,-64626.85,760.66,-65387.51,0.0116,13.6,31.3,10.6,NONE,True
SESS_2026092809,TRD_10259,INTERMEDIATE_1_2Y,80766,NIFTY,13,5,2.78,1,False,-13688.02,672.44,-14360.46,0.0468,27.3,2.4,43.7,SL_DRAG_FRICTION_WARNING,True
SESS_2026092810,TRD_10260,NOVICE_UNDER_6M,34632,FINNIFTY,12,0,1.09,0,True,649.87,623.86,26.01,0.0,16.7,27.4,15.0,0DTE_HERO_OR_ZERO_THETA_DECAY_WARNING,False
SESS_2026092811,TRD_10261,EXPERIENCED_3Y_PLUS,848709,SENSEX,28,1,1.19,0,False,28825.56,1792.64,27032.92,0.0,6.3,30.5,17.1,NONE,True
SESS_2026092812,TRD_10262,NOVICE_UNDER_6M,60024,SENSEX,24,6,3.37,2,False,-14690.89,1511.25,-16202.14,0.0933,39.7,4.5,63.7,SL_DRAG_FRICTION_WARNING,True
SESS_2026092813,TRD_10263,NOVICE_UNDER_6M,41588,NIFTY,31,1,1.08,0,False,2947.67,1993.93,953.74,0.0,8.7,33.4,20.8,NONE,True
SESS_2026092814,TRD_10264,INTERMEDIATE_1_2Y,176765,NIFTY,22,0,1.18,0,False,-5579.17,1361.86,-6941.03,0.1962,16.9,12.4,11.3,NONE,True
SESS_2026092815,TRD_10265,INTERMEDIATE_1_2Y,108894,BANKNIFTY,27,5,3.8,1,False,-20078.78,1398.93,-21477.71,0.0651,63.9,3.6,55.1,SL_DRAG_FRICTION_WARNING,True
SESS_2026092816,TRD_10266,NOVICE_UNDER_6M,69299,NIFTY,45,0,1.05,0,True,-4098.34,2885.73,-6984.07,0.4132,14.2,22.8,23.9,0DTE_HERO_OR_ZERO_THETA_DECAY_WARNING,False
SESS_2026092817,TRD_10267,NOVICE_UNDER_6M,73224,NIFTY,32,5,4.4,2,False,-6339.84,2204.23,-8544.07,0.258,44.3,4.7,66.3,SL_DRAG_FRICTION_WARNING,True
SESS_2026092818,TRD_10268,INTERMEDIATE_1_2Y,164658,SENSEX,29,1,1.22,0,False,3021.17,2077.55,943.62,0.0,8.0,34.4,22.8,NONE,True
SESS_2026092819,TRD_10269,NOVICE_UNDER_6M,54084,NIFTY,49,0,0.96,0,False,3521.37,2621.95,899.42,0.0,13.5,19.5,15.2,NONE,True
SESS_2026092820,TRD_10270,INTERMEDIATE_1_2Y,130179,SENSEX,12,0,1.11,0,False,-15042.6,689.77,-15732.37,0.0438,7.2,17.7,10.6,NONE,True
SESS_2026092821,TRD_10271,NOVICE_UNDER_6M,45125,NIFTY,17,8,4.31,2,True,-4303.48,1040.82,-5344.3,0.1948,73.5,3.2,66.7,SL_DRAG_FRICTION_WARNING,True
SESS_2026092822,TRD_10272,INTERMEDIATE_1_2Y,225648,NIFTY,44,8,2.39,2,True,-47210.46,2365.93,-49576.39,0.0477,43.4,2.2,64.4,SL_DRAG_FRICTION_WARNING,True
SESS_2026092823,TRD_10273,NOVICE_UNDER_6M,37095,BANKNIFTY,50,7,2.79,1,False,-12081.55,2454.6,-14536.15,0.1689,54.7,2.9,55.7,SL_DRAG_FRICTION_WARNING,True
SESS_2026092824,TRD_10274,INTERMEDIATE_1_2Y,173645,BANKNIFTY,46,0,1.16,0,False,13873.55,2478.35,11395.2,0.0,10.2,12.4,17.6,NONE,True
SESS_2026092825,TRD_10275,INTERMEDIATE_1_2Y,191433,BANKNIFTY,24,0,0.92,0,True,32091.52,1583.24,30508.28,0.0,7.3,25.4,14.1,0DTE_HERO_OR_ZERO_THETA_DECAY_WARNING,False
SESS_2026092826,TRD_10276,NOVICE_UNDER_6M,43755,NIFTY,29,0,1.15,0,False,-2137.75,2081.87,-4219.62,0.4934,9.5,19.1,16.2,NONE,True
SESS_2026092827,TRD_10277,NOVICE_UNDER_6M,58414,NIFTY,20,0,1.01,0,False,-460.02,1260.65,-1720.67,0.7327,11.2,14.7,8.0,NONE,True
SESS_2026092828,TRD_10278,INTERMEDIATE_1_2Y,266069,SENSEX,34,0,1.05,0,False,-12108.09,1670.02,-13778.11,0.1212,8.2,12.8,16.7,NONE,True
SESS_2026092829,TRD_10279,ALGO_SEMI_AUTOMATED,1875486,BANKNIFTY,27,0,1.01,0,False,-105486.66,1369.39,-106856.05,0.0128,13.7,16.1,24.6,NONE,True
SESS_2026092830,TRD_10280,NOVICE_UNDER_6M,53518,NIFTY,12,6,3.71,1,True,-9846.14,676.89,-10523.03,0.0643,52.3,2.7,53.1,SL_DRAG_FRICTION_WARNING,True
SESS_2026092831,TRD_10281,EXPERIENCED_3Y_PLUS,830823,BANKNIFTY,6,4,2.47,2,True,-108192.36,318.98,-108511.34,0.0029,39.5,4.6,40.4,SL_DRAG_FRICTION_WARNING,False
SESS_2026092832,TRD_10282,INTERMEDIATE_1_2Y,163166,SENSEX,10,0,1.03,0,False,17738.62,670.72,17067.9,0.0,7.4,22.0,9.5,NONE,True
SESS_2026092833,TRD_10283,INTERMEDIATE_1_2Y,103382,SENSEX,31,3,2.72,2,True,-17822.09,1614.95,-19437.04,0.0831,33.5,4.2,45.7,SL_DRAG_FRICTION_WARNING,True
SESS_2026092834,TRD_10284,NOVICE_UNDER_6M,50068,BANKNIFTY,18,0,0.99,0,False,-1279.3,949.27,-2228.57,0.426,9.4,27.5,9.2,NONE,True
SESS_2026092835,TRD_10285,EXPERIENCED_3Y_PLUS,370180,NIFTY,19,5,3.0,2,True,-44214.78,1115.64,-45330.42,0.0246,33.2,3.5,51.5,SL_DRAG_FRICTION_WARNING,True
SESS_2026092836,TRD_10286,INTERMEDIATE_1_2Y,163622,NIFTY,20,1,0.94,0,True,-19326.4,1175.76,-20502.16,0.0573,13.9,17.2,18.7,0DTE_HERO_OR_ZERO_THETA_DECAY_WARNING,True
SESS_2026092837,TRD_10287,ALGO_SEMI_AUTOMATED,2454049,NIFTY,55,0,0.96,0,False,40480.45,3224.35,37256.1,0.0,11.3,22.5,23.4,NONE,True
SESS_2026092838,TRD_10288,INTERMEDIATE_1_2Y,280426,NIFTY,16,2,4.06,2,True,-50481.38,792.27,-51273.65,0.0155,25.5,2.5,52.7,MARTINGALE_LOT_SIZE_OVERRIDE_ALERT,False
SESS_2026092839,TRD_10289,INTERMEDIATE_1_2Y,248208,NIFTY,29,6,2.22,1,True,-49342.76,1836.07,-51178.83,0.0359,45.1,2.3,48.6,SL_DRAG_FRICTION_WARNING,False
SESS_2026092840,TRD_10290,NOVICE_UNDER_6M,62601,BANKNIFTY,34,3,2.27,2,True,-13876.01,2376.49,-16252.5,0.1462,72.0,6.3,38.8,SL_DRAG_FRICTION_WARNING,True
SESS_2026092841,TRD_10291,EXPERIENCED_3Y_PLUS,386896,NIFTY,26,0,1.16,0,False,9568.3,1586.85,7981.45,0.0,13.9,12.6,11.6,NONE,True
SESS_2026092842,TRD_10292,NOVICE_UNDER_6M,30971,SENSEX,26,0,1.07,0,False,2437.38,1760.27,677.11,0.0,7.2,29.3,12.2,NONE,True
SESS_2026092843,TRD_10293,INTERMEDIATE_1_2Y,231278,FINNIFTY,24,0,1.08,0,False,-26535.88,1430.75,-27966.63,0.0512,9.2,21.2,16.6,NONE,True
SESS_2026092844,TRD_10294,NOVICE_UNDER_6M,49888,BANKNIFTY,49,5,2.38,4,False,-17016.13,2531.42,-19547.55,0.1295,48.3,6.0,61.5,SL_DRAG_FRICTION_WARNING,True
SESS_2026092845,TRD_10295,NOVICE_UNDER_6M,42913,NIFTY,25,9,3.2,3,True,-9068.59,1411.99,-10480.58,0.1347,34.5,2.7,71.5,SL_DRAG_FRICTION_WARNING,True
SESS_2026092846,TRD_10296,INTERMEDIATE_1_2Y,203680,BANKNIFTY,29,1,1.14,0,False,-1839.99,1511.29,-3351.28,0.451,12.0,16.0,11.1,NONE,True
SESS_2026092847,TRD_10297,INTERMEDIATE_1_2Y,117187,NIFTY,36,0,0.98,0,False,-5621.01,2162.62,-7783.63,0.2778,6.4,30.8,10.5,NONE,True
SESS_2026092848,TRD_10298,NOVICE_UNDER_6M,53515,BANKNIFTY,24,0,1.13,0,False,-517.64,1489.27,-2006.91,0.7421,9.4,15.1,14.5,NONE,True
SESS_2026092849,TRD_10299,ALGO_SEMI_AUTOMATED,1347136,NIFTY,86,0,1.08,0,False,-24414.28,5756.57,-30170.85,0.1908,12.6,27.2,28.1,NONE,True
SESS_2026092850,TRD_10300,NOVICE_UNDER_6M,35273,NIFTY,26,0,1.16,0,False,842.79,1283.27,-440.48,0.6036,16.7,33.6,17.5,NONE,True
SESS_2026092851,TRD_10301,INTERMEDIATE_1_2Y,121884,NIFTY,38,7,2.57,2,True,-33184.69,2710.73,-35895.42,0.0755,37.8,5.4,62.2,SL_DRAG_FRICTION_WARNING,True
SESS_2026092852,TRD_10302,EXPERIENCED_3Y_PLUS,617671,NIFTY,22,1,0.99,0,False,-25447.19,1248.09,-26695.28,0.0468,10.4,12.7,15.5,NONE,True
SESS_2026092853,TRD_10303,EXPERIENCED_3Y_PLUS,1153717,NIFTY,19,0,1.18,0,False,-33815.78,1317.57,-35133.35,0.0375,7.0,14.4,11.3,NONE,True
SESS_2026092854,TRD_10304,INTERMEDIATE_1_2Y,124796,FINNIFTY,55,6,2.66,4,True,-18576.34,3654.12,-22230.46,0.1644,51.6,3.5,69.4,SL_DRAG_FRICTION_WARNING,False
SESS_2026092855,TRD_10305,NOVICE_UNDER_6M,30577,MIDCPNIFTY,40,9,2.91,2,True,-8780.09,2483.17,-11263.26,0.2205,70.1,5.3,70.7,SL_DRAG_FRICTION_WARNING,False
SESS_2026092856,TRD_10306,INTERMEDIATE_1_2Y,324664,FINNIFTY,18,0,1.02,0,False,-783.32,1194.34,-1977.66,0.6039,13.5,24.2,10.1,NONE,True
SESS_2026092857,TRD_10307,INTERMEDIATE_1_2Y,120981,NIFTY,7,0,1.0,0,False,-6387.48,382.7,-6770.18,0.0565,13.8,30.3,8.0,NONE,True
SESS_2026092858,TRD_10308,NOVICE_UNDER_6M,64354,NIFTY,23,0,0.94,0,False,-2855.53,1512.56,-4368.09,0.3463,15.8,24.8,13.1,NONE,True
SESS_2026092859,TRD_10309,NOVICE_UNDER_6M,47699,NIFTY,21,4,4.46,3,True,-5437.56,1163.5,-6601.06,0.1763,59.0,6.9,66.5,SL_DRAG_FRICTION_WARNING,True
SESS_2026092860,TRD_10310,NOVICE_UNDER_6M,74935,BANKNIFTY,41,1,0.92,0,False,3400.14,2339.58,1060.56,0.0,14.9,21.0,22.4,NONE,True
SESS_2026092861,TRD_10311,INTERMEDIATE_1_2Y,121355,NIFTY,26,3,3.96,3,False,-12724.44,1640.39,-14364.83,0.1142,50.9,4.5,53.0,SL_DRAG_FRICTION_WARNING,True
SESS_2026092862,TRD_10312,NOVICE_UNDER_6M,23664,BANKNIFTY,18,1,0.96,0,False,-783.82,923.96,-1707.78,0.541,7.2,32.7,15.2,NONE,True
SESS_2026092863,TRD_10313,NOVICE_UNDER_6M,28133,NIFTY,58,0,1.2,0,False,168.06,3882.57,-3714.51,0.9585,12.7,30.7,22.8,NONE,True
SESS_2026092864,TRD_10314,NOVICE_UNDER_6M,71095,FINNIFTY,35,4,4.34,1,True,-15026.68,1928.1,-16954.78,0.1137,29.0,5.7,54.4,SL_DRAG_FRICTION_WARNING,True
SESS_2026092865,TRD_10315,EXPERIENCED_3Y_PLUS,944768,NIFTY,18,1,1.06,0,False,-90894.46,900.62,-91795.08,0.0098,6.4,13.4,19.3,NONE,True
SESS_2026092866,TRD_10316,INTERMEDIATE_1_2Y,244322,BANKNIFTY,16,1,0.99,0,False,25933.69,794.01,25139.68,0.0,9.0,31.4,18.0,NONE,True
SESS_2026092867,TRD_10317,INTERMEDIATE_1_2Y,109689,BANKNIFTY,35,0,1.04,0,False,10629.8,2434.04,8195.76,0.0,11.6,22.0,15.4,NONE,True
SESS_2026092868,TRD_10318,INTERMEDIATE_1_2Y,206684,NIFTY,31,4,3.03,2,True,-47169.09,2106.87,-49275.96,0.0428,58.0,5.0,51.1,SL_DRAG_FRICTION_WARNING,True
SESS_2026092869,TRD_10319,NOVICE_UNDER_6M,55746,BANKNIFTY,19,4,2.91,3,True,-8473.85,1171.83,-9645.68,0.1215,25.2,3.4,57.5,SL_DRAG_FRICTION_WARNING,False
SESS_2026092870,TRD_10320,EXPERIENCED_3Y_PLUS,574419,BANKNIFTY,23,0,1.06,0,False,75329.86,1338.9,73990.96,0.0,13.6,26.2,18.0,NONE,True
SESS_2026092871,TRD_10321,EXPERIENCED_3Y_PLUS,487187,MIDCPNIFTY,12,1,0.93,0,False,-43302.14,601.52,-43903.66,0.0137,16.1,30.3,12.5,NONE,True
SESS_2026092872,TRD_10322,NOVICE_UNDER_6M,40891,BANKNIFTY,31,1,1.01,0,False,3667.86,1585.21,2082.65,0.0,17.0,24.1,16.5,NONE,True
SESS_2026092873,TRD_10323,INTERMEDIATE_1_2Y,85757,MIDCPNIFTY,23,0,1.01,0,False,2234.15,1363.79,870.36,0.0,10.0,30.4,17.4,NONE,True
SESS_2026092874,TRD_10324,ALGO_SEMI_AUTOMATED,1431308,BANKNIFTY,90,0,1.15,0,False,-36200.14,5991.99,-42192.13,0.142,11.0,27.7,20.6,NONE,True
SESS_2026092875,TRD_10325,NOVICE_UNDER_6M,63829,SENSEX,26,0,1.12,0,False,7580.01,1833.44,5746.57,0.0,10.0,15.9,15.0,NONE,True
SESS_2026092876,TRD_10326,NOVICE_UNDER_6M,56835,SENSEX,51,8,4.06,1,True,-8541.48,3490.75,-12032.23,0.2901,65.3,5.9,67.0,SL_DRAG_FRICTION_WARNING,True
SESS_2026092877,TRD_10327,EXPERIENCED_3Y_PLUS,528339,NIFTY,19,1,1.02,0,False,-24012.97,1310.28,-25323.25,0.0517,15.4,21.1,11.8,NONE,True
SESS_2026092878,TRD_10328,INTERMEDIATE_1_2Y,291386,BANKNIFTY,30,3,2.8,2,True,-85864.98,1504.57,-87369.55,0.0172,46.9,2.3,48.3,SL_DRAG_FRICTION_WARNING,True
SESS_2026092879,TRD_10329,NOVICE_UNDER_6M,34671,NIFTY,37,9,2.8,3,True,-3918.64,2549.22,-6467.86,0.3941,60.4,3.0,70.7,SL_DRAG_FRICTION_WARNING,True
SESS_2026092880,TRD_10330,INTERMEDIATE_1_2Y,122158,FINNIFTY,17,3,2.57,2,True,-41070.92,978.33,-42049.25,0.0233,38.6,4.6,44.8,SL_DRAG_FRICTION_WARNING,True
SESS_2026092881,TRD_10331,EXPERIENCED_3Y_PLUS,363980,NIFTY,17,0,1.04,0,False,60064.01,1180.39,58883.62,0.0,13.8,32.7,14.3,NONE,True
SESS_2026092882,TRD_10332,EXPERIENCED_3Y_PLUS,471203,BANKNIFTY,10,0,0.96,0,False,43642.19,572.3,43069.89,0.0,6.8,14.0,11.6,NONE,True
SESS_2026092883,TRD_10333,NOVICE_UNDER_6M,61009,NIFTY,50,6,3.09,2,True,-10087.64,2915.86,-13003.5,0.2242,40.1,4.1,64.0,SL_DRAG_FRICTION_WARNING,True
SESS_2026092884,TRD_10334,NOVICE_UNDER_6M,53955,FINNIFTY,40,0,0.99,0,False,1921.82,1984.14,-62.32,0.508,12.5,28.8,9.9,NONE,True
SESS_2026092885,TRD_10335,INTERMEDIATE_1_2Y,161588,BANKNIFTY,53,1,1.21,0,False,-4663.55,3757.66,-8421.21,0.4462,11.5,31.6,20.3,NONE,True
SESS_2026092886,TRD_10336,NOVICE_UNDER_6M,43795,BANKNIFTY,30,6,2.31,2,False,-6449.59,1620.09,-8069.68,0.2008,30.5,3.7,45.1,SL_DRAG_FRICTION_WARNING,True
SESS_2026092887,TRD_10337,NOVICE_UNDER_6M,65635,NIFTY,21,0,1.03,0,False,3402.03,1104.84,2297.19,0.0,6.6,26.2,16.9,NONE,True
SESS_2026092888,TRD_10338,INTERMEDIATE_1_2Y,122436,NIFTY,33,0,1.02,0,False,246.74,1850.4,-1603.66,0.8823,6.8,34.4,16.3,NONE,True
SESS_2026092889,TRD_10339,EXPERIENCED_3Y_PLUS,436368,NIFTY,11,1,0.92,0,False,75136.25,725.04,74411.21,0.0,14.6,19.4,7.9,NONE,True
SESS_2026092890,TRD_10340,INTERMEDIATE_1_2Y,129749,BANKNIFTY,40,0,0.97,0,False,1306.71,2154.9,-848.19,0.6225,17.7,34.1,21.9,NONE,True
SESS_2026092891,TRD_10341,INTERMEDIATE_1_2Y,155753,NIFTY,44,1,1.0,0,False,-4909.99,2616.75,-7526.74,0.3477,9.4,22.0,20.1,NONE,True
SESS_2026092892,TRD_10342,NOVICE_UNDER_6M,35915,FINNIFTY,22,4,3.92,5,True,-12521.66,1253.6,-13775.26,0.091,35.3,4.3,69.1,SL_DRAG_FRICTION_WARNING,False
SESS_2026092893,TRD_10343,NOVICE_UNDER_6M,49579,SENSEX,56,0,1.16,0,False,-1503.8,3470.72,-4974.52,0.6977,7.0,27.6,24.6,NONE,True
SESS_2026092894,TRD_10344,ALGO_SEMI_AUTOMATED,1937517,NIFTY,88,1,1.1,0,False,-63108.81,4727.2,-67836.01,0.0697,9.6,17.8,24.5,NONE,True
SESS_2026092895,TRD_10345,NOVICE_UNDER_6M,30431,BANKNIFTY,30,4,4.16,4,True,-9027.04,2081.22,-11108.26,0.1874,49.8,3.8,71.2,SL_DRAG_FRICTION_WARNING,False
SESS_2026092896,TRD_10346,ALGO_SEMI_AUTOMATED,1503163,FINNIFTY,70,0,1.13,0,True,175103.36,4617.67,170485.69,0.0,14.2,20.6,23.5,0DTE_HERO_OR_ZERO_THETA_DECAY_WARNING,True
SESS_2026092897,TRD_10347,INTERMEDIATE_1_2Y,104848,SENSEX,32,3,2.56,2,True,-38373.1,1907.37,-40280.47,0.0474,64.9,3.5,44.5,SL_DRAG_FRICTION_WARNING,True
SESS_2026092898,TRD_10348,NOVICE_UNDER_6M,61030,MIDCPNIFTY,35,8,2.24,2,True,-11063.92,2173.42,-13237.34,0.1642,36.1,3.5,63.1,SL_DRAG_FRICTION_WARNING,True
SESS_2026092899,TRD_10349,ALGO_SEMI_AUTOMATED,2281384,NIFTY,63,0,1.05,0,False,246530.48,4345.45,242185.03,0.0,8.2,23.6,26.2,NONE,True
SESS_2026092900,TRD_10350,NOVICE_UNDER_6M,63426,NIFTY,47,1,1.11,0,False,2199.95,2733.04,-533.09,0.554,17.0,34.1,25.2,NONE,True
SESS_2026092901,TRD_10351,NOVICE_UNDER_6M,47859,SENSEX,29,0,1.11,0,False,4007.68,1680.55,2327.13,0.0,11.0,21.6,12.2,NONE,True
SESS_2026092902,TRD_10352,NOVICE_UNDER_6M,74532,NIFTY,56,0,1.04,0,False,-9343.41,3452.3,-12795.71,0.2698,10.7,21.4,20.1,NONE,True
SESS_2026092903,TRD_10353,NOVICE_UNDER_6M,44899,MIDCPNIFTY,54,4,3.02,5,True,-16483.93,2784.57,-19268.5,0.1445,38.0,3.9,70.9,SL_DRAG_FRICTION_WARNING,True
SESS_2026092904,TRD_10354,INTERMEDIATE_1_2Y,147224,BANKNIFTY,31,4,3.71,4,True,-22741.39,2008.59,-24749.98,0.0812,62.0,3.6,65.6,SL_DRAG_FRICTION_WARNING,True
SESS_2026092905,TRD_10355,NOVICE_UNDER_6M,47009,MIDCPNIFTY,47,6,3.15,1,True,-15414.46,2963.23,-18377.69,0.1612,71.5,2.3,61.4,SL_DRAG_FRICTION_WARNING,True
SESS_2026092906,TRD_10356,EXPERIENCED_3Y_PLUS,482661,NIFTY,17,0,0.98,0,False,-22370.08,911.9,-23281.98,0.0392,12.8,13.8,12.9,NONE,True
SESS_2026092907,TRD_10357,NOVICE_UNDER_6M,40551,NIFTY,38,0,0.97,0,False,-3556.27,2576.85,-6133.12,0.4202,17.7,29.3,15.6,NONE,True
SESS_2026092908,TRD_10358,NOVICE_UNDER_6M,62992,BANKNIFTY,26,0,1.16,0,False,-8580.31,1739.78,-10320.09,0.1686,10.2,30.7,14.9,NONE,True
SESS_2026092909,TRD_10359,EXPERIENCED_3Y_PLUS,471181,BANKNIFTY,14,0,1.05,0,False,26301.03,847.0,25454.03,0.0,13.4,18.7,11.3,NONE,True
SESS_2026092910,TRD_10360,EXPERIENCED_3Y_PLUS,990592,BANKNIFTY,3,0,1.16,0,False,-7177.49,145.33,-7322.82,0.0198,8.6,29.1,8.9,NONE,True
SESS_2026092911,TRD_10361,INTERMEDIATE_1_2Y,168725,BANKNIFTY,35,7,3.11,3,True,-46017.76,2027.05,-48044.81,0.0422,59.2,3.1,65.0,SL_DRAG_FRICTION_WARNING,True
SESS_2026092912,TRD_10362,NOVICE_UNDER_6M,48081,NIFTY,47,4,4.63,1,False,-9040.02,2627.69,-11667.71,0.2252,67.8,5.4,57.3,SL_DRAG_FRICTION_WARNING,True
SESS_2026092913,TRD_10363,INTERMEDIATE_1_2Y,87540,NIFTY,23,0,1.11,0,True,-8047.62,1371.4,-9419.02,0.1456,17.2,23.6,15.4,0DTE_HERO_OR_ZERO_THETA_DECAY_WARNING,False
SESS_2026092914,TRD_10364,NOVICE_UNDER_6M,60000,BANKNIFTY,24,5,2.81,3,False,-22061.5,1293.85,-23355.35,0.0554,40.2,2.9,47.3,SL_DRAG_FRICTION_WARNING,True
SESS_2026092915,TRD_10365,ALGO_SEMI_AUTOMATED,1199851,BANKNIFTY,27,1,1.08,0,False,182050.82,1316.0,180734.82,0.0,14.0,25.8,20.3,NONE,True
SESS_2026092916,TRD_10366,EXPERIENCED_3Y_PLUS,496170,BANKNIFTY,13,0,1.1,0,True,24269.17,663.36,23605.81,0.0,8.4,28.3,12.7,0DTE_HERO_OR_ZERO_THETA_DECAY_WARNING,True
SESS_2026092917,TRD_10367,INTERMEDIATE_1_2Y,155480,BANKNIFTY,15,0,1.15,0,False,-2881.24,883.72,-3764.96,0.2347,14.8,13.3,5.0,NONE,True
SESS_2026092918,TRD_10368,EXPERIENCED_3Y_PLUS,354981,BANKNIFTY,22,8,3.14,1,False,-76027.58,1320.26,-77347.84,0.0171,56.1,6.0,55.5,SL_DRAG_FRICTION_WARNING,False
SESS_2026092919,TRD_10369,INTERMEDIATE_1_2Y,120694,BANKNIFTY,28,2,3.71,2,True,-35351.93,1403.98,-36755.91,0.0382,48.3,4.5,57.7,MARTINGALE_LOT_SIZE_OVERRIDE_ALERT,True
SESS_2026092920,TRD_10370,NOVICE_UNDER_6M,31284,NIFTY,53,8,2.59,4,True,-5636.0,2682.04,-8318.04,0.3224,31.7,6.7,73.5,SL_DRAG_FRICTION_WARNING,True
SESS_2026092921,TRD_10371,NOVICE_UNDER_6M,67786,NIFTY,42,8,2.57,2,False,-13529.73,2766.64,-16296.37,0.1698,54.0,3.5,57.2,SL_DRAG_FRICTION_WARNING,True
SESS_2026092922,TRD_10372,EXPERIENCED_3Y_PLUS,1070915,NIFTY,15,1,1.17,0,True,5368.89,877.29,4491.6,0.0,16.6,33.1,19.0,0DTE_HERO_OR_ZERO_THETA_DECAY_WARNING,False
SESS_2026092923,TRD_10373,NOVICE_UNDER_6M,64231,BANKNIFTY,14,0,1.11,0,False,76.53,719.59,-643.06,0.9039,14.6,29.1,10.8,NONE,True
SESS_2026092924,TRD_10374,NOVICE_UNDER_6M,37675,BANKNIFTY,44,0,1.23,0,False,-4687.13,2235.58,-6922.71,0.3229,15.1,20.8,19.9,NONE,True
SESS_2026092925,TRD_10375,NOVICE_UNDER_6M,52394,FINNIFTY,14,6,3.01,2,True,-3561.74,819.28,-4381.02,0.187,51.6,4.7,53.1,SL_DRAG_FRICTION_WARNING,True
SESS_2026092926,TRD_10376,EXPERIENCED_3Y_PLUS,433545,SENSEX,26,0,1.07,0,False,23286.35,1608.57,21677.78,0.0,17.3,15.6,7.9,NONE,True
SESS_2026092927,TRD_10377,NOVICE_UNDER_6M,45360,SENSEX,25,2,3.57,2,False,-11982.99,1452.32,-13435.31,0.1081,50.2,6.9,49.3,MARTINGALE_LOT_SIZE_OVERRIDE_ALERT,True
SESS_2026092928,TRD_10378,NOVICE_UNDER_6M,52527,NIFTY,38,0,1.03,0,False,4441.62,2000.73,2440.89,0.0,11.9,18.6,13.4,NONE,True
SESS_2026092929,TRD_10379,NOVICE_UNDER_6M,41828,BANKNIFTY,31,6,2.38,2,True,-11406.15,2222.87,-13629.02,0.1631,54.5,5.7,56.6,SL_DRAG_FRICTION_WARNING,False
SESS_2026092930,TRD_10380,INTERMEDIATE_1_2Y,195443,BANKNIFTY,27,0,1.13,0,False,-19556.19,1400.22,-20956.41,0.0668,12.0,24.3,15.0,NONE,True
SESS_2026092931,TRD_10381,NOVICE_UNDER_6M,71752,BANKNIFTY,49,9,2.56,2,True,-28354.97,2737.47,-31092.44,0.088,50.4,2.2,69.2,SL_DRAG_FRICTION_WARNING,True
SESS_2026092932,TRD_10382,INTERMEDIATE_1_2Y,67225,BANKNIFTY,14,3,2.99,3,False,-8430.92,897.63,-9328.55,0.0962,25.6,2.1,54.7,SL_DRAG_FRICTION_WARNING,True
SESS_2026092933,TRD_10383,INTERMEDIATE_1_2Y,167831,NIFTY,48,5,3.82,2,True,-43252.62,2963.47,-46216.09,0.0641,49.8,3.2,64.6,SL_DRAG_FRICTION_WARNING,False
SESS_2026092934,TRD_10384,EXPERIENCED_3Y_PLUS,812319,BANKNIFTY,6,0,0.99,0,False,-1670.35,363.41,-2033.76,0.1787,9.8,25.2,9.9,NONE,True
SESS_2026092935,TRD_10385,NOVICE_UNDER_6M,24461,NIFTY,27,0,1.1,0,False,-2178.32,1881.14,-4059.46,0.4634,10.3,13.6,16.3,NONE,True
SESS_2026092936,TRD_10386,INTERMEDIATE_1_2Y,195983,SENSEX,19,5,3.8,3,True,-62871.38,1169.51,-64040.89,0.0183,53.9,2.3,59.7,SL_DRAG_FRICTION_WARNING,True
SESS_2026092937,TRD_10387,NOVICE_UNDER_6M,56130,NIFTY,25,0,1.07,0,False,-1166.73,1458.12,-2624.85,0.5555,14.2,34.7,9.8,NONE,True
SESS_2026092938,TRD_10388,EXPERIENCED_3Y_PLUS,1409821,BANKNIFTY,13,7,3.44,2,False,-153525.42,720.64,-154246.06,0.0047,28.6,3.0,52.1,SL_DRAG_FRICTION_WARNING,False
SESS_2026092939,TRD_10389,NOVICE_UNDER_6M,46650,BANKNIFTY,25,4,3.68,1,True,-15313.57,1653.74,-16967.31,0.0975,50.5,4.0,48.4,SL_DRAG_FRICTION_WARNING,True
SESS_2026092940,TRD_10390,NOVICE_UNDER_6M,52262,BANKNIFTY,54,0,0.98,0,False,-7120.06,2750.64,-9870.7,0.2787,8.9,15.8,24.5,NONE,True
SESS_2026092941,TRD_10391,NOVICE_UNDER_6M,49290,MIDCPNIFTY,20,8,2.39,2,True,-12654.48,1177.11,-13831.59,0.0851,42.1,6.1,54.9,SL_DRAG_FRICTION_WARNING,True
SESS_2026092942,TRD_10392,INTERMEDIATE_1_2Y,103558,BANKNIFTY,35,0,1.13,0,False,14041.89,2512.42,11529.47,0.0,6.7,15.6,15.1,NONE,True
SESS_2026092943,TRD_10393,INTERMEDIATE_1_2Y,76522,FINNIFTY,28,0,1.0,0,False,-964.86,1700.07,-2664.93,0.6379,8.5,12.3,17.4,NONE,True
SESS_2026092944,TRD_10394,EXPERIENCED_3Y_PLUS,407841,BANKNIFTY,25,7,3.26,4,True,-152198.19,1754.06,-153952.25,0.0114,42.1,6.4,70.2,SL_DRAG_FRICTION_WARNING,True
SESS_2026092945,TRD_10395,INTERMEDIATE_1_2Y,123846,BANKNIFTY,23,0,1.01,0,False,5431.76,1640.85,3790.91,0.0,15.2,20.2,19.4,NONE,True
SESS_2026092946,TRD_10396,INTERMEDIATE_1_2Y,129783,NIFTY,40,0,1.25,0,False,15768.12,2470.51,13297.61,0.0,14.6,27.1,20.4,NONE,True
SESS_2026092947,TRD_10397,INTERMEDIATE_1_2Y,168129,NIFTY,49,0,1.15,0,False,10344.98,2991.09,7353.89,0.0,11.2,32.5,20.8,NONE,True
SESS_2026092948,TRD_10398,EXPERIENCED_3Y_PLUS,576752,NIFTY,12,1,1.05,0,True,29864.64,819.77,29044.87,0.0,10.4,27.2,8.7,0DTE_HERO_OR_ZERO_THETA_DECAY_WARNING,True
SESS_2026092949,TRD_10399,ALGO_SEMI_AUTOMATED,1506019,BANKNIFTY,53,0,1.0,0,False,-49437.25,3756.31,-53193.56,0.0706,6.7,29.5,18.4,NONE,True
SESS_2026092950,TRD_10400,INTERMEDIATE_1_2Y,82924,BANKNIFTY,47,7,3.04,2,True,-27550.76,2595.14,-30145.9,0.0861,35.3,4.7,68.8,SL_DRAG_FRICTION_WARNING,True
SESS_2026092951,TRD_10401,NOVICE_UNDER_6M,41943,NIFTY,16,8,4.15,3,False,-10803.9,973.6,-11777.5,0.0827,71.9,5.2,67.5,SL_DRAG_FRICTION_WARNING,True
SESS_2026092952,TRD_10402,NOVICE_UNDER_6M,52498,BANKNIFTY,50,0,1.05,0,False,-1086.92,2592.85,-3679.77,0.7046,14.0,29.2,23.6,NONE,True
SESS_2026092953,TRD_10403,NOVICE_UNDER_6M,52198,SENSEX,38,7,3.27,3,True,-12641.94,2014.72,-14656.66,0.1375,69.6,3.1,68.1,SL_DRAG_FRICTION_WARNING,True
SESS_2026092954,TRD_10404,NOVICE_UNDER_6M,52945,NIFTY,27,1,1.13,0,False,8230.93,1418.61,6812.32,0.0,11.0,14.2,20.6,NONE,True
SESS_2026092955,TRD_10405,NOVICE_UNDER_6M,36379,FINNIFTY,38,8,3.71,1,False,-7039.05,2614.74,-9653.79,0.2709,36.1,4.6,63.8,SL_DRAG_FRICTION_WARNING,True
SESS_2026092956,TRD_10406,INTERMEDIATE_1_2Y,250076,BANKNIFTY,18,6,4.13,1,True,-93281.55,1096.92,-94378.47,0.0116,38.7,3.8,60.6,SL_DRAG_FRICTION_WARNING,True
SESS_2026092957,TRD_10407,INTERMEDIATE_1_2Y,276853,NIFTY,20,2,4.21,2,True,-64904.24,1166.92,-66071.16,0.0177,35.2,6.6,58.2,MARTINGALE_LOT_SIZE_OVERRIDE_ALERT,True
SESS_2026092958,TRD_10408,ALGO_SEMI_AUTOMATED,1777224,BANKNIFTY,105,10,3.44,3,False,-280886.54,6309.44,-287195.98,0.022,43.0,2.5,77.9,MANDATORY_COOLOFF_15MIN_LOCKOUT,True
SESS_2026092959,TRD_10409,NOVICE_UNDER_6M,34887,BANKNIFTY,46,6,2.68,2,False,-7314.56,2537.05,-9851.61,0.2575,40.7,3.5,50.3,SL_DRAG_FRICTION_WARNING,True
SESS_2026092960,TRD_10410,NOVICE_UNDER_6M,54289,MIDCPNIFTY,36,0,0.99,0,False,-3411.38,2244.66,-5656.04,0.3969,16.2,24.5,14.2,NONE,True
SESS_2026092961,TRD_10411,NOVICE_UNDER_6M,46538,BANKNIFTY,55,4,3.13,2,False,-11274.26,3622.37,-14896.63,0.2432,39.7,2.2,53.3,SL_DRAG_FRICTION_WARNING,False
SESS_2026092962,TRD_10412,NOVICE_UNDER_6M,35112,BANKNIFTY,48,4,4.21,2,True,-4843.29,2879.55,-7722.84,0.3729,66.3,3.4,62.0,SL_DRAG_FRICTION_WARNING,True
SESS_2026092963,TRD_10413,INTERMEDIATE_1_2Y,340675,BANKNIFTY,20,0,1.17,0,False,14461.35,1291.04,13170.31,0.0,8.7,14.2,11.1,NONE,True
SESS_2026092964,TRD_10414,INTERMEDIATE_1_2Y,144537,SENSEX,20,4,3.8,1,True,-41428.71,961.28,-42389.99,0.0227,66.9,3.5,49.1,SL_DRAG_FRICTION_WARNING,False
SESS_2026092965,TRD_10415,NOVICE_UNDER_6M,62462,NIFTY,30,6,2.38,4,True,-22756.0,1715.51,-24471.51,0.0701,50.6,4.6,61.3,SL_DRAG_FRICTION_WARNING,False
SESS_2026092966,TRD_10416,NOVICE_UNDER_6M,44937,MIDCPNIFTY,15,0,0.99,0,False,-5506.21,757.41,-6263.62,0.1209,6.1,21.6,10.3,NONE,True
SESS_2026092967,TRD_10417,NOVICE_UNDER_6M,37288,BANKNIFTY,51,1,1.19,0,True,-4399.08,2923.97,-7323.05,0.3993,9.7,13.7,33.7,0DTE_HERO_OR_ZERO_THETA_DECAY_WARNING,True
SESS_2026092968,TRD_10418,INTERMEDIATE_1_2Y,172686,NIFTY,22,0,1.17,0,True,15389.2,1537.1,13852.1,0.0,6.9,20.0,17.6,0DTE_HERO_OR_ZERO_THETA_DECAY_WARNING,False
SESS_2026092969,TRD_10419,NOVICE_UNDER_6M,50028,NIFTY,29,0,1.05,0,False,-404.0,1511.39,-1915.39,0.7891,13.7,12.4,22.0,NONE,True
SESS_2026092970,TRD_10420,NOVICE_UNDER_6M,48112,NIFTY,13,7,4.77,3,False,-17169.44,792.76,-17962.2,0.0441,67.0,4.2,69.4,SL_DRAG_FRICTION_WARNING,True
SESS_2026092971,TRD_10421,NOVICE_UNDER_6M,33531,SENSEX,47,6,2.99,2,False,-4872.94,3039.96,-7912.9,0.3842,33.5,6.6,60.1,SL_DRAG_FRICTION_WARNING,True
SESS_2026092972,TRD_10422,ALGO_SEMI_AUTOMATED,1957390,NIFTY,50,8,3.32,3,True,-751350.45,3103.81,-754454.26,0.0041,42.8,5.3,79.0,MANDATORY_COOLOFF_15MIN_LOCKOUT,True
SESS_2026092973,TRD_10423,NOVICE_UNDER_6M,45722,NIFTY,31,10,2.64,3,True,-8136.27,1843.06,-9979.33,0.1847,73.2,6.3,71.2,SL_DRAG_FRICTION_WARNING,True
SESS_2026092974,TRD_10424,INTERMEDIATE_1_2Y,209143,SENSEX,21,0,1.0,0,False,27481.65,1386.2,26095.45,0.0,8.9,17.7,8.4,NONE,True
SESS_2026092975,TRD_10425,NOVICE_UNDER_6M,35892,NIFTY,26,4,4.61,3,True,-4561.71,1840.06,-6401.77,0.2874,39.1,2.2,73.1,SL_DRAG_FRICTION_WARNING,False
SESS_2026092976,TRD_10426,INTERMEDIATE_1_2Y,244858,BANKNIFTY,27,0,0.99,0,False,2449.58,1526.92,922.66,0.0,9.2,31.4,11.4,NONE,True
SESS_2026092977,TRD_10427,NOVICE_UNDER_6M,74451,BANKNIFTY,36,0,1.01,0,False,2067.03,2173.26,-106.23,0.5125,8.9,14.9,15.7,NONE,True
SESS_2026092978,TRD_10428,NOVICE_UNDER_6M,60137,NIFTY,29,8,4.4,2,True,-9352.31,1474.07,-10826.38,0.1362,30.3,4.9,74.8,SL_DRAG_FRICTION_WARNING,True
SESS_2026092979,TRD_10429,INTERMEDIATE_1_2Y,96906,SENSEX,31,0,1.0,0,False,-9160.55,1580.91,-10741.46,0.1472,8.8,14.5,16.5,NONE,True
SESS_2026092980,TRD_10430,NOVICE_UNDER_6M,68742,FINNIFTY,53,4,2.87,2,True,-7521.94,3047.87,-10569.81,0.2884,50.2,3.4,56.5,SL_DRAG_FRICTION_WARNING,True
SESS_2026092981,TRD_10431,NOVICE_UNDER_6M,40991,SENSEX,27,5,1.95,1,True,-6172.83,1811.11,-7983.94,0.2268,61.5,5.8,39.3,SL_DRAG_FRICTION_WARNING,True
SESS_2026092982,TRD_10432,INTERMEDIATE_1_2Y,105745,SENSEX,29,0,1.04,0,False,8174.14,1484.4,6689.74,0.0,12.0,15.5,6.3,NONE,True
SESS_2026092983,TRD_10433,EXPERIENCED_3Y_PLUS,801927,NIFTY,4,0,1.14,0,True,46440.26,223.55,46216.71,0.0,6.2,21.1,12.2,0DTE_HERO_OR_ZERO_THETA_DECAY_WARNING,False
SESS_2026092984,TRD_10434,EXPERIENCED_3Y_PLUS,597507,SENSEX,19,0,1.22,0,False,-8609.17,1094.57,-9703.74,0.1128,8.6,29.0,9.4,NONE,True
SESS_2026092985,TRD_10435,INTERMEDIATE_1_2Y,106025,NIFTY,41,0,1.02,0,False,7852.67,2899.66,4953.01,0.0,16.6,15.6,16.8,NONE,True
SESS_2026092986,TRD_10436,EXPERIENCED_3Y_PLUS,499523,SENSEX,18,10,3.83,2,True,-75549.05,882.04,-76431.09,0.0115,31.8,5.5,65.7,SL_DRAG_FRICTION_WARNING,True
SESS_2026092987,TRD_10437,NOVICE_UNDER_6M,51020,FINNIFTY,37,4,3.7,1,True,-7942.68,2046.47,-9989.15,0.2049,56.0,5.0,47.0,SL_DRAG_FRICTION_WARNING,False
SESS_2026092988,TRD_10438,NOVICE_UNDER_6M,40211,NIFTY,34,1,1.17,0,True,-4369.03,2434.07,-6803.1,0.3578,15.1,33.9,22.9,0DTE_HERO_OR_ZERO_THETA_DECAY_WARNING,True
SESS_2026092989,TRD_10439,INTERMEDIATE_1_2Y,239450,BANKNIFTY,24,1,1.22,0,False,-27140.46,1267.53,-28407.99,0.0446,10.6,29.9,17.4,NONE,True
SESS_2026092990,TRD_10440,INTERMEDIATE_1_2Y,203080,NIFTY,10,1,1.07,0,False,366.63,659.0,-292.37,0.6425,13.0,33.2,12.0,NONE,True
SESS_2026092991,TRD_10441,ALGO_SEMI_AUTOMATED,1789598,NIFTY,122,0,1.19,0,True,119165.69,8484.88,110680.81,0.0,16.3,33.0,30.0,0DTE_HERO_OR_ZERO_THETA_DECAY_WARNING,True
SESS_2026092992,TRD_10442,NOVICE_UNDER_6M,59150,NIFTY,33,3,3.73,5,True,-14415.01,1767.43,-16182.44,0.1092,30.0,3.6,67.0,SL_DRAG_FRICTION_WARNING,True
SESS_2026092993,TRD_10443,INTERMEDIATE_1_2Y,124599,FINNIFTY,42,1,1.04,0,False,8446.23,2715.79,5730.44,0.0,17.3,20.9,26.2,NONE,True
SESS_2026092994,TRD_10444,INTERMEDIATE_1_2Y,173636,SENSEX,13,0,0.98,0,False,804.17,738.51,65.66,0.0,12.7,26.8,8.5,NONE,True
SESS_2026092995,TRD_10445,NOVICE_UNDER_6M,70309,BANKNIFTY,38,1,0.93,0,False,2396.18,2334.96,61.22,0.0,7.2,28.0,16.3,NONE,True
SESS_2026092996,TRD_10446,INTERMEDIATE_1_2Y,135749,BANKNIFTY,23,0,0.95,0,False,-7687.9,1396.35,-9084.25,0.1537,8.6,32.7,10.0,NONE,True
SESS_2026092997,TRD_10447,NOVICE_UNDER_6M,47403,BANKNIFTY,35,7,4.02,2,True,-13385.28,1684.01,-15069.29,0.1118,67.4,3.4,72.0,SL_DRAG_FRICTION_WARNING,True
SESS_2026092998,TRD_10448,INTERMEDIATE_1_2Y,125833,SENSEX,38,3,2.83,4,True,-21838.97,2229.41,-24068.38,0.0926,61.3,3.6,65.8,SL_DRAG_FRICTION_WARNING,True
SESS_2026092999,TRD_10449,INTERMEDIATE_1_2Y,168781,NIFTY,17,0,1.13,0,False,-7240.62,1221.91,-8462.53,0.1444,11.4,16.7,12.0,NONE,True
